Credora;Devedora;Referencia;Trafego;POI;Rel;DESC;GH;Chamadas;Minutos;Tarifa;R$_Liq;PIS_Cofins;ICMS;R$_Bruto;CN_RELACIONAMENTO;CBS;IBS_Municipal;IBS_Estadual;EOT_Ponta;Corredor
048;200;202603;202602;1FHICTFB;00;NSNI;D;000000000039;000000000043,1;0,00671;0000000000000,29;0000000000000,01;0000000000000,00;0000000000000,30;;0000000000000,00;0000000000000,00;0000000000000,00;000000000000000;262
048;200;202603;202602;1FHICTFB;00;NSNI;D;000000000417;000000005049,5;0,00671;0000000000033,88;0000000000001,28;0000000000000,00;0000000000035,16;;0000000000000,30;0000000000000,00;0000000000000,00;000000000000003;674
048;200;202603;202602;1FHICTFB;00;NSNI;D;000000000010;000000000029,5;0,00671;0000000000000,20;0000000000000,01;0000000000000,00;0000000000000,21;;0000000000000,00;0000000000000,00;0000000000000,00;000000000000000;960
048;200;202603;202602;1FHICTFB;00;NSNI;D;000000000001;000000000001,8;0,00752;0000000000000,01;0000000000000,00;0000000000000,00;0000000000000,01;;0000000000000,00;0000000000000,00;0000000000000,00;000000000000000;062
048;200;202603;202602;1FHICTFB;00;NSNI;D;000000000117;000000000181,4;0,00752;0000000000001,36;0000000000000,05;0000000000000,00;0000000000001,41;;0000000000000,01;0000000000000,00;0000000000000,00;000000000000000;262
048;200;202603;202602;1FHICTFB;00;NSNI;D;000000002241;000000017042,5;0,00752;0000000000128,16;0000000000004,86;0000000000000,00;0000000000133,02;;0000000000001,15;0000000000000,00;0000000000000,00;000000000000013;674
048;200;202603;202602;1FHICTFB;00;NSNI;D;000000000026;000000000085,8;0,00752;0000000000000,65;0000000000000,02;0000000000000,00;0000000000000,67;;0000000000000,01;0000000000000,00;0000000000000,00;000000000000000;960
048;200;202603;202602;1FHICTFB;00;NSNI;N;000000000009;000000000007,4;0,00671;0000000000000,05;0000000000000,00;0000000000000,00;0000000000000,05;;0000000000000,00;0000000000000,00;0000000000000,00;000000000000000;262
048;200;202603;202602;1FHICTFB;00;NSNI;N;000000000157;000000000875,9;0,00671;0000000000005,88;0000000000000,22;0000000000000,00;0000000000006,10;;0000000000000,05;0000000000000,00;0000000000000,00;000000000000001;674
048;200;202603;202602;1FHICTFB;00;NSNI;N;000000000003;000000000010,9;0,00671;0000000000000,07;0000000000000,00;0000000000000,00;0000000000000,07;;0000000000000,00;0000000000000,00;0000000000000,00;000000000000000;960
048;200;202603;202602;1FHICTFB;00;NSNI;N;000000000051;000000000050,4;0,00752;0000000000000,38;0000000000000,01;0000000000000,00;0000000000000,39;;0000000000000,00;0000000000000,00;0000000000000,00;000000000000000;262
048;200;202603;202602;1FHICTFB;00;NSNI;N;000000000746;000000003367,0;0,00752;0000000000025,32;0000000000000,96;0000000000000,00;0000000000026,28;;0000000000000,23;0000000000000,00;0000000000000,00;000000000000003;674
048;200;202603;202602;1FHICTFB;00;NSNI;N;000000000010;000000000025,6;0,00752;0000000000000,19;0000000000000,01;0000000000000,00;0000000000000,20;;0000000000000,00;0000000000000,00;0000000000000,00;000000000000000;960
048;200;202603;202602;1FHICTFB;00;NSNI;R;000000000005;000000000028,5;0,00671;0000000000000,19;0000000000000,01;0000000000000,00;0000000000000,20;;0000000000000,00;0000000000000,00;0000000000000,00;000000000000000;674
048;200;202603;202602;1FHICTFB;00;NSNI;R;000000000004;000000000002,5;0,00752;0000000000000,02;0000000000000,00;0000000000000,00;0000000000000,02;;0000000000000,00;0000000000000,00;0000000000000,00;000000000000000;262
048;200;202603;202602;1FHICTFB;00;NSNI;R;000000000067;000000000177,2;0,00752;0000000000001,33;0000000000000,05;0000000000000,00;0000000000001,38;;0000000000000,01;0000000000000,00;0000000000000,00;000000000000000;674
048;200;202603;202602;1FHICTFB;00;NSNI;S;000000000005;000000000003,5;0,00671;0000000000000,02;0000000000000,00;0000000000000,00;0000000000000,02;;0000000000000,00;0000000000000,00;0000000000000,00;000000000000000;674
048;200;202603;202602;1FHICTFB;00;NSNI;S;000000000003;000000000005,5;0,00752;0000000000000,04;0000000000000,00;0000000000000,00;0000000000000,04;;0000000000000,00;0000000000000,00;0000000000000,00;000000000000000;674
143;200;202603;202602;3FJICTEB;00;NSNL;N;000000000038;000000000024,4;0,00604;0000000000000,15;0000000000000,01;0000000000000,00;0000000000000,16;;0000000000000,00;0000000000000,00;0000000000000,00;000000000000000;143
143;200;202603;202602;3FJICTEB;00;NSNL;N;000000000010;000000000005,0;0,0061;0000000000000,03;0000000000000,00;0000000000000,00;0000000000000,03;;0000000000000,00;0000000000000,00;0000000000000,00;000000000000000;143
143;200;202603;202602;3FJICTEB;00;NSNL;R;000000000002;000000000001,0;0,00422;0000000000000,00;0000000000000,00;0000000000000,00;0000000000000,00;;0000000000000,00;0000000000000,00;0000000000000,00;000000000000000;143
143;200;202603;202602;3FJICTFB;00;NSNL;N;000000000037;000000000023,1;0,00604;0000000000000,14;0000000000000,01;0000000000000,00;0000000000000,15;;0000000000000,00;0000000000000,00;0000000000000,00;000000000000000;143
143;200;202603;202602;3FJICTFB;00;NSNL;N;000000000008;000000000004,6;0,0061;0000000000000,03;0000000000000,00;0000000000000,00;0000000000000,03;;0000000000000,00;0000000000000,00;0000000000000,00;000000000000000;143
143;200;202603;202602;3FJICTFB;00;NSNL;R;000000000002;000000000001,0;0,00422;0000000000000,00;0000000000000,00;0000000000000,00;0000000000000,00;;0000000000000,00;0000000000000,00;0000000000000,00;000000000000000;143
143;200;202603;202602;4FVICTGB;00;NSNL;N;000000000023;000000000012,9;0,00604;0000000000000,08;0000000000000,00;0000000000000,00;0000000000000,08;;0000000000000,00;0000000000000,00;0000000000000,00;000000000000000;143
143;200;202603;202602;4FVICTGB;00;NSNL;N;000000000009;000000000005,2;0,0061;0000000000000,03;0000000000000,00;0000000000000,00;0000000000000,03;;0000000000000,00;0000000000000,00;0000000000000,00;000000000000000;143
143;200;202603;202602;4FVICTGB;00;NSNL;R;000000000002;000000000001,0;0,00422;0000000000000,00;0000000000000,00;0000000000000,00;0000000000000,00;;0000000000000,00;0000000000000,00;0000000000000,00;000000000000000;143
317;200;202603;202602;3OIF103O;00;NSNL;N;000000001783;000000005346,1;0,00598;0000000000031,97;0000000000001,21;0000000000000,00;0000000000033,18;;0000000000000,29;0000000000000,00;0000000000000,00;000000000000003;317
317;200;202603;202602;3OIF103O;00;NSNL;N;000000000324;000000001067,7;0,00605;0000000000006,46;0000000000000,24;0000000000000,00;0000000000006,70;;0000000000000,06;0000000000000,00;0000000000000,00;000000000000001;317
317;200;202603;202602;3OIF103O;00;NSNL;R;000000000028;000000000058,0;0,00418;0000000000000,24;0000000000000,01;0000000000000,00;0000000000000,25;;0000000000000,00;0000000000000,00;0000000000000,00;000000000000000;317
317;200;202603;202602;3OIF103O;00;NSNL;R;000000000005;000000000043,8;0,00423;0000000000000,19;0000000000000,01;0000000000000,00;0000000000000,20;;0000000000000,00;0000000000000,00;0000000000000,00;000000000000000;317
317;200;202603;202602;3OIF105O;00;NSNL;N;000000001800;000000005908,1;0,00598;0000000000035,33;0000000000001,34;0000000000000,00;0000000000036,67;;0000000000000,32;0000000000000,00;0000000000000,00;000000000000004;317
317;200;202603;202602;3OIF105O;00;NSNL;N;000000000346;000000001271,3;0,00605;0000000000007,69;0000000000000,29;0000000000000,00;0000000000007,98;;0000000000000,07;0000000000000,00;0000000000000,00;000000000000001;317
317;200;202603;202602;3OIF105O;00;NSNL;R;000000000033;000000000063,0;0,00418;0000000000000,26;0000000000000,01;0000000000000,00;0000000000000,27;;0000000000000,00;0000000000000,00;0000000000000,00;000000000000000;317
317;200;202603;202602;3OIF105O;00;NSNL;R;000000000005;000000000003,2;0,00423;0000000000000,01;0000000000000,00;0000000000000,00;0000000000000,01;;0000000000000,00;0000000000000,00;0000000000000,00;000000000000000;317
317;200;202603;202602;8OIF103O;00;NSNL;N;000000001796;000000005422,4;0,00598;0000000000032,43;0000000000001,23;0000000000000,00;0000000000033,66;;0000000000000,29;0000000000000,00;0000000000000,00;000000000000003;317
317;200;202603;202602;8OIF103O;00;NSNL;N;000000000356;000000001112,0;0,00605;0000000000006,73;0000000000000,25;0000000000000,00;0000000000006,98;;0000000000000,06;0000000000000,00;0000000000000,00;000000000000001;317
317;200;202603;202602;8OIF103O;00;NSNL;R;000000000031;000000000042,1;0,00418;0000000000000,18;0000000000000,01;0000000000000,00;0000000000000,19;;0000000000000,00;0000000000000,00;0000000000000,00;000000000000000;317
317;200;202603;202602;8OIF103O;00;NSNL;R;000000000008;000000000035,6;0,00423;0000000000000,15;0000000000000,01;0000000000000,00;0000000000000,16;;0000000000000,00;0000000000000,00;0000000000000,00;000000000000000;317
317;200;202603;202602;8OIF105O;00;NSNL;N;000000001870;000000006011,9;0,00598;0000000000035,95;0000000000001,36;0000000000000,00;0000000000037,31;;0000000000000,32;0000000000000,00;0000000000000,00;000000000000004;317
317;200;202603;202602;8OIF105O;00;NSNL;N;000000000320;000000000971,7;0,00605;0000000000005,88;0000000000000,22;0000000000000,00;0000000000006,10;;0000000000000,05;0000000000000,00;0000000000000,00;000000000000001;317
317;200;202603;202602;8OIF105O;00;NSNL;R;000000000031;000000000036,9;0,00418;0000000000000,15;0000000000000,01;0000000000000,00;0000000000000,16;;0000000000000,00;0000000000000,00;0000000000000,00;000000000000000;317
317;200;202603;202602;8OIF105O;00;NSNL;R;000000000005;000000000031,1;0,00423;0000000000000,13;0000000000000,00;0000000000000,00;0000000000000,13;;0000000000000,00;0000000000000,00;0000000000000,00;000000000000000;317
319;200;202603;202602;6OIF080O;00;NSNL;N;000000000004;000000000007,7;0,00598;0000000000000,05;0000000000000,00;0000000000000,00;0000000000000,05;;0000000000000,00;0000000000000,00;0000000000000,00;000000000000000;319
361;200;202603;202602;4OIF077O;00;NSNL;N;000000000318;000000001129,7;0,00602;0000000000006,80;0000000000000,26;0000000000000,00;0000000000007,06;;0000000000000,06;0000000000000,00;0000000000000,00;000000000000001;361
361;200;202603;202602;4OIF077O;00;NSNL;N;000000000068;000000000186,6;0,00608;0000000000001,13;0000000000000,04;0000000000000,00;0000000000001,17;;0000000000000,01;0000000000000,00;0000000000000,00;000000000000000;361
361;200;202603;202602;4OIF077O;00;NSNL;R;000000000093;000000000336,2;0,00421;0000000000001,42;0000000000000,05;0000000000000,00;0000000000001,47;;0000000000000,01;0000000000000,00;0000000000000,00;000000000000000;361
361;200;202603;202602;4OIF077O;00;NSNL;R;000000000012;000000000031,2;0,00425;0000000000000,13;0000000000000,01;0000000000000,00;0000000000000,14;;0000000000000,00;0000000000000,00;0000000000000,00;000000000000000;361
361;200;202603;202602;4OIF085O;00;NSNL;N;000000000128;000000000530,4;0,00602;0000000000003,19;0000000000000,12;0000000000000,00;0000000000003,31;;0000000000000,03;0000000000000,00;0000000000000,00;000000000000000;361
361;200;202603;202602;4OIF085O;00;NSNL;N;000000000020;000000000054,3;0,00608;0000000000000,33;0000000000000,01;0000000000000,00;0000000000000,34;;0000000000000,00;0000000000000,00;0000000000000,00;000000000000000;361
361;200;202603;202602;4OIF085O;00;NSNL;R;000000000001;000000000001,2;0,00425;0000000000000,01;0000000000000,00;0000000000000,00;0000000000000,01;;0000000000000,00;0000000000000,00;0000000000000,00;000000000000000;361
431;200;202603;202602;4OIF093O;00;NSNL;N;000000000172;000000000471,0;0,00602;0000000000002,84;0000000000000,11;0000000000000,00;0000000000002,95;;0000000000000,03;0000000000000,00;0000000000000,00;000000000000000;431
431;200;202603;202602;4OIF093O;00;NSNL;N;000000000039;000000000091,1;0,00608;0000000000000,55;0000000000000,02;0000000000000,00;0000000000000,57;;0000000000000,00;0000000000000,00;0000000000000,00;000000000000000;431
431;200;202603;202602;4OIF099O;00;NSNL;N;000000000117;000000000301,2;0,00602;0000000000001,81;0000000000000,07;0000000000000,00;0000000000001,88;;0000000000000,02;0000000000000,00;0000000000000,00;000000000000000;431
431;200;202603;202602;4OIF099O;00;NSNL;N;000000000024;000000000056,9;0,00608;0000000000000,35;0000000000000,01;0000000000000,00;0000000000000,36;;0000000000000,00;0000000000000,00;0000000000000,00;000000000000000;431
431;200;202603;202602;4OIF099O;00;NSNL;R;000000000003;000000000005,5;0,00421;0000000000000,02;0000000000000,00;0000000000000,00;0000000000000,02;;0000000000000,00;0000000000000,00;0000000000000,00;000000000000000;431
431;200;202603;202602;4OIF101O;00;NSNL;N;000000001007;000000003699,1;0,00602;0000000000022,27;0000000000000,84;0000000000000,00;0000000000023,11;;0000000000000,20;0000000000000,00;0000000000000,00;000000000000002;431
431;200;202603;202602;4OIF101O;00;NSNL;N;000000000209;000000000704,6;0,00608;0000000000004,28;0000000000000,16;0000000000000,00;0000000000004,44;;0000000000000,04;0000000000000,00;0000000000000,00;000000000000000;431
431;200;202603;202602;4OIF101O;00;NSNL;R;000000000012;000000000016,1;0,00421;0000000000000,07;0000000000000,00;0000000000000,00;0000000000000,07;;0000000000000,00;0000000000000,00;0000000000000,00;000000000000000;431
431;200;202603;202602;4OIF101O;00;NSNL;R;000000000012;000000000029,9;0,00425;0000000000000,13;0000000000000,00;0000000000000,00;0000000000000,13;;0000000000000,00;0000000000000,00;0000000000000,00;000000000000000;431
432;200;202603;202602;4OIF099O;00;NSNL;N;000000000001;000000000000,5;0,00602;0000000000000,00;0000000000000,00;0000000000000,00;0000000000000,00;;0000000000000,00;0000000000000,00;0000000000000,00;000000000000000;432
674;200;202603;202602;1FHICTFB;00;NSNL;N;000000031826;000000131484,2;0,00602;0000000000791,53;0000000000029,99;0000000000000,00;0000000000821,52;;0000000000007,12;0000000000000,00;0000000000000,00;000000000000079;674
674;200;202603;202602;1FHICTFB;00;NSNL;N;000000005847;000000026987,4;0,00608;0000000000164,08;0000000000006,22;0000000000000,00;0000000000170,30;;0000000000001,48;0000000000000,00;0000000000000,00;000000000000016;674
674;200;202603;202602;1FHICTFB;00;NSNL;R;000000000844;000000002667,4;0,00421;0000000000011,23;0000000000000,43;0000000000000,00;0000000000011,66;;0000000000000,10;0000000000000,00;0000000000000,00;000000000000001;674
674;200;202603;202602;1FHICTFB;00;NSNL;R;000000000109;000000000423,7;0,00425;0000000000001,80;0000000000000,07;0000000000000,00;0000000000001,87;;0000000000000,02;0000000000000,00;0000000000000,00;000000000000000;674
025;200;202603;202603;6XBCTC6B;00;NSNI;D;000000000929;000000002776,2;0,00671;0000000000018,63;0000000000000,71;0000000000000,00;0000000000019,34;;0000000000000,17;0000000000000,00;0000000000000,00;000000000000002;025
025;200;202603;202603;6XBCTC6B;00;NSNI;D;000000002185;000000008586,6;0,00671;0000000000057,62;0000000000002,18;0000000000000,00;0000000000059,80;;0000000000000,52;0000000000000,00;0000000000000,00;000000000000006;143
025;200;202603;202603;6XBCTC6B;00;NSNI;N;000000000426;000000001496,1;0,00671;0000000000010,04;0000000000000,38;0000000000000,00;0000000000010,42;;0000000000000,09;0000000000000,00;0000000000000,00;000000000000001;025
025;200;202603;202603;6XBCTC6B;00;NSNI;N;000000000751;000000002498,3;0,00671;0000000000016,76;0000000000000,64;0000000000000,00;0000000000017,40;;0000000000000,15;0000000000000,00;0000000000000,00;000000000000002;143
025;200;202603;202603;6XBCTC6B;00;NSNI;R;000000000105;000000000752,6;0,00671;0000000000005,05;0000000000000,19;0000000000000,00;0000000000005,24;;0000000000000,05;0000000000000,00;0000000000000,00;000000000000001;025
025;200;202603;202603;6XBCTC6B;00;NSNI;R;000000000046;000000000069,4;0,00671;0000000000000,47;0000000000000,02;0000000000000,00;0000000000000,49;;0000000000000,00;0000000000000,00;0000000000000,00;000000000000000;143
025;200;202603;202603;6XBCTC6B;00;NSNI;S;000000000004;000000000049,9;0,00671;0000000000000,33;0000000000000,01;0000000000000,00;0000000000000,34;;0000000000000,00;0000000000000,00;0000000000000,00;000000000000000;025
025;200;202603;202603;6XBCTC6B;00;NSNI;S;000000000003;000000000002,2;0,00671;0000000000000,01;0000000000000,00;0000000000000,00;0000000000000,01;;0000000000000,00;0000000000000,00;0000000000000,00;000000000000000;143
025;200;202603;202603;6XBCTC6B;00;NSNL;N;000000001348;000000004390,5;0,00631;0000000000027,70;0000000000001,05;0000000000000,00;0000000000028,75;;0000000000000,25;0000000000000,00;0000000000000,00;000000000000003;025
025;200;202603;202603;6XBCTC6B;00;NSNL;R;000000000095;000000000684,3;0,00441;0000000000003,02;0000000000000,11;0000000000000,00;0000000000003,13;;0000000000000,03;0000000000000,00;0000000000000,00;000000000000000;025
025;200;202603;202603;E0403385;00;NSNL;N;000000000003;000000000010,7;0,00631;0000000000000,07;0000000000000,00;0000000000000,00;0000000000000,07;;0000000000000,00;0000000000000,00;0000000000000,00;000000000000000;025
025;200;202603;202603;Q020487;00;NSNL;N;000000000001;000000000000,5;0,00631;0000000000000,00;0000000000000,00;0000000000000,00;0000000000000,00;;0000000000000,00;0000000000000,00;0000000000000,00;000000000000000;025
025;200;202603;202603;Q0703337;00;NSNL;N;000000020793;000000103835,5;0,00631;0000000000655,20;0000000000024,82;0000000000000,00;0000000000680,02;;0000000000005,90;0000000000000,00;0000000000000,00;000000000000066;025
025;200;202603;202603;Q0703337;00;NSNL;R;000000000531;000000002770,5;0,00441;0000000000012,22;0000000000000,46;0000000000000,00;0000000000012,68;;0000000000000,11;0000000000000,00;0000000000000,00;000000000000001;025
025;200;202603;202603;Q0703364;00;NSNL;N;000000004086;000000012686,8;0,00631;0000000000080,05;0000000000003,03;0000000000000,00;0000000000083,08;;0000000000000,72;0000000000000,00;0000000000000,00;000000000000008;025
025;200;202603;202603;Q0703364;00;NSNL;R;000000000230;000000002482,8;0,00441;0000000000010,95;0000000000000,41;0000000000000,00;0000000000011,36;;0000000000000,10;0000000000000,00;0000000000000,00;000000000000001;025
025;200;202603;202603;Q0703411;00;NSNL;N;000000002526;000000006843,0;0,00631;0000000000043,18;0000000000001,64;0000000000000,00;0000000000044,82;;0000000000000,39;0000000000000,00;0000000000000,00;000000000000004;025
025;200;202603;202603;Q0703411;00;NSNL;R;000000000189;000000001138,2;0,00441;0000000000005,02;0000000000000,19;0000000000000,00;0000000000005,21;;0000000000000,05;0000000000000,00;0000000000000,00;000000000000001;025
025;200;202603;202603;Q0703496;00;NSNL;N;000000000014;000000000029,8;0,00631;0000000000000,19;0000000000000,01;0000000000000,00;0000000000000,20;;0000000000000,00;0000000000000,00;0000000000000,00;000000000000000;025
025;200;202603;202603;Q0703498;00;NSNL;N;000000000024;000000000041,8;0,00631;0000000000000,26;0000000000000,01;0000000000000,00;0000000000000,27;;0000000000000,00;0000000000000,00;0000000000000,00;000000000000000;025
025;200;202603;202603;RQ053FAC;00;NSNL;N;000000000035;000000000034,3;0,00631;0000000000000,22;0000000000000,01;0000000000000,00;0000000000000,23;;0000000000000,00;0000000000000,00;0000000000000,00;000000000000000;025
025;200;202603;202603;RQ055FAC;00;NSNL;N;000000000034;000000000094,7;0,00631;0000000000000,60;0000000000000,02;0000000000000,00;0000000000000,62;;0000000000000,01;0000000000000,00;0000000000000,00;000000000000000;025
025;200;202603;202603;RQ056FAC;00;NSNL;N;000000000036;000000000073,7;0,00631;0000000000000,47;0000000000000,02;0000000000000,00;0000000000000,49;;0000000000000,00;0000000000000,00;0000000000000,00;000000000000000;025
035;200;202603;202603;1ALG002I;00;NENL;N;000000000017;000000000049,1;0,00631;0000000000000,31;0000000000000,01;0000000000000,00;0000000000000,32;;0000000000000,00;0000000000000,00;0000000000000,00;000000000000000;035
035;200;202603;202603;1ALG002I;00;NENL;R;000000000001;000000000000,5;0,00441;0000000000000,00;0000000000000,00;0000000000000,00;0000000000000,00;;0000000000000,00;0000000000000,00;0000000000000,00;000000000000000;035
035;200;202603;202603;1CTB017I;00;NENL;N;000000000262;000000000713,0;0,00631;0000000000004,50;0000000000000,17;0000000000000,00;0000000000004,67;;0000000000000,04;0000000000000,00;0000000000000,00;000000000000000;035
035;200;202603;202603;1CTB017I;00;NENL;R;000000000008;000000000006,6;0,00441;0000000000000,03;0000000000000,00;0000000000000,00;0000000000000,03;;0000000000000,00;0000000000000,00;0000000000000,00;000000000000000;035
035;200;202603;202603;1CTB020I;00;NEAL;R;000000000001;000000000000,5;0,00441;0000000000000,00;0000000000000,00;0000000000000,00;0000000000000,00;;0000000000000,00;0000000000000,00;0000000000000,00;000000000000000;035
035;200;202603;202603;1CTB020I;00;NENL;N;000000000395;000000001187,2;0,00631;0000000000007,49;0000000000000,28;0000000000000,00;0000000000007,77;;0000000000000,07;0000000000000,00;0000000000000,00;000000000000001;035
035;200;202603;202603;1CTB020I;00;NENL;R;000000000030;000000000220,6;0,00441;0000000000000,97;0000000000000,04;0000000000000,00;0000000000001,01;;0000000000000,01;0000000000000,00;0000000000000,00;000000000000000;035
035;200;202603;202603;4XCTPR7S;00;NSNL;N;000000014627;000000045867,3;0,00631;0000000000289,42;0000000000010,96;0000000000000,00;0000000000300,38;;0000000000002,60;0000000000000,00;0000000000000,00;000000000000029;035
035;200;202603;202603;4XCTPR7S;00;NSNL;R;000000000708;000000004152,8;0,00441;0000000000018,31;0000000000000,69;0000000000000,00;0000000000019,00;;0000000000000,16;0000000000000,00;0000000000000,00;000000000000002;035
035;200;202603;202603;4XCTUL4S;00;NSNL;N;000000051135;000000177884,8;0,00631;0000000001122,45;0000000000042,52;0000000000000,00;0000000001164,97;;0000000000010,10;0000000000000,00;0000000000000,00;000000000000112;035
035;200;202603;202603;4XCTUL4S;00;NSNL;R;000000003900;000000015422,4;0,00441;0000000000068,01;0000000000002,58;0000000000000,00;0000000000070,59;;0000000000000,61;0000000000000,00;0000000000000,00;000000000000007;035
035;200;202603;202603;6ALG002I;00;NENL;N;000000000021;000000000039,4;0,00631;0000000000000,25;0000000000000,01;0000000000000,00;0000000000000,26;;0000000000000,00;0000000000000,00;0000000000000,00;000000000000000;035
035;200;202603;202603;6ALG002I;00;NENL;R;000000000001;000000000001,6;0,00441;0000000000000,01;0000000000000,00;0000000000000,00;0000000000000,01;;0000000000000,00;0000000000000,00;0000000000000,00;000000000000000;035
035;200;202603;202603;6CTB017I;00;NENL;N;000000000284;000000000684,0;0,00631;0000000000004,32;0000000000000,16;0000000000000,00;0000000000004,48;;0000000000000,04;0000000000000,00;0000000000000,00;000000000000000;035
035;200;202603;202603;6CTB017I;00;NENL;R;000000000013;000000000079,6;0,00441;0000000000000,35;0000000000000,01;0000000000000,00;0000000000000,36;;0000000000000,00;0000000000000,00;0000000000000,00;000000000000000;035
035;200;202603;202603;6CTB020I;00;NENL;N;000000000367;000000001026,8;0,00631;0000000000006,48;0000000000000,25;0000000000000,00;0000000000006,73;;0000000000000,06;0000000000000,00;0000000000000,00;000000000000001;035
035;200;202603;202603;6CTB020I;00;NENL;R;000000000020;000000000071,3;0,00441;0000000000000,31;0000000000000,01;0000000000000,00;0000000000000,32;;0000000000000,00;0000000000000,00;0000000000000,00;000000000000000;035
035;200;202603;202603;8FLICTAB;00;NSNI;D;000000000012;000000000018,9;0,00671;0000000000000,13;0000000000000,00;0000000000000,00;0000000000000,13;;0000000000000,00;0000000000000,00;0000000000000,00;000000000000000;031
035;200;202603;202603;8FLICTAB;00;NSNI;D;000000000003;000000000004,3;0,00671;0000000000000,03;0000000000000,00;0000000000000,00;0000000000000,03;;0000000000000,00;0000000000000,00;0000000000000,00;000000000000000;253
035;200;202603;202603;8FLICTAB;00;NSNI;D;000000000010;000000000058,7;0,00671;0000000000000,39;0000000000000,01;0000000000000,00;0000000000000,40;;0000000000000,00;0000000000000,00;0000000000000,00;000000000000000;355
035;200;202603;202603;8FLICTAB;00;NSNI;D;000000000020;000000000035,9;0,00671;0000000000000,24;0000000000000,01;0000000000000,00;0000000000000,25;;0000000000000,00;0000000000000,00;0000000000000,00;000000000000000;931
035;200;202603;202603;8FLICTAB;00;NSNI;N;000000000005;000000000015,5;0,00671;0000000000000,10;0000000000000,00;0000000000000,00;0000000000000,10;;0000000000000,00;0000000000000,00;0000000000000,00;000000000000000;031
035;200;202603;202603;8FLICTAB;00;NSNI;N;000000000005;000000000011,4;0,00671;0000000000000,08;0000000000000,00;0000000000000,00;0000000000000,08;;0000000000000,00;0000000000000,00;0000000000000,00;000000000000000;253
035;200;202603;202603;8FLICTAB;00;NSNI;N;000000000004;000000000019,4;0,00671;0000000000000,13;0000000000000,00;0000000000000,00;0000000000000,13;;0000000000000,00;0000000000000,00;0000000000000,00;000000000000000;355
035;200;202603;202603;8FLICTAB;00;NSNI;N;000000000006;000000000006,8;0,00671;0000000000000,05;0000000000000,00;0000000000000,00;0000000000000,05;;0000000000000,00;0000000000000,00;0000000000000,00;000000000000000;931
035;200;202603;202603;8FLICTAB;00;NSNI;R;000000000001;000000000010,2;0,00671;0000000000000,07;0000000000000,00;0000000000000,00;0000000000000,07;;0000000000000,00;0000000000000,00;0000000000000,00;000000000000000;031
035;200;202603;202603;8FLICTAB;00;NSNI;R;000000000001;000000000000,5;0,00671;0000000000000,00;0000000000000,00;0000000000000,00;0000000000000,00;;0000000000000,00;0000000000000,00;0000000000000,00;000000000000000;355
035;200;202603;202603;8FLICTAB;00;NSNI;R;000000000002;000000000002,0;0,00671;0000000000000,01;0000000000000,00;0000000000000,00;0000000000000,01;;0000000000000,00;0000000000000,00;0000000000000,00;000000000000000;931
035;200;202603;202603;8FLICTAB;00;NSNL;N;000000000015;000000000055,1;0,00631;0000000000000,35;0000000000000,01;0000000000000,00;0000000000000,36;;0000000000000,00;0000000000000,00;0000000000000,00;000000000000000;035
035;200;202603;202603;8FLICTBB;00;NSNI;D;000000000012;000000000022,7;0,00671;0000000000000,15;0000000000000,01;0000000000000,00;0000000000000,16;;0000000000000,00;0000000000000,00;0000000000000,00;000000000000000;031
035;200;202603;202603;8FLICTBB;00;NSNI;D;000000000004;000000000008,8;0,00671;0000000000000,06;0000000000000,00;0000000000000,00;0000000000000,06;;0000000000000,00;0000000000000,00;0000000000000,00;000000000000000;253
035;200;202603;202603;8FLICTBB;00;NSNI;D;000000000008;000000000046,0;0,00671;0000000000000,31;0000000000000,01;0000000000000,00;0000000000000,32;;0000000000000,00;0000000000000,00;0000000000000,00;000000000000000;355
035;200;202603;202603;8FLICTBB;00;NSNI;D;000000000001;000000000002,4;0,00671;0000000000000,02;0000000000000,00;0000000000000,00;0000000000000,02;;0000000000000,00;0000000000000,00;0000000000000,00;000000000000000;705
035;200;202603;202603;8FLICTBB;00;NSNI;D;000000000001;000000000001,0;0,00671;0000000000000,01;0000000000000,00;0000000000000,00;0000000000000,01;;0000000000000,00;0000000000000,00;0000000000000,00;000000000000000;931
035;200;202603;202603;8FLICTBB;00;NSNI;N;000000000008;000000000032,0;0,00671;0000000000000,21;0000000000000,01;0000000000000,00;0000000000000,22;;0000000000000,00;0000000000000,00;0000000000000,00;000000000000000;031
035;200;202603;202603;8FLICTBB;00;NSNI;N;000000000003;000000000008,7;0,00671;0000000000000,06;0000000000000,00;0000000000000,00;0000000000000,06;;0000000000000,00;0000000000000,00;0000000000000,00;000000000000000;253
035;200;202603;202603;8FLICTBB;00;NSNI;N;000000000008;000000000044,8;0,00671;0000000000000,30;0000000000000,01;0000000000000,00;0000000000000,31;;0000000000000,00;0000000000000,00;0000000000000,00;000000000000000;355
035;200;202603;202603;8FLICTBB;00;NSNI;N;000000000001;000000000000,5;0,00671;0000000000000,00;0000000000000,00;0000000000000,00;0000000000000,00;;0000000000000,00;0000000000000,00;0000000000000,00;000000000000000;705
035;200;202603;202603;8FLICTBB;00;NSNL;N;000000000012;000000000039,8;0,00631;0000000000000,25;0000000000000,01;0000000000000,00;0000000000000,26;;0000000000000,00;0000000000000,00;0000000000000,00;000000000000000;035
035;200;202603;202603;9FSICTAB;00;NSNI;D;000000000010;000000000013,7;0,00671;0000000000000,09;0000000000000,00;0000000000000,00;0000000000000,09;;0000000000000,00;0000000000000,00;0000000000000,00;000000000000000;031
035;200;202603;202603;9FSICTAB;00;NSNI;D;000000000013;000000000044,2;0,00671;0000000000000,30;0000000000000,01;0000000000000,00;0000000000000,31;;0000000000000,00;0000000000000,00;0000000000000,00;000000000000000;253
035;200;202603;202603;9FSICTAB;00;NSNI;D;000000000012;000000000069,1;0,00671;0000000000000,46;0000000000000,02;0000000000000,00;0000000000000,48;;0000000000000,00;0000000000000,00;0000000000000,00;000000000000000;355
035;200;202603;202603;9FSICTAB;00;NSNI;N;000000000008;000000000022,4;0,00671;0000000000000,15;0000000000000,01;0000000000000,00;0000000000000,16;;0000000000000,00;0000000000000,00;0000000000000,00;000000000000000;031
035;200;202603;202603;9FSICTAB;00;NSNI;N;000000000003;000000000008,1;0,00671;0000000000000,05;0000000000000,00;0000000000000,00;0000000000000,05;;0000000000000,00;0000000000000,00;0000000000000,00;000000000000000;253
035;200;202603;202603;9FSICTAB;00;NSNI;N;000000000007;000000000036,6;0,00671;0000000000000,25;0000000000000,01;0000000000000,00;0000000000000,26;;0000000000000,00;0000000000000,00;0000000000000,00;000000000000000;355
035;200;202603;202603;9FSICTAB;00;NSNI;N;000000000001;000000000000,5;0,00671;0000000000000,00;0000000000000,00;0000000000000,00;0000000000000,00;;0000000000000,00;0000000000000,00;0000000000000,00;000000000000000;705
035;200;202603;202603;9FSICTAB;00;NSNI;N;000000000002;000000000002,7;0,00671;0000000000000,02;0000000000000,00;0000000000000,00;0000000000000,02;;0000000000000,00;0000000000000,00;0000000000000,00;000000000000000;931
035;200;202603;202603;9FSICTAB;00;NSNL;N;000000000005;000000000011,0;0,00631;0000000000000,07;0000000000000,00;0000000000000,00;0000000000000,07;;0000000000000,00;0000000000000,00;0000000000000,00;000000000000000;035
035;200;202603;202603;9FSICTBB;00;NSNI;D;000000000006;000000000006,9;0,00671;0000000000000,05;0000000000000,00;0000000000000,00;0000000000000,05;;0000000000000,00;0000000000000,00;0000000000000,00;000000000000000;031
035;200;202603;202603;9FSICTBB;00;NSNI;D;000000000012;000000000020,5;0,00671;0000000000000,14;0000000000000,01;0000000000000,00;0000000000000,15;;0000000000000,00;0000000000000,00;0000000000000,00;000000000000000;253
035;200;202603;202603;9FSICTBB;00;NSNI;D;000000000009;000000000045,4;0,00671;0000000000000,30;0000000000000,01;0000000000000,00;0000000000000,31;;0000000000000,00;0000000000000,00;0000000000000,00;000000000000000;355
035;200;202603;202603;9FSICTBB;00;NSNI;D;000000000003;000000000007,0;0,00671;0000000000000,05;0000000000000,00;0000000000000,00;0000000000000,05;;0000000000000,00;0000000000000,00;0000000000000,00;000000000000000;931
035;200;202603;202603;9FSICTBB;00;NSNI;N;000000000008;000000000015,0;0,00671;0000000000000,10;0000000000000,00;0000000000000,00;0000000000000,10;;0000000000000,00;0000000000000,00;0000000000000,00;000000000000000;031
035;200;202603;202603;9FSICTBB;00;NSNI;N;000000000008;000000000018,3;0,00671;0000000000000,12;0000000000000,00;0000000000000,00;0000000000000,12;;0000000000000,00;0000000000000,00;0000000000000,00;000000000000000;253
035;200;202603;202603;9FSICTBB;00;NSNI;N;000000000006;000000000035,1;0,00671;0000000000000,24;0000000000000,01;0000000000000,00;0000000000000,25;;0000000000000,00;0000000000000,00;0000000000000,00;000000000000000;355
035;200;202603;202603;9FSICTBB;00;NSNI;R;000000000001;000000000000,5;0,00671;0000000000000,00;0000000000000,00;0000000000000,00;0000000000000,00;;0000000000000,00;0000000000000,00;0000000000000,00;000000000000000;355
035;200;202603;202603;9FSICTBB;00;NSNL;N;000000000013;000000000029,3;0,00631;0000000000000,18;0000000000000,01;0000000000000,00;0000000000000,19;;0000000000000,00;0000000000000,00;0000000000000,00;000000000000000;035
035;200;202603;202603;MB301152;00;NENL;N;000000000001;000000000003,8;0,00631;0000000000000,02;0000000000000,00;0000000000000,00;0000000000000,02;;0000000000000,00;0000000000000,00;0000000000000,00;000000000000000;035
048;200;202603;202603;1FHICTFB;00;NSNI;D;000000000001;000000000003,0;0,00671;0000000000000,02;0000000000000,00;0000000000000,00;0000000000000,02;;0000000000000,00;0000000000000,00;0000000000000,00;000000000000000;062
048;200;202603;202603;1FHICTFB;00;NSNI;D;000000000127;000000000141,1;0,00671;0000000000000,95;0000000000000,04;0000000000000,00;0000000000000,99;;0000000000000,01;0000000000000,00;0000000000000,00;000000000000000;262
048;200;202603;202603;1FHICTFB;00;NSNI;D;000000001639;000000013779,5;0,00671;0000000000092,46;0000000000003,50;0000000000000,00;0000000000095,96;;0000000000000,83;0000000000000,00;0000000000000,00;000000000000009;674
048;200;202603;202603;1FHICTFB;00;NSNI;D;000000000018;000000000066,1;0,00671;0000000000000,44;0000000000000,02;0000000000000,00;0000000000000,46;;0000000000000,00;0000000000000,00;0000000000000,00;000000000000000;960
048;200;202603;202603;1FHICTFB;00;NSNI;N;000000000044;000000000041,4;0,00671;0000000000000,28;0000000000000,01;0000000000000,00;0000000000000,29;;0000000000000,00;0000000000000,00;0000000000000,00;000000000000000;262
048;200;202603;202603;1FHICTFB;00;NSNI;N;000000000530;000000002609,1;0,00671;0000000000017,51;0000000000000,66;0000000000000,00;0000000000018,17;;0000000000000,16;0000000000000,00;0000000000000,00;000000000000002;674
048;200;202603;202603;1FHICTFB;00;NSNI;N;000000000004;000000000009,2;0,00671;0000000000000,06;0000000000000,00;0000000000000,00;0000000000000,06;;0000000000000,00;0000000000000,00;0000000000000,00;000000000000000;960
048;200;202603;202603;1FHICTFB;00;NSNI;R;000000000055;000000000180,7;0,00671;0000000000001,21;0000000000000,05;0000000000000,00;0000000000001,26;;0000000000000,01;0000000000000,00;0000000000000,00;000000000000000;674
048;200;202603;202603;1FHICTFB;00;NSNI;R;000000000001;000000000000,6;0,00671;0000000000000,00;0000000000000,00;0000000000000,00;0000000000000,00;;0000000000000,00;0000000000000,00;0000000000000,00;000000000000000;960
049;200;202603;202603;3XACTA7O;00;NSNI;D;000000000841;000000001797,4;0,00671;0000000000012,06;0000000000000,46;0000000000000,00;0000000000012,52;;0000000000000,11;0000000000000,00;0000000000000,00;000000000000001;049
049;200;202603;202603;3XACTA7O;00;NSNI;D;000000000001;000000000001,7;0,00671;0000000000000,01;0000000000000,00;0000000000000,00;0000000000000,01;;0000000000000,00;0000000000000,00;0000000000000,00;000000000000000;267
049;200;202603;202603;3XACTA7O;00;NSNI;N;000000000614;000000001147,3;0,00671;0000000000007,70;0000000000000,29;0000000000000,00;0000000000007,99;;0000000000000,07;0000000000000,00;0000000000000,00;000000000000001;049
049;200;202603;202603;3XACTA7O;00;NSNI;R;000000000109;000000000274,3;0,00671;0000000000001,84;0000000000000,07;0000000000000,00;0000000000001,91;;0000000000000,02;0000000000000,00;0000000000000,00;000000000000000;049
049;200;202603;202603;3XACTA7O;00;NSNI;S;000000000006;000000000007,3;0,00671;0000000000000,05;0000000000000,00;0000000000000,00;0000000000000,05;;0000000000000,00;0000000000000,00;0000000000000,00;000000000000000;049
049;200;202603;202603;3XACTA7O;00;NSNL;N;000000001456;000000002971,1;0,00631;0000000000018,75;0000000000000,71;0000000000000,00;0000000000019,46;;0000000000000,17;0000000000000,00;0000000000000,00;000000000000002;049
049;200;202603;202603;3XACTA7O;00;NSNL;R;000000000099;000000000255,2;0,00441;0000000000001,13;0000000000000,04;0000000000000,00;0000000000001,17;;0000000000000,01;0000000000000,00;0000000000000,00;000000000000000;049
143;200;202603;202603;3FJICTEB;00;NSNL;N;000000000029;000000000015,2;0,0061;0000000000000,09;0000000000000,00;0000000000000,00;0000000000000,09;;0000000000000,00;0000000000000,00;0000000000000,00;000000000000000;143
143;200;202603;202603;3FJICTFB;00;NSNL;N;000000000031;000000000021,5;0,0061;0000000000000,13;0000000000000,00;0000000000000,00;0000000000000,13;;0000000000000,00;0000000000000,00;0000000000000,00;000000000000000;143
143;200;202603;202603;3VJLCT1A;00;NSNL;N;000000000014;000000000059,1;0,0061;0000000000000,36;0000000000000,01;0000000000000,00;0000000000000,37;;0000000000000,00;0000000000000,00;0000000000000,00;000000000000000;143
143;200;202603;202603;3VJLCT1B;00;NSNL;N;000000000013;000000000052,8;0,0061;0000000000000,32;0000000000000,01;0000000000000,00;0000000000000,33;;0000000000000,00;0000000000000,00;0000000000000,00;000000000000000;143
143;200;202603;202603;3VJLCT1C;00;NSNL;N;000000000016;000000000114,7;0,0061;0000000000000,70;0000000000000,03;0000000000000,00;0000000000000,73;;0000000000000,01;0000000000000,00;0000000000000,00;000000000000000;143
143;200;202603;202603;3VJLCT1C;00;NSNL;R;000000000001;000000000003,1;0,00427;0000000000000,01;0000000000000,00;0000000000000,00;0000000000000,01;;0000000000000,00;0000000000000,00;0000000000000,00;000000000000000;143
143;200;202603;202603;3VJLCT1D;00;NSNL;N;000000000011;000000000049,0;0,0061;0000000000000,30;0000000000000,01;0000000000000,00;0000000000000,31;;0000000000000,00;0000000000000,00;0000000000000,00;000000000000000;143
143;200;202603;202603;3VJLCT1D;00;NSNL;R;000000000002;000000000001,6;0,00427;0000000000000,01;0000000000000,00;0000000000000,00;0000000000000,01;;0000000000000,00;0000000000000,00;0000000000000,00;000000000000000;143
143;200;202603;202603;4FVICTGB;00;NSNL;N;000000000034;000000000020,6;0,0061;0000000000000,13;0000000000000,00;0000000000000,00;0000000000000,13;;0000000000000,00;0000000000000,00;0000000000000,00;000000000000000;143
143;200;202603;202603;4FVICTHB;00;NSNL;N;000000000134;000000000072,3;0,0061;0000000000000,44;0000000000000,02;0000000000000,00;0000000000000,46;;0000000000000,00;0000000000000,00;0000000000000,00;000000000000000;143
143;200;202603;202603;4FVICTHB;00;NSNL;R;000000000001;000000000000,5;0,00427;0000000000000,00;0000000000000,00;0000000000000,00;0000000000000,00;;0000000000000,00;0000000000000,00;0000000000000,00;000000000000000;143
143;200;202603;202603;4VVLCT1A;00;NSNL;N;000000000011;000000000051,2;0,0061;0000000000000,31;0000000000000,01;0000000000000,00;0000000000000,32;;0000000000000,00;0000000000000,00;0000000000000,00;000000000000000;143
143;200;202603;202603;4VVLCT1A;00;NSNL;R;000000000001;000000000004,4;0,00427;0000000000000,02;0000000000000,00;0000000000000,00;0000000000000,02;;0000000000000,00;0000000000000,00;0000000000000,00;000000000000000;143
143;200;202603;202603;4VVLCT1B;00;NSNL;N;000000000016;000000000075,4;0,0061;0000000000000,46;0000000000000,02;0000000000000,00;0000000000000,48;;0000000000000,00;0000000000000,00;0000000000000,00;000000000000000;143
143;200;202603;202603;4VVLCT1B;00;NSNL;R;000000000001;000000000010,9;0,00427;0000000000000,05;0000000000000,00;0000000000000,00;0000000000000,05;;0000000000000,00;0000000000000,00;0000000000000,00;000000000000000;143
143;200;202603;202603;4VVLCT1C;00;NSNL;N;000000000012;000000000045,0;0,0061;0000000000000,27;0000000000000,01;0000000000000,00;0000000000000,28;;0000000000000,00;0000000000000,00;0000000000000,00;000000000000000;143
143;200;202603;202603;4VVLCT1C;00;NSNL;R;000000000001;000000000003,6;0,00427;0000000000000,02;0000000000000,00;0000000000000,00;0000000000000,02;;0000000000000,00;0000000000000,00;0000000000000,00;000000000000000;143
143;200;202603;202603;4VVLCT1D;00;NSNL;N;000000000007;000000000036,2;0,0061;0000000000000,22;0000000000000,01;0000000000000,00;0000000000000,23;;0000000000000,00;0000000000000,00;0000000000000,00;000000000000000;143
143;200;202603;202603;4VVLCT1D;00;NSNL;R;000000000002;000000000002,8;0,00427;0000000000000,01;0000000000000,00;0000000000000,00;0000000000000,01;;0000000000000,00;0000000000000,00;0000000000000,00;000000000000000;143
143;200;202603;202603;6XBCTC6B;00;NSNL;N;000000002899;000000011100,4;0,0061;0000000000067,71;0000000000002,57;0000000000000,00;0000000000070,28;;0000000000000,61;0000000000000,00;0000000000000,00;000000000000007;143
143;200;202603;202603;6XBCTC6B;00;NSNL;R;000000000040;000000000056,1;0,00427;0000000000000,24;0000000000000,01;0000000000000,00;0000000000000,25;;0000000000000,00;0000000000000,00;0000000000000,00;000000000000000;143
143;200;202603;202603;9FSICTGO;00;NSNL;N;000000009374;000000041309,1;0,0061;0000000000251,99;0000000000009,55;0000000000000,00;0000000000261,54;;0000000000002,27;0000000000000,00;0000000000000,00;000000000000025;143
143;200;202603;202603;9FSICTGO;00;NSNL;R;000000000626;000000001901,2;0,00427;0000000000008,12;0000000000000,31;0000000000000,00;0000000000008,43;;0000000000000,07;0000000000000,00;0000000000000,00;000000000000001;143
143;200;202603;202603;AS02CTBP;00;NSNL;N;000000005848;000000035663,3;0,0061;0000000000217,55;0000000000008,24;0000000000000,00;0000000000225,79;;0000000000001,96;0000000000000,00;0000000000000,00;000000000000022;143
143;200;202603;202603;AS02CTBP;00;NSNL;R;000000000067;000000000132,3;0,00427;0000000000000,56;0000000000000,02;0000000000000,00;0000000000000,58;;0000000000000,01;0000000000000,00;0000000000000,00;000000000000000;143
143;200;202603;202603;CO102059;00;NSNL;N;000000000001;000000000000,5;0,0061;0000000000000,00;0000000000000,00;0000000000000,00;0000000000000,00;;0000000000000,00;0000000000000,00;0000000000000,00;000000000000000;143
143;200;202603;202603;E0403385;00;NSNL;N;000000000161;000000000367,2;0,0061;0000000000002,24;0000000000000,08;0000000000000,00;0000000000002,32;;0000000000000,02;0000000000000,00;0000000000000,00;000000000000000;143
143;200;202603;202603;E0404083;00;NSNL;N;000000000803;000000003101,1;0,0061;0000000000018,92;0000000000000,72;0000000000000,00;0000000000019,64;;0000000000000,17;0000000000000,00;0000000000000,00;000000000000002;143
143;200;202603;202603;E0404083;00;NSNL;R;000000000002;000000000015,5;0,00427;0000000000000,07;0000000000000,00;0000000000000,00;0000000000000,07;;0000000000000,00;0000000000000,00;0000000000000,00;000000000000000;143
143;200;202603;202603;IB102057;00;NSNL;R;000000000001;000000000000,6;0,00427;0000000000000,00;0000000000000,00;0000000000000,00;0000000000000,00;;0000000000000,00;0000000000000,00;0000000000000,00;000000000000000;143
143;200;202603;202603;MB303963;00;NSNL;N;000000000002;000000000003,1;0,0061;0000000000000,02;0000000000000,00;0000000000000,00;0000000000000,02;;0000000000000,00;0000000000000,00;0000000000000,00;000000000000000;143
143;200;202603;202603;MB303967;00;NSNL;N;000000000001;000000000001,8;0,0061;0000000000000,01;0000000000000,00;0000000000000,00;0000000000000,01;;0000000000000,00;0000000000000,00;0000000000000,00;000000000000000;143
143;200;202603;202603;MB304103;00;NSNL;N;000000000001;000000000000,5;0,0061;0000000000000,00;0000000000000,00;0000000000000,00;0000000000000,00;;0000000000000,00;0000000000000,00;0000000000000,00;000000000000000;143
143;200;202603;202603;PW018CTB;00;NSNL;N;000000000008;000000000060,7;0,0061;0000000000000,37;0000000000000,01;0000000000000,00;0000000000000,38;;0000000000000,00;0000000000000,00;0000000000000,00;000000000000000;143
143;200;202603;202603;PW028CTB;00;NSNL;N;000000000007;000000000058,4;0,0061;0000000000000,36;0000000000000,01;0000000000000,00;0000000000000,37;;0000000000000,00;0000000000000,00;0000000000000,00;000000000000000;143
143;200;202603;202603;Q020486;00;NSNL;N;000000001708;000000005971,9;0,0061;0000000000036,43;0000000000001,38;0000000000000,00;0000000000037,81;;0000000000000,33;0000000000000,00;0000000000000,00;000000000000004;143
143;200;202603;202603;Q020486;00;NSNL;R;000000000050;000000000132,2;0,00427;0000000000000,56;0000000000000,02;0000000000000,00;0000000000000,58;;0000000000000,01;0000000000000,00;0000000000000,00;000000000000000;143
143;200;202603;202603;Q020499;00;NSNL;N;000000000459;000000001661,2;0,0061;0000000000010,13;0000000000000,38;0000000000000,00;0000000000010,51;;0000000000000,09;0000000000000,00;0000000000000,00;000000000000001;143
143;200;202603;202603;Q020499;00;NSNL;R;000000000010;000000000035,9;0,00427;0000000000000,15;0000000000000,01;0000000000000,00;0000000000000,16;;0000000000000,00;0000000000000,00;0000000000000,00;000000000000000;143
143;200;202603;202603;Q020502;00;NSNL;N;000000010073;000000032563,5;0,0061;0000000000198,64;0000000000007,52;0000000000000,00;0000000000206,16;;0000000000001,79;0000000000000,00;0000000000000,00;000000000000020;143
143;200;202603;202603;Q020502;00;NSNL;R;000000000539;000000001439,5;0,00427;0000000000006,15;0000000000000,23;0000000000000,00;0000000000006,38;;0000000000000,06;0000000000000,00;0000000000000,00;000000000000001;143
143;200;202603;202603;Q0703338;00;NSNL;N;000000000017;000000000018,8;0,0061;0000000000000,11;0000000000000,00;0000000000000,00;0000000000000,11;;0000000000000,00;0000000000000,00;0000000000000,00;000000000000000;143
143;200;202603;202603;Q0703496;00;NSNL;N;000000000043;000000000160,5;0,0061;0000000000000,98;0000000000000,04;0000000000000,00;0000000000001,02;;0000000000000,01;0000000000000,00;0000000000000,00;000000000000000;143
143;200;202603;202603;Q0703498;00;NSNL;N;000000000031;000000000074,2;0,0061;0000000000000,45;0000000000000,02;0000000000000,00;0000000000000,47;;0000000000000,00;0000000000000,00;0000000000000,00;000000000000000;143
143;200;202603;202603;Q0703500;00;NSNL;N;000000000002;000000000001,0;0,0061;0000000000000,01;0000000000000,00;0000000000000,00;0000000000000,01;;0000000000000,00;0000000000000,00;0000000000000,00;000000000000000;143
143;200;202603;202603;Q0703502;00;NSNL;N;000000000003;000000000001,5;0,0061;0000000000000,01;0000000000000,00;0000000000000,00;0000000000000,01;;0000000000000,00;0000000000000,00;0000000000000,00;000000000000000;143
143;200;202603;202603;Q0703557;00;NSNL;N;000000000303;000000000466,3;0,0061;0000000000002,84;0000000000000,11;0000000000000,00;0000000000002,95;;0000000000000,03;0000000000000,00;0000000000000,00;000000000000000;143
143;200;202603;202603;Q0703557;00;NSNL;R;000000000001;000000000000,7;0,00427;0000000000000,00;0000000000000,00;0000000000000,00;0000000000000,00;;0000000000000,00;0000000000000,00;0000000000000,00;000000000000000;143
143;200;202603;202603;RQ053ARQ;00;NSNL;N;000000000697;000000002109,4;0,0061;0000000000012,87;0000000000000,49;0000000000000,00;0000000000013,36;;0000000000000,12;0000000000000,00;0000000000000,00;000000000000001;143
143;200;202603;202603;RQ053ARQ;00;NSNL;R;000000000008;000000000023,7;0,00427;0000000000000,10;0000000000000,00;0000000000000,00;0000000000000,10;;0000000000000,00;0000000000000,00;0000000000000,00;000000000000000;143
143;200;202603;202603;RQ053CTD;00;NSNL;N;000000000007;000000000006,4;0,0061;0000000000000,04;0000000000000,00;0000000000000,00;0000000000000,04;;0000000000000,00;0000000000000,00;0000000000000,00;000000000000000;143
143;200;202603;202603;RQ053FAC;00;NSNL;N;000000000116;000000000209,0;0,0061;0000000000001,27;0000000000000,05;0000000000000,00;0000000000001,32;;0000000000000,01;0000000000000,00;0000000000000,00;000000000000000;143
143;200;202603;202603;RQ053FAC;00;NSNL;R;000000000004;000000000004,7;0,00427;0000000000000,02;0000000000000,00;0000000000000,00;0000000000000,02;;0000000000000,00;0000000000000,00;0000000000000,00;000000000000000;143
143;200;202603;202603;RQ053SCC;00;NSNL;N;000000000378;000000001531,3;0,0061;0000000000009,34;0000000000000,35;0000000000000,00;0000000000009,69;;0000000000000,08;0000000000000,00;0000000000000,00;000000000000001;143
143;200;202603;202603;RQ053SCC;00;NSNL;R;000000000010;000000000021,8;0,00427;0000000000000,09;0000000000000,00;0000000000000,00;0000000000000,09;;0000000000000,00;0000000000000,00;0000000000000,00;000000000000000;143
143;200;202603;202603;RQ05CTBR;00;NSNL;N;000000008164;000000026240,3;0,0061;0000000000160,07;0000000000006,06;0000000000000,00;0000000000166,13;;0000000000001,44;0000000000000,00;0000000000000,00;000000000000016;143
143;200;202603;202603;RQ05CTBR;00;NSNL;R;000000000482;000000001172,4;0,00427;0000000000005,01;0000000000000,19;0000000000000,00;0000000000005,20;;0000000000000,05;0000000000000,00;0000000000000,00;000000000000001;143
143;200;202603;202603;RQ05FAC3;00;NSNL;N;000000000633;000000002988,4;0,0061;0000000000018,23;0000000000000,69;0000000000000,00;0000000000018,92;;0000000000000,16;0000000000000,00;0000000000000,00;000000000000002;143
143;200;202603;202603;RQ05FAC3;00;NSNL;R;000000000027;000000000084,4;0,00427;0000000000000,36;0000000000000,01;0000000000000,00;0000000000000,37;;0000000000000,00;0000000000000,00;0000000000000,00;000000000000000;143
143;200;202603;202603;S042105;00;NSNL;N;000000006440;000000025604,4;0,0061;0000000000156,19;0000000000005,92;0000000000000,00;0000000000162,11;;0000000000001,41;0000000000000,00;0000000000000,00;000000000000016;143
143;200;202603;202603;S042105;00;NSNL;R;000000000314;000000000668,6;0,00427;0000000000002,85;0000000000000,11;0000000000000,00;0000000000002,96;;0000000000000,03;0000000000000,00;0000000000000,00;000000000000000;143
143;200;202603;202603;S043105;00;NSNL;N;000000005307;000000033648,2;0,0061;0000000000205,25;0000000000007,78;0000000000000,00;0000000000213,03;;0000000000001,85;0000000000000,00;0000000000000,00;000000000000021;143
143;200;202603;202603;S043105;00;NSNL;R;000000000057;000000000083,6;0,00427;0000000000000,36;0000000000000,01;0000000000000,00;0000000000000,37;;0000000000000,00;0000000000000,00;0000000000000,00;000000000000000;143
143;200;202603;202603;S0703007;00;NSNL;N;000000004343;000000013796,9;0,0061;0000000000084,16;0000000000003,19;0000000000000,00;0000000000087,35;;0000000000000,76;0000000000000,00;0000000000000,00;000000000000008;143
143;200;202603;202603;S0703007;00;NSNL;R;000000000136;000000000272,6;0,00427;0000000000001,16;0000000000000,04;0000000000000,00;0000000000001,20;;0000000000000,01;0000000000000,00;0000000000000,00;000000000000000;143
143;200;202603;202603;S0703487;00;NSNL;R;000000000001;000000000001,6;0,00427;0000000000000,01;0000000000000,00;0000000000000,00;0000000000000,01;;0000000000000,00;0000000000000,00;0000000000000,00;000000000000000;143
143;200;202603;202603;S0703492;00;NSNL;N;000000000001;000000000004,0;0,0061;0000000000000,02;0000000000000,00;0000000000000,00;0000000000000,02;;0000000000000,00;0000000000000,00;0000000000000,00;000000000000000;143
143;200;202603;202603;S0703494;00;NSNL;N;000000000002;000000000004,0;0,0061;0000000000000,02;0000000000000,00;0000000000000,00;0000000000000,02;;0000000000000,00;0000000000000,00;0000000000000,00;000000000000000;143
143;200;202603;202603;S1004103;00;NSNL;N;000000000002;000000000001,0;0,0061;0000000000000,01;0000000000000,00;0000000000000,00;0000000000000,01;;0000000000000,00;0000000000000,00;0000000000000,00;000000000000000;143
143;200;202603;202603;S1604259;00;NSNL;N;000000000002;000000000002,8;0,0061;0000000000000,02;0000000000000,00;0000000000000,00;0000000000000,02;;0000000000000,00;0000000000000,00;0000000000000,00;000000000000000;143
143;200;202603;202603;S1604261;00;NSNL;N;000000000003;000000000008,3;0,0061;0000000000000,05;0000000000000,00;0000000000000,00;0000000000000,05;;0000000000000,00;0000000000000,00;0000000000000,00;000000000000000;143
143;200;202603;202603;S1604263;00;NSNL;N;000000000397;000000004664,5;0,0061;0000000000028,45;0000000000001,08;0000000000000,00;0000000000029,53;;0000000000000,26;0000000000000,00;0000000000000,00;000000000000003;143
143;200;202603;202603;S1604263;00;NSNL;R;000000000010;000000000059,0;0,00427;0000000000000,25;0000000000000,01;0000000000000,00;0000000000000,26;;0000000000000,00;0000000000000,00;0000000000000,00;000000000000000;143
143;200;202603;202603;S1604265;00;NSNL;N;000000000408;000000004343,9;0,0061;0000000000026,50;0000000000001,00;0000000000000,00;0000000000027,50;;0000000000000,24;0000000000000,00;0000000000000,00;000000000000003;143
143;200;202603;202603;S1604265;00;NSNL;R;000000000006;000000000022,8;0,00427;0000000000000,10;0000000000000,00;0000000000000,00;0000000000000,10;;0000000000000,00;0000000000000,00;0000000000000,00;000000000000000;143
143;200;202603;202603;VM303967;00;NSNL;N;000000000001;000000000002,0;0,0061;0000000000000,01;0000000000000,00;0000000000000,00;0000000000000,01;;0000000000000,00;0000000000000,00;0000000000000,00;000000000000000;143
143;200;202603;202603;VM304103;00;NSNL;N;000000000001;000000000000,5;0,0061;0000000000000,00;0000000000000,00;0000000000000,00;0000000000000,00;;0000000000000,00;0000000000000,00;0000000000000,00;000000000000000;143
143;200;202603;202603;VU10204;00;NSNL;N;000000000007;000000000048,9;0,0061;0000000000000,30;0000000000000,01;0000000000000,00;0000000000000,31;;0000000000000,00;0000000000000,00;0000000000000,00;000000000000000;143
144;200;202603;202603;Q020502;00;NSNL;N;000000000148;000000000450,5;0,0061;0000000000002,75;0000000000000,10;0000000000000,00;0000000000002,85;;0000000000000,02;0000000000000,00;0000000000000,00;000000000000000;144
144;200;202603;202603;Q020502;00;NSNL;R;000000000004;000000000007,3;0,00427;0000000000000,03;0000000000000,00;0000000000000,00;0000000000000,03;;0000000000000,00;0000000000000,00;0000000000000,00;000000000000000;144
144;200;202603;202603;RQ05CTBR;00;NSNL;N;000000000128;000000000316,3;0,0061;0000000000001,93;0000000000000,07;0000000000000,00;0000000000002,00;;0000000000000,02;0000000000000,00;0000000000000,00;000000000000000;144
144;200;202603;202603;RQ05CTBR;00;NSNL;R;000000000003;000000000002,4;0,00427;0000000000000,01;0000000000000,00;0000000000000,00;0000000000000,01;;0000000000000,00;0000000000000,00;0000000000000,00;000000000000000;144
317;200;202603;202603;3OIF103O;00;NSNL;N;000000001343;000000004203,9;0,00605;0000000000025,43;0000000000000,96;0000000000000,00;0000000000026,39;;0000000000000,23;0000000000000,00;0000000000000,00;000000000000003;317
317;200;202603;202603;3OIF103O;00;NSNL;R;000000000019;000000000111,8;0,00423;0000000000000,47;0000000000000,02;0000000000000,00;0000000000000,49;;0000000000000,00;0000000000000,00;0000000000000,00;000000000000000;317
317;200;202603;202603;3OIF105O;00;NSNL;N;000000001450;000000004100,3;0,00605;0000000000024,81;0000000000000,94;0000000000000,00;0000000000025,75;;0000000000000,22;0000000000000,00;0000000000000,00;000000000000002;317
317;200;202603;202603;3OIF105O;00;NSNL;R;000000000022;000000000035,3;0,00423;0000000000000,15;0000000000000,01;0000000000000,00;0000000000000,16;;0000000000000,00;0000000000000,00;0000000000000,00;000000000000000;317
317;200;202603;202603;4FTICTAB;00;NSNL;N;000000013376;000000087309,1;0,00605;0000000000528,22;0000000000020,01;0000000000000,00;0000000000548,23;;0000000000004,75;0000000000000,00;0000000000000,00;000000000000053;317
317;200;202603;202603;4FTICTAB;00;NSNL;R;000000000184;000000000437,0;0,00423;0000000000001,85;0000000000000,07;0000000000000,00;0000000000001,92;;0000000000000,02;0000000000000,00;0000000000000,00;000000000000000;317
317;200;202603;202603;4FTICTBB;00;NSNL;N;000000012850;000000084974,9;0,00605;0000000000514,10;0000000000019,48;0000000000000,00;0000000000533,58;;0000000000004,63;0000000000000,00;0000000000000,00;000000000000051;317
317;200;202603;202603;4FTICTBB;00;NSNL;R;000000000174;000000000555,5;0,00423;0000000000002,35;0000000000000,09;0000000000000,00;0000000000002,44;;0000000000000,02;0000000000000,00;0000000000000,00;000000000000000;317
317;200;202603;202603;5FVICTCB;00;NSNL;N;000000013588;000000085898,1;0,00605;0000000000519,68;0000000000019,69;0000000000000,00;0000000000539,37;;0000000000004,68;0000000000000,00;0000000000000,00;000000000000052;317
317;200;202603;202603;5FVICTCB;00;NSNL;R;000000000213;000000000612,0;0,00423;0000000000002,59;0000000000000,10;0000000000000,00;0000000000002,69;;0000000000000,02;0000000000000,00;0000000000000,00;000000000000000;317
317;200;202603;202603;5FVICTDB;00;NSNL;N;000000012227;000000079254,5;0,00605;0000000000479,49;0000000000018,16;0000000000000,00;0000000000497,65;;0000000000004,32;0000000000000,00;0000000000000,00;000000000000048;317
317;200;202603;202603;5FVICTDB;00;NSNL;R;000000000171;000000000440,4;0,00423;0000000000001,86;0000000000000,07;0000000000000,00;0000000000001,93;;0000000000000,02;0000000000000,00;0000000000000,00;000000000000000;317
317;200;202603;202603;8OIF103O;00;NSNL;N;000000001373;000000004206,5;0,00605;0000000000025,45;0000000000000,96;0000000000000,00;0000000000026,41;;0000000000000,23;0000000000000,00;0000000000000,00;000000000000003;317
317;200;202603;202603;8OIF103O;00;NSNL;R;000000000019;000000000034,6;0,00423;0000000000000,15;0000000000000,01;0000000000000,00;0000000000000,16;;0000000000000,00;0000000000000,00;0000000000000,00;000000000000000;317
317;200;202603;202603;8OIF105O;00;NSNL;N;000000001468;000000004462,0;0,00605;0000000000027,00;0000000000001,02;0000000000000,00;0000000000028,02;;0000000000000,24;0000000000000,00;0000000000000,00;000000000000003;317
317;200;202603;202603;8OIF105O;00;NSNL;R;000000000017;000000000020,5;0,00423;0000000000000,09;0000000000000,00;0000000000000,00;0000000000000,09;;0000000000000,00;0000000000000,00;0000000000000,00;000000000000000;317
319;200;202603;202603;6OIF080O;00;NSNL;N;000000000002;000000000005,2;0,00605;0000000000000,03;0000000000000,00;0000000000000,00;0000000000000,03;;0000000000000,00;0000000000000,00;0000000000000,00;000000000000000;319
319;200;202603;202603;7FFICTGB;00;NSNL;N;000000005967;000000023844,2;0,00605;0000000000144,26;0000000000005,46;0000000000000,00;0000000000149,72;;0000000000001,30;0000000000000,00;0000000000000,00;000000000000014;319
319;200;202603;202603;7FFICTGB;00;NSNL;R;000000000116;000000000201,1;0,00423;0000000000000,85;0000000000000,03;0000000000000,00;0000000000000,88;;0000000000000,01;0000000000000,00;0000000000000,00;000000000000000;319
319;200;202603;202603;7FFICTHB;00;NSNL;N;000000005447;000000020374,7;0,00605;0000000000123,27;0000000000004,67;0000000000000,00;0000000000127,94;;0000000000001,11;0000000000000,00;0000000000000,00;000000000000012;319
319;200;202603;202603;7FFICTHB;00;NSNL;R;000000000108;000000000159,5;0,00423;0000000000000,67;0000000000000,03;0000000000000,00;0000000000000,70;;0000000000000,01;0000000000000,00;0000000000000,00;000000000000000;319
319;200;202603;202603;8FNICTEB;00;NSNL;N;000000005685;000000022371,7;0,00605;0000000000135,35;0000000000005,13;0000000000000,00;0000000000140,48;;0000000000001,22;0000000000000,00;0000000000000,00;000000000000014;319
319;200;202603;202603;8FNICTEB;00;NSNL;R;000000000101;000000000145,6;0,00423;0000000000000,62;0000000000000,02;0000000000000,00;0000000000000,64;;0000000000000,01;0000000000000,00;0000000000000,00;000000000000000;319
319;200;202603;202603;8FNICTFB;00;NSNL;N;000000005835;000000022401,0;0,00605;0000000000135,53;0000000000005,13;0000000000000,00;0000000000140,66;;0000000000001,22;0000000000000,00;0000000000000,00;000000000000014;319
319;200;202603;202603;8FNICTFB;00;NSNL;R;000000000116;000000000188,2;0,00423;0000000000000,80;0000000000000,03;0000000000000,00;0000000000000,83;;0000000000000,01;0000000000000,00;0000000000000,00;000000000000000;319
351;200;202603;202603;4FBICTAB;00;NSNL;N;000000017376;000000080966,6;0,00605;0000000000489,85;0000000000018,56;0000000000000,00;0000000000508,41;;0000000000004,41;0000000000000,00;0000000000000,00;000000000000049;351
351;200;202603;202603;4FBICTAB;00;NSNL;R;000000000633;000000002668,6;0,00423;0000000000011,29;0000000000000,43;0000000000000,00;0000000000011,72;;0000000000000,10;0000000000000,00;0000000000000,00;000000000000001;351
351;200;202603;202603;4FBICTBB;00;NSNL;N;000000015994;000000074756,1;0,00605;0000000000452,27;0000000000017,13;0000000000000,00;0000000000469,40;;0000000000004,07;0000000000000,00;0000000000000,00;000000000000045;351
351;200;202603;202603;4FBICTBB;00;NSNL;R;000000000663;000000002377,0;0,00423;0000000000010,05;0000000000000,38;0000000000000,00;0000000000010,43;;0000000000000,09;0000000000000,00;0000000000000,00;000000000000001;351
351;200;202603;202603;5FMICTCB;00;NSNL;N;000000047122;000000182230,9;0,00605;0000000001102,50;0000000000041,77;0000000000000,00;0000000001144,27;;0000000000009,92;0000000000000,00;0000000000000,00;000000000000110;351
351;200;202603;202603;5FMICTCB;00;NSNL;R;000000003399;000000009103,6;0,00423;0000000000038,51;0000000000001,46;0000000000000,00;0000000000039,97;;0000000000000,35;0000000000000,00;0000000000000,00;000000000000004;351
351;200;202603;202603;5FMICTDB;00;NSNL;N;000000045952;000000178003,8;0,00605;0000000001076,92;0000000000040,80;0000000000000,00;0000000001117,72;;0000000000009,69;0000000000000,00;0000000000000,00;000000000000108;351
351;200;202603;202603;5FMICTDB;00;NSNL;R;000000003343;000000008865,9;0,00423;0000000000037,50;0000000000001,42;0000000000000,00;0000000000038,92;;0000000000000,34;0000000000000,00;0000000000000,00;000000000000004;351
355;200;202603;202603;4XCTPR7S;00;NSNI;D;000000009963;000000029421,5;0,00671;0000000000197,42;0000000000007,48;0000000000000,00;0000000000204,90;;0000000000001,78;0000000000000,00;0000000000000,00;000000000000020;035
355;200;202603;202603;4XCTPR7S;00;NSNI;D;000000001906;000000005067,5;0,00671;0000000000034,00;0000000000001,29;0000000000000,00;0000000000035,29;;0000000000000,31;0000000000000,00;0000000000000,00;000000000000003;355
355;200;202603;202603;4XCTPR7S;00;NSNI;N;000000004697;000000015347,9;0,00671;0000000000102,98;0000000000003,90;0000000000000,00;0000000000106,88;;0000000000000,93;0000000000000,00;0000000000000,00;000000000000010;035
355;200;202603;202603;4XCTPR7S;00;NSNI;N;000000000833;000000001879,4;0,00671;0000000000012,61;0000000000000,48;0000000000000,00;0000000000013,09;;0000000000000,11;0000000000000,00;0000000000000,00;000000000000001;355
355;200;202603;202603;4XCTPR7S;00;NSNI;R;000000000856;000000005101,3;0,00671;0000000000034,23;0000000000001,30;0000000000000,00;0000000000035,53;;0000000000000,31;0000000000000,00;0000000000000,00;000000000000003;035
355;200;202603;202603;4XCTPR7S;00;NSNI;R;000000000050;000000000155,0;0,00671;0000000000001,04;0000000000000,04;0000000000000,00;0000000000001,08;;0000000000000,01;0000000000000,00;0000000000000,00;000000000000000;355
355;200;202603;202603;4XCTPR7S;00;NSNI;S;000000000051;000000000149,4;0,00671;0000000000001,00;0000000000000,04;0000000000000,00;0000000000001,04;;0000000000000,01;0000000000000,00;0000000000000,00;000000000000000;035
355;200;202603;202603;4XCTPR7S;00;NSNL;N;000000002733;000000007039,7;0,00605;0000000000042,59;0000000000001,61;0000000000000,00;0000000000044,20;;0000000000000,38;0000000000000,00;0000000000000,00;000000000000004;355
355;200;202603;202603;4XCTPR7S;00;NSNL;R;000000000024;000000000062,2;0,00423;0000000000000,26;0000000000000,01;0000000000000,00;0000000000000,27;;0000000000000,00;0000000000000,00;0000000000000,00;000000000000000;355
355;200;202603;202603;4XCTUL4S;00;NSNI;D;000000034837;000000117759,3;0,00671;0000000000790,16;0000000000029,93;0000000000000,00;0000000000820,09;;0000000000007,11;0000000000000,00;0000000000000,00;000000000000079;035
355;200;202603;202603;4XCTUL4S;00;NSNI;D;000000000003;000000000013,6;0,00671;0000000000000,09;0000000000000,00;0000000000000,00;0000000000000,09;;0000000000000,00;0000000000000,00;0000000000000,00;000000000000000;235
355;200;202603;202603;4XCTUL4S;00;NSNI;D;000000000037;000000000082,7;0,00671;0000000000000,55;0000000000000,02;0000000000000,00;0000000000000,57;;0000000000000,00;0000000000000,00;0000000000000,00;000000000000000;807
355;200;202603;202603;4XCTUL4S;00;NSNI;D;000000000008;000000000056,4;0,00671;0000000000000,38;0000000000000,01;0000000000000,00;0000000000000,39;;0000000000000,00;0000000000000,00;0000000000000,00;000000000000000;934
355;200;202603;202603;4XCTUL4S;00;NSNI;N;000000016067;000000055106,0;0,00671;0000000000369,76;0000000000014,01;0000000000000,00;0000000000383,77;;0000000000003,33;0000000000000,00;0000000000000,00;000000000000037;035
355;200;202603;202603;4XCTUL4S;00;NSNI;N;000000000002;000000000004,3;0,00671;0000000000000,03;0000000000000,00;0000000000000,00;0000000000000,03;;0000000000000,00;0000000000000,00;0000000000000,00;000000000000000;235
355;200;202603;202603;4XCTUL4S;00;NSNI;N;000000000020;000000000068,6;0,00671;0000000000000,46;0000000000000,02;0000000000000,00;0000000000000,48;;0000000000000,00;0000000000000,00;0000000000000,00;000000000000000;807
355;200;202603;202603;4XCTUL4S;00;NSNI;N;000000000005;000000000036,5;0,00671;0000000000000,24;0000000000000,01;0000000000000,00;0000000000000,25;;0000000000000,00;0000000000000,00;0000000000000,00;000000000000000;934
355;200;202603;202603;4XCTUL4S;00;NSNI;R;000000003904;000000019461,5;0,00671;0000000000130,59;0000000000004,95;0000000000000,00;0000000000135,54;;0000000000001,18;0000000000000,00;0000000000000,00;000000000000013;035
355;200;202603;202603;4XCTUL4S;00;NSNI;R;000000000001;000000000009,1;0,00671;0000000000000,06;0000000000000,00;0000000000000,00;0000000000000,06;;0000000000000,00;0000000000000,00;0000000000000,00;000000000000000;934
355;200;202603;202603;4XCTUL4S;00;NSNI;S;000000001120;000000000980,4;0,00671;0000000000006,58;0000000000000,25;0000000000000,00;0000000000006,83;;0000000000000,06;0000000000000,00;0000000000000,00;000000000000001;035
355;200;202603;202603;4XEBTA4S;00;NSNL;N;000000000022;000000000062,9;0,00605;0000000000000,38;0000000000000,01;0000000000000,00;0000000000000,39;;0000000000000,00;0000000000000,00;0000000000000,00;000000000000000;355
355;200;202603;202603;4XEBTA7S;00;NSNL;N;000000000004;000000000004,9;0,00605;0000000000000,03;0000000000000,00;0000000000000,00;0000000000000,03;;0000000000000,00;0000000000000,00;0000000000000,00;000000000000000;355
355;200;202603;202603;4XEBTD4S;00;NSNL;N;000000000014;000000000032,6;0,00605;0000000000000,20;0000000000000,01;0000000000000,00;0000000000000,21;;0000000000000,00;0000000000000,00;0000000000000,00;000000000000000;355
355;200;202603;202603;4XEBTD7S;00;NSNL;N;000000000003;000000000006,0;0,00605;0000000000000,04;0000000000000,00;0000000000000,00;0000000000000,04;;0000000000000,00;0000000000000,00;0000000000000,00;000000000000000;355
355;200;202603;202603;8FLICTAB;00;NSNL;N;000000063642;000000304338,9;0,00605;0000000001841,25;0000000000069,75;0000000000000,00;0000000001911,00;;0000000000016,57;0000000000000,00;0000000000000,00;000000000000184;355
355;200;202603;202603;8FLICTAB;00;NSNL;R;000000001005;000000003824,1;0,00423;0000000000016,18;0000000000000,61;0000000000000,00;0000000000016,79;;0000000000000,15;0000000000000,00;0000000000000,00;000000000000002;355
355;200;202603;202603;8FLICTBB;00;NSNL;N;000000061200;000000293750,6;0,00605;0000000001777,19;0000000000067,32;0000000000000,00;0000000001844,51;;0000000000015,99;0000000000000,00;0000000000000,00;000000000000178;355
355;200;202603;202603;8FLICTBB;00;NSNL;R;000000000947;000000003063,8;0,00423;0000000000012,96;0000000000000,49;0000000000000,00;0000000000013,45;;0000000000000,12;0000000000000,00;0000000000000,00;000000000000001;355
355;200;202603;202603;9FSICTAB;00;NSNL;N;000000064437;000000307596,4;0,00605;0000000001860,96;0000000000070,50;0000000000000,00;0000000001931,46;;0000000000016,75;0000000000000,00;0000000000000,00;000000000000186;355
355;200;202603;202603;9FSICTAB;00;NSNL;R;000000001020;000000003908,7;0,00423;0000000000016,53;0000000000000,63;0000000000000,00;0000000000017,16;;0000000000000,15;0000000000000,00;0000000000000,00;000000000000002;355
355;200;202603;202603;9FSICTBB;00;NSNL;N;000000061299;000000289537,7;0,00605;0000000001751,70;0000000000066,36;0000000000000,00;0000000001818,06;;0000000000015,77;0000000000000,00;0000000000000,00;000000000000175;355
355;200;202603;202603;9FSICTBB;00;NSNL;R;000000000956;000000003303,9;0,00423;0000000000013,98;0000000000000,53;0000000000000,00;0000000000014,51;;0000000000000,13;0000000000000,00;0000000000000,00;000000000000001;355
361;200;202603;202603;3CTB002I;00;NENL;N;000000000040;000000000176,1;0,00608;0000000000001,07;0000000000000,04;0000000000000,00;0000000000001,11;;0000000000000,01;0000000000000,00;0000000000000,00;000000000000000;361
361;200;202603;202603;4OIF075O;00;NSNL;N;000000000069;000000000200,6;0,00608;0000000000001,22;0000000000000,05;0000000000000,00;0000000000001,27;;0000000000000,01;0000000000000,00;0000000000000,00;000000000000000;361
361;200;202603;202603;4OIF075O;00;NSNL;R;000000000025;000000000141,0;0,00425;0000000000000,60;0000000000000,02;0000000000000,00;0000000000000,62;;0000000000000,01;0000000000000,00;0000000000000,00;000000000000000;361
361;200;202603;202603;4OIF077O;00;NSNL;N;000000000052;000000000158,4;0,00608;0000000000000,96;0000000000000,04;0000000000000,00;0000000000001,00;;0000000000000,01;0000000000000,00;0000000000000,00;000000000000000;361
361;200;202603;202603;4OIF077O;00;NSNL;R;000000000038;000000000129,4;0,00425;0000000000000,55;0000000000000,02;0000000000000,00;0000000000000,57;;0000000000000,00;0000000000000,00;0000000000000,00;000000000000000;361
361;200;202603;202603;4OIF083O;00;NSNL;N;000000000069;000000000222,9;0,00608;0000000000001,36;0000000000000,05;0000000000000,00;0000000000001,41;;0000000000000,01;0000000000000,00;0000000000000,00;000000000000000;361
361;200;202603;202603;4OIF085O;00;NSNL;N;000000000082;000000000245,5;0,00608;0000000000001,49;0000000000000,06;0000000000000,00;0000000000001,55;;0000000000000,01;0000000000000,00;0000000000000,00;000000000000000;361
361;200;202603;202603;4OIF085O;00;NSNL;R;000000000001;000000000001,9;0,00425;0000000000000,01;0000000000000,00;0000000000000,00;0000000000000,01;;0000000000000,00;0000000000000,00;0000000000000,00;000000000000000;361
361;200;202603;202603;6FIICTAB;00;NSNL;N;000000021166;000000093727,2;0,00608;0000000000569,86;0000000000021,59;0000000000000,00;0000000000591,45;;0000000000005,13;0000000000000,00;0000000000000,00;000000000000057;361
361;200;202603;202603;6FIICTAB;00;NSNL;R;000000000598;000000001462,7;0,00425;0000000000006,22;0000000000000,24;0000000000000,00;0000000000006,46;;0000000000000,06;0000000000000,00;0000000000000,00;000000000000001;361
361;200;202603;202603;6FIICTCB;00;NSNL;N;000000021083;000000096643,8;0,00608;0000000000587,59;0000000000022,26;0000000000000,00;0000000000609,85;;0000000000005,29;0000000000000,00;0000000000000,00;000000000000059;361
361;200;202603;202603;6FIICTCB;00;NSNL;R;000000000615;000000001701,0;0,00425;0000000000007,23;0000000000000,27;0000000000000,00;0000000000007,50;;0000000000000,07;0000000000000,00;0000000000000,00;000000000000001;361
361;200;202603;202603;7FAICTCB;00;NSNL;N;000000021125;000000093314,6;0,00608;0000000000567,35;0000000000021,49;0000000000000,00;0000000000588,84;;0000000000005,11;0000000000000,00;0000000000000,00;000000000000057;361
361;200;202603;202603;7FAICTCB;00;NSNL;R;000000000620;000000001409,8;0,00425;0000000000005,99;0000000000000,23;0000000000000,00;0000000000006,22;;0000000000000,05;0000000000000,00;0000000000000,00;000000000000001;361
361;200;202603;202603;7FBICTDB;00;NSNL;N;000000021497;000000098793,4;0,00608;0000000000600,66;0000000000022,75;0000000000000,00;0000000000623,41;;0000000000005,41;0000000000000,00;0000000000000,00;000000000000060;361
361;200;202603;202603;7FBICTDB;00;NSNL;R;000000000646;000000001532,8;0,00425;0000000000006,51;0000000000000,25;0000000000000,00;0000000000006,76;;0000000000000,06;0000000000000,00;0000000000000,00;000000000000001;361
361;200;202603;202603;8CTB002I;00;NENL;N;000000000030;000000000108,8;0,00608;0000000000000,66;0000000000000,03;0000000000000,00;0000000000000,69;;0000000000000,01;0000000000000,00;0000000000000,00;000000000000000;361
361;200;202603;202603;8CTB002I;00;NENL;R;000000000002;000000000007,3;0,00425;0000000000000,03;0000000000000,00;0000000000000,00;0000000000000,03;;0000000000000,00;0000000000000,00;0000000000000,00;000000000000000;361
431;200;202603;202603;4OIF091O;00;NSNL;N;000000000315;000000001944,1;0,00608;0000000000011,82;0000000000000,45;0000000000000,00;0000000000012,27;;0000000000000,11;0000000000000,00;0000000000000,00;000000000000001;431
431;200;202603;202603;4OIF091O;00;NSNL;R;000000000042;000000000259,8;0,00425;0000000000001,10;0000000000000,04;0000000000000,00;0000000000001,14;;0000000000000,01;0000000000000,00;0000000000000,00;000000000000000;431
431;200;202603;202603;4OIF093O;00;NSNL;N;000000002297;000000012563,7;0,00608;0000000000076,39;0000000000002,89;0000000000000,00;0000000000079,28;;0000000000000,69;0000000000000,00;0000000000000,00;000000000000008;431
431;200;202603;202603;4OIF093O;00;NSNL;R;000000000012;000000000032,5;0,00425;0000000000000,14;0000000000000,01;0000000000000,00;0000000000000,15;;0000000000000,00;0000000000000,00;0000000000000,00;000000000000000;431
431;200;202603;202603;4OIF099O;00;NSNL;N;000000000081;000000000247,4;0,00608;0000000000001,50;0000000000000,06;0000000000000,00;0000000000001,56;;0000000000000,01;0000000000000,00;0000000000000,00;000000000000000;431
431;200;202603;202603;4OIF099O;00;NSNL;R;000000000005;000000000023,1;0,00425;0000000000000,10;0000000000000,00;0000000000000,00;0000000000000,10;;0000000000000,00;0000000000000,00;0000000000000,00;000000000000000;431
431;200;202603;202603;4OIF101O;00;NSNL;N;000000001128;000000003831,7;0,00608;0000000000023,30;0000000000000,88;0000000000000,00;0000000000024,18;;0000000000000,21;0000000000000,00;0000000000000,00;000000000000002;431
431;200;202603;202603;4OIF101O;00;NSNL;R;000000000062;000000000245,8;0,00425;0000000000001,04;0000000000000,04;0000000000000,00;0000000000001,08;;0000000000000,01;0000000000000,00;0000000000000,00;000000000000000;431
431;200;202603;202603;6FRICTHB;00;NSNL;N;000000034818;000000187189,5;0,00608;0000000001138,11;0000000000043,11;0000000000000,00;0000000001181,22;;0000000000010,24;0000000000000,00;0000000000000,00;000000000000114;431
431;200;202603;202603;6FRICTHB;00;NSNL;R;000000001450;000000005914,9;0,00425;0000000000025,14;0000000000000,95;0000000000000,00;0000000000026,09;;0000000000000,23;0000000000000,00;0000000000000,00;000000000000003;431
432;200;202603;202603;4FMISMFO;00;NSNL;N;000000000001;000000000001,7;0,00608;0000000000000,01;0000000000000,00;0000000000000,00;0000000000000,01;;0000000000000,00;0000000000000,00;0000000000000,00;000000000000000;432
661;200;202603;202603;6OIF089O;00;NSNL;N;000000000002;000000000001,8;0,00608;0000000000000,01;0000000000000,00;0000000000000,00;0000000000000,01;;0000000000000,00;0000000000000,00;0000000000000,00;000000000000000;661
661;200;202603;202603;6OIF089O;00;NSNL;R;000000000002;000000000002,0;0,00425;0000000000000,01;0000000000000,00;0000000000000,00;0000000000000,01;;0000000000000,00;0000000000000,00;0000000000000,00;000000000000000;661
661;200;202603;202603;9FOICTGB;00;NSNL;N;000000000185;000000000725,7;0,00608;0000000000004,41;0000000000000,17;0000000000000,00;0000000000004,58;;0000000000000,04;0000000000000,00;0000000000000,00;000000000000000;661
661;200;202603;202603;9FOICTHB;00;NSNL;N;000000000181;000000000667,6;0,00608;0000000000004,06;0000000000000,15;0000000000000,00;0000000000004,21;;0000000000000,04;0000000000000,00;0000000000000,00;000000000000000;661
661;200;202603;202603;9XCCTA1B;00;NSNL;N;000000071270;000000275898,9;0,00608;0000000001677,47;0000000000063,55;0000000000000,00;0000000001741,02;;0000000000015,10;0000000000000,00;0000000000000,00;000000000000168;661
661;200;202603;202603;9XCCTA1B;00;NSNL;R;000000002022;000000005022,7;0,00425;0000000000021,35;0000000000000,81;0000000000000,00;0000000000022,16;;0000000000000,19;0000000000000,00;0000000000000,00;000000000000002;661
674;200;202603;202603;1FHICTEB;00;NSNL;N;000000039454;000000153705,8;0,00608;0000000000934,53;0000000000035,40;0000000000000,00;0000000000969,93;;0000000000008,41;0000000000000,00;0000000000000,00;000000000000093;674
674;200;202603;202603;1FHICTEB;00;NSNL;R;000000001133;000000003249,8;0,00425;0000000000013,81;0000000000000,52;0000000000000,00;0000000000014,33;;0000000000000,12;0000000000000,00;0000000000000,00;000000000000001;674
674;200;202603;202603;1FHICTFB;00;NSNL;N;000000025513;000000106756,8;0,00608;0000000000649,08;0000000000024,59;0000000000000,00;0000000000673,67;;0000000000005,84;0000000000000,00;0000000000000,00;000000000000065;674
674;200;202603;202603;1FHICTFB;00;NSNL;R;000000000614;000000001870,9;0,00425;0000000000007,95;0000000000000,30;0000000000000,00;0000000000008,25;;0000000000000,07;0000000000000,00;0000000000000,00;000000000000001;674
674;200;202603;202603;5FUICTGB;00;NSNL;N;000000000021;000000000141,1;0,00608;0000000000000,86;0000000000000,03;0000000000000,00;0000000000000,89;;0000000000000,01;0000000000000,00;0000000000000,00;000000000000000;674
674;200;202603;202603;5XBCTA2B;00;NSNL;N;000000003647;000000017713,1;0,00608;0000000000107,70;0000000000004,08;0000000000000,00;0000000000111,78;;0000000000000,97;0000000000000,00;0000000000000,00;000000000000011;674
674;200;202603;202603;5XBCTA2B;00;NSNL;R;000000000276;000000000707,8;0,00425;0000000000003,01;0000000000000,11;0000000000000,00;0000000000003,12;;0000000000000,03;0000000000000,00;0000000000000,00;000000000000000;674
674;200;202603;202603;9FOICTGB;00;NSNL;N;000000000001;000000000003,5;0,00608;0000000000000,02;0000000000000,00;0000000000000,00;0000000000000,02;;0000000000000,00;0000000000000,00;0000000000000,00;000000000000000;674
674;200;202603;202603;9FOICTHB;00;NSNL;N;000000000001;000000000001,6;0,00608;0000000000000,01;0000000000000,00;0000000000000,00;0000000000000,01;;0000000000000,00;0000000000000,00;0000000000000,00;000000000000000;674
674;200;202603;202603;9XCCTA1B;00;NSNL;N;000000000612;000000001598,2;0,00608;0000000000009,72;0000000000000,37;0000000000000,00;0000000000010,09;;0000000000000,09;0000000000000,00;0000000000000,00;000000000000001;674
674;200;202603;202603;9XCCTA1B;00;NSNL;R;000000000002;000000000001,3;0,00425;0000000000000,01;0000000000000,00;0000000000000,00;0000000000000,01;;0000000000000,00;0000000000000,00;0000000000000,00;000000000000000;674
ALGAR;VIVO;202603;;;01;;;000001048236;000004524781,1;;0000000027556,26;0000000001043,76;0000000000000,00;0000000028600,02
