25,10,202603,202603,SPOX_1007,0, LENL,N,1,2,"0,00631","0,01",0,0,"0,01",0,F,25
25,10,202603,202603,SPOX_0046,0, LENL,R,7,"9,8","0,00441","0,04",0,0,"0,04",0,F,25
25,10,202603,202603,SPOX_1270,0, LENL,N,1,"1,5","0,00631","0,01",0,0,"0,01",0,F,25
25,10,202603,202603,SPOX_0089,0, LENL,N,1,"0,5","0,00631",0,0,0,0,0,F,25
25,10,202603,202603,SPOX_0046,0, LENL,N,9,"13,3","0,00631","0,08",0,0,"0,08",0,F,25
25,10,202603,202603,SPOX_9655,0, LENL,N,1,"1,3","0,00631","0,01",0,0,"0,01",0,F,25
35,30,202603,202602,ULAX_4721,0, LENL,N,2,7,"0,00626","0,05",0,0,"0,05",0,F,35
35,30,202603,202603,ULAX_1055,0, LENL,N,8529,"22137,9","0,00631","139,68","5,29",0,"144,97",0,F,35
35,30,202603,202603,ULAX_4759,0, LENL,N,661,"1240,5","0,00631","7,82","0,29",0,"8,11",0,F,35
35,30,202603,202602,ULAX_4765,0, LENL,N,56,"96,7","0,00631","0,61","0,01",0,"0,62",0,F,35
35,30,202603,202603,ULAX_4721,0, LENL,R,12383,"25760,5","0,00441","113,55","4,24",0,"117,79",0,F,35
35,30,202603,202602,ULAX_0873,0, LENL,R,41,"97,7","0,00438","0,43","0,01",0,"0,44",0,F,35
35,30,202603,202603,ULAX_0873,0, LENL,N,206,"581,1","0,00631","3,65","0,13",0,"3,78",0,F,35
35,30,202603,202603,ULAX_4758,0, LENL,N,517239,"1106098,7","0,00631","6979,46","264,3",0,"7243,76",0,F,35
35,30,202603,202602,ULAX_4758,0, LENL,R,6,"5,4","0,00441","0,02",0,0,"0,02",0,F,35
35,30,202603,202603,ULAX_2826,0, LSAL,R,17,"11,2","0,00441","0,03",0,0,"0,03",0,F,35
35,30,202603,202603,ULAX_4765,0, LENL,R,40091,"83963,2","0,00441","370,2","13,94",0,"384,14",0,F,35
35,30,202603,202602,ULAX_0873,0, LENL,N,110,"306,1","0,00626","1,91","0,07",0,"1,98",0,F,35
35,30,202603,202603,SPOX_9655,0, LENL,N,9,"6,8","0,00631","0,04",0,0,"0,04",0,F,35
35,30,202603,202603,ULAX_4728,0, LENL,N,162647,"316978,1","0,00631","2000,13","75,68",0,"2075,81",0,F,35
35,30,202603,202602,ULAX_4758,0, LENL,N,47,"62,3","0,00631","0,4",0,0,"0,4",0,F,35
35,30,202603,202603,ULAX_1055,0, LSAL,R,2,15,"0,00441","0,07",0,0,"0,07",0,F,35
35,30,202603,202603,ULAX_4762,0, LENL,R,70,"164,2","0,00441","0,71","0,01",0,"0,72",0,F,35
35,30,202603,202601,ULAX_4758,0, LENL,N,30,"52,9","0,00626","0,33","0,01",0,"0,34",0,F,35
35,30,202603,202603,SPOX_0090,0, LENL,N,1,"3,6","0,00631","0,02",0,0,"0,02",0,F,35
35,30,202603,202603,ULAX_4722,0, LENL,R,7,"31,9","0,00441","0,14",0,0,"0,14",0,F,35
35,30,202603,202602,ULAX_4721,0, LENL,R,1,"0,9","0,00438",0,0,0,0,0,F,35
35,30,202603,202603,ULAX_1055,0, LENL,R,3671,"10150,6","0,00441","44,79","1,69",0,"46,48",0,F,35
35,30,202603,202603,ULAX_4759,0, LENL,R,50,"157,1","0,00441","0,69","0,02",0,"0,71",0,F,35
35,30,202603,202602,ULAX_4765,0, LENL,R,21,"32,4","0,00438","0,13",0,0,"0,13",0,F,35
35,30,202603,202603,ULAX_4721,0, LSAL,N,1,"0,7","0,00631",0,0,0,0,0,F,35
35,30,202603,202602,ULAX_0873,0, LENL,R,8,"37,3","0,00441","0,17",0,0,"0,17",0,F,35
35,30,202603,202603,ULAX_0873,0, LENL,R,36,"270,5","0,00441","1,19","0,04",0,"1,23",0,F,35
35,30,202603,202603,ULAX_4758,0, LENL,R,40597,"83325,1","0,00441","367,38","13,83",0,"381,21",0,F,35
35,30,202603,202602,ULAX_4765,0, LENL,N,120,"217,3","0,00626","1,35","0,04",0,"1,39",0,F,35
35,30,202603,202603,ULAX_4721,0, LENL,N,162643,"317349,1","0,00631","2002,4","75,78",0,"2078,18",0,F,35
35,30,202603,202602,ULAX_0873,0, LENL,N,30,"69,2","0,00631","0,44","0,01",0,"0,45",0,F,35
35,30,202603,202603,SPOX_9655,0, LENL,R,1,"0,8","0,00441",0,0,0,0,0,F,35
35,30,202603,202603,ULAX_4728,0, LENL,R,12201,"25006,2","0,00441","110,23","4,11",0,"114,34",0,F,35
35,30,202603,202602,ULAX_4758,0, LENL,R,14,"15,5","0,00438","0,07",0,0,"0,07",0,F,35
35,30,202603,202603,ULAX_2826,0, LSAL,N,20,"31,8","0,00631","0,18",0,0,"0,18",0,F,35
35,30,202603,202603,ULAX_4765,0, LENL,N,517201,"1109741,3","0,00631","7002,43","265,16",0,"7267,59",0,F,35
35,30,202603,202601,ULAX_4765,0, LENL,N,33,"59,2","0,00626","0,37","0,01",0,"0,38",0,F,35
35,30,202603,202603,SPOX_8441,0, LENL,N,1,"3,6","0,00631","0,02",0,0,"0,02",0,F,35
35,30,202603,202603,ULAX_4725,0, LENL,N,671,"2115,5","0,00631","13,36","0,48",0,"13,84",0,F,35
35,30,202603,202602,ULAX_4758,0, LENL,N,123,"264,8","0,00626","1,66","0,04",0,"1,7",0,F,35
35,30,202603,202603,ULAX_1055,0, LSAL,N,11,"26,2","0,00631","0,17",0,0,"0,17",0,F,35
35,30,202603,202603,ULAX_4762,0, LENL,N,397,"848,8","0,00631","5,34","0,18",0,"5,52",0,F,35
35,30,202603,202602,ULAX_4765,0, LENL,R,1,"0,6","0,00441",0,0,0,0,0,F,35
35,30,202603,202603,ULAX_4722,0, LENL,N,673,"1188,8","0,00631","7,51","0,26",0,"7,77",0,F,35
48,68,202603,202602,ULAX_4006,0, LENL,R,5,"5,7","0,00438","0,03",0,0,"0,03",0,F,48
48,68,202603,202603,ULAX_4006,0, LENL,N,14637,"30839,6","0,00631","194,58","7,3",0,"201,88",0,F,48
48,68,202603,202602,ULAX_4006,0, LENL,N,1,9,"0,00631","0,06",0,0,"0,06",0,F,48
48,68,202603,202603,ULAX_4006,0, LENL,R,1279,"2650,9","0,00441","11,68","0,4",0,"12,08",0,F,48
49,66,202603,202603,ULAX_5040,0, LENL,R,173,"175,6","0,00441","0,77","0,02",0,"0,79",0,F,49
49,66,202603,202603,ULAX_1051,0, LENL,R,1601,"2073,2","0,00441","9,1","0,33",0,"9,43",0,F,49
49,66,202603,202602,ULAX_1051,0, LENL,N,4,"3,1","0,00631","0,02",0,0,"0,02",0,F,49
49,66,202603,202603,ULAX_5040,0, LENL,N,1775,"3509,1","0,00631","22,14","0,8",0,"22,94",0,F,49
49,66,202603,202603,ULAX_1051,0, LENL,N,18212,"32237,8","0,00631","203,4","7,67",0,"211,07",0,F,49
143,10,202603,202603,SPOX_6692,0, LENL,N,97198,"339436,6","0,0061","2070,54","78,37",0,"2148,91",0,F,143
143,10,202603,202602,SPOX_1270,0, LENL,N,5,"8,2","0,00604","0,05",0,0,"0,05",0,F,143
143,10,202603,202603,SPO_10402,0, LENL,R,6901,13717,"0,00427","58,5","2,17",0,"60,67",0,F,143
143,10,202603,202602,SPO_10416,0, LENL,N,43,"129,4","0,0061","0,8","0,02",0,"0,82",0,F,143
143,10,202603,202603,SPO_11404,0, LENL,N,938,"2472,1","0,0061","15,04","0,54",0,"15,58",0,F,143
143,10,202603,202603,SPOX_0089,0, LENL,N,36595,"133621,9","0,0061","815,03","30,81",0,"845,84",0,F,143
143,10,202603,202603,SPOX_0899,0, LENL,N,36,"123,9","0,0061","0,75","0,02",0,"0,77",0,F,143
143,10,202603,202602,SPOX_0738,0, LENL,N,2294,"8567,5","0,0061","52,29","1,93",0,"54,22",0,F,143
143,10,202603,202603,SPO_10150,0, LENL,N,118299,"565845,3","0,0061","3451,63","130,65",0,"3582,28",0,F,143
143,10,202603,202602,SPOX_6692,0, LENL,N,5,"9,8","0,00604","0,06",0,0,"0,06",0,F,143
143,10,202603,202603,SPO_10808,0, LENL,N,179250,"602781,4","0,0061","3676,95","139,22",0,"3816,17",0,F,143
143,10,202603,202602,SPO_11400,0, LENL,N,51,"132,3","0,0061","0,79","0,02",0,"0,81",0,F,143
143,10,202603,202603,SPO_12170,0, LENL,R,295,"1069,7","0,00427","4,55","0,15",0,"4,7",0,F,143
143,10,202603,202603,SPOX_0346,0, LENL,R,6,"7,3","0,00427","0,02",0,0,"0,02",0,F,143
143,10,202603,202603,SPOX_0916,0, LENL,R,14,"19,9","0,00427","0,07",0,0,"0,07",0,F,143
143,10,202603,202603,SPOX_6685,0, LENL,N,2069,"8966,8","0,0061","54,64","2,04",0,"56,68",0,F,143
143,10,202603,202602,SPOX_1007,0, LENL,N,4,"7,5","0,0061","0,04",0,0,"0,04",0,F,143
143,10,202603,202603,SPO_10155,0, LENL,R,313,"520,1","0,00427","2,23","0,06",0,"2,29",0,F,143
143,10,202603,202602,SPO_10402,0, LENL,R,6,"14,4","0,00422","0,06",0,0,"0,06",0,F,143
143,10,202603,202603,SPO_11401,0, LENL,N,1236,"5143,2","0,0061","31,33","1,14",0,"32,47",0,F,143
143,10,202603,202603,SPOX_0046,0, LENL,N,10,"15,2","0,0061","0,08",0,0,"0,08",0,F,143
143,10,202603,202603,SPOX_0897,0, LENL,N,3960,"21632,2","0,0061","131,96","4,94",0,"136,9",0,F,143
143,10,202603,202602,SPOX_0090,0, LENL,R,2,"5,6","0,00422","0,02",0,0,"0,02",0,F,143
143,10,202603,202603,SPOX_9655,0, LENL,N,125,629,"0,0061","3,84","0,13",0,"3,97",0,F,143
143,10,202603,202602,SPOX_1285,0, LENL,R,10,"11,9","0,00427","0,05",0,0,"0,05",0,F,143
143,10,202603,202603,SPO_10619,0, LENL,N,146763,"1091229,4","0,0061","6656,51","252,08",0,"6908,59",0,F,143
143,10,202603,202602,SPO_10808,0, LENL,N,426,"1272,6","0,0061","7,77","0,29",0,"8,06",0,F,143
143,10,202603,202603,SPO_12040,0, LENL,R,240,"712,9","0,00427","3,02","0,09",0,"3,11",0,F,143
143,10,202603,202603,SPOX_0134,0, LENL,R,6,"13,9","0,00427","0,05",0,0,"0,05",0,F,143
143,10,202603,202603,SPOX_0905,0, LENL,R,9,"13,4","0,00427","0,05",0,0,"0,05",0,F,143
143,10,202603,202603,SPOX_1285,0, LENL,N,473773,"2361849,2","0,0061","14407,38","545,69",0,"14953,07",0,F,143
143,10,202603,202602,SPOX_0905,0, LENL,N,4,"5,5","0,0061","0,03",0,0,"0,03",0,F,143
143,10,202603,202603,SPO_10154,0, LENL,R,6158,"16671,2","0,00427","71,17","2,63",0,"73,8",0,F,143
143,10,202603,202602,SPO_10402,0, LENL,N,46,"227,8","0,00604","1,38","0,03",0,"1,41",0,F,143
143,10,202603,202603,SPO_11400,0, LENL,N,209544,"670679,8","0,0061","4091,1","154,87",0,"4245,97",0,F,143
143,10,202603,202602,SPO_14657,0, LENL,N,1,10,"0,00604","0,06",0,0,"0,06",0,F,143
143,10,202603,202603,SPOX_0810,0, LENL,N,176,"490,7","0,0061","3,02","0,1",0,"3,12",0,F,143
143,10,202603,202602,SPOX_0090,0, LENL,N,5,"19,2","0,00604","0,11",0,0,"0,11",0,F,143
143,10,202603,202603,SPOX_8441,0, LENL,N,28241,"103600,9","0,0061",632,"23,86",0,"655,86",0,F,143
143,10,202603,202602,SPOX_1285,0, LENL,N,2268,"8530,1","0,0061","52,02","1,92",0,"53,94",0,F,143
143,10,202603,202603,SPO_10616,0, LENL,N,68,"217,1","0,0061","1,29","0,03",0,"1,32",0,F,143
143,10,202603,202602,SPO_10619,0, LENL,N,8,"88,4","0,0061","0,54","0,01",0,"0,55",0,F,143
143,10,202603,202603,SPO_11407,0, LENL,R,205,"276,9","0,00427","1,16","0,04",0,"1,2",0,F,143
143,10,202603,202603,SPOX_0090,0, LENL,R,1323,"4070,3","0,00427","17,3","0,6",0,"17,9",0,F,143
143,10,202603,202603,SPOX_0902,0, LENL,R,62,"98,9","0,00427","0,4","0,01",0,"0,41",0,F,143
143,10,202603,202603,SPOX_1270,0, LENL,N,21437,"78858,8","0,0061","481,09","18,13",0,"499,22",0,F,143
143,10,202603,202602,SPOX_0897,0, LENL,N,1,"4,4","0,0061","0,03",0,0,"0,03",0,F,143
143,10,202603,202603,SPO_10151,0, LENL,R,363,"540,7","0,00427","2,28","0,04",0,"2,32",0,F,143
143,10,202603,202602,SPOX_8441,0, LENL,N,7,"24,3","0,0061","0,15",0,0,"0,15",0,F,143
143,10,202603,202603,SPO_10809,0, LENL,R,199,"274,5","0,00427","1,15","0,03",0,"1,18",0,F,143
143,10,202603,202602,SPO_12040,0, LENL,N,2,"10,2","0,0061","0,06",0,0,"0,06",0,F,143
143,10,202603,202603,SPOX_0738,0, LENL,N,478248,"2375876,7","0,0061","14492,82","548,91",0,"15041,73",0,F,143
143,10,202603,202602,SPOX_0089,0, LENL,N,2,"1,7","0,00604","0,01",0,0,"0,01",0,F,143
143,10,202603,202603,SPOX_6692,0, LENL,R,5625,"8726,8","0,00427","37,19","1,36",0,"38,55",0,F,143
143,10,202603,202602,SPOX_1270,0, LENL,N,5,"5,1","0,0061","0,03",0,0,"0,03",0,F,143
143,10,202603,202603,SPO_10416,0, LENL,N,145927,"481627,1","0,0061","2937,99","111,18",0,"3049,17",0,F,143
143,10,202603,202602,SPO_10416,0, LENL,R,2,"1,9","0,00422","0,01",0,0,"0,01",0,F,143
143,10,202603,202603,SPO_11404,0, LENL,R,60,"131,4","0,00427","0,57","0,01",0,"0,58",0,F,143
143,10,202603,202603,SPOX_0089,0, LENL,R,1653,"6330,4","0,00427","27,02","0,97",0,"27,99",0,F,143
143,10,202603,202603,SPOX_0899,0, LENL,R,3,"5,8","0,00427","0,02",0,0,"0,02",0,F,143
143,10,202603,202602,SPOX_0738,0, LENL,R,53,"155,5","0,00422","0,64","0,02",0,"0,66",0,F,143
143,10,202603,202603,SPO_10150,0, LENL,R,6158,"15769,9","0,00427","67,32","2,47",0,"69,79",0,F,143
143,10,202603,202602,SPOX_6692,0, LENL,N,9,"5,5","0,0061","0,04",0,0,"0,04",0,F,143
143,10,202603,202603,SPO_10808,0, LENL,R,7356,"17125,2","0,00427","73,07","2,71",0,"75,78",0,F,143
143,10,202603,202602,SPO_11400,0, LENL,R,3,"2,9","0,00422","0,01",0,0,"0,01",0,F,143
143,10,202603,202603,SPO_14657,0, LENL,N,2285,"9577,8","0,0061","58,4","2,17",0,"60,57",0,F,143
143,10,202603,202603,SPOX_0351,0, LSAL,N,105,"123,8","0,0061","0,75","0,02",0,"0,77",0,F,143
143,10,202603,202603,SPOX_1007,0, LENL,N,23666,"88532,6","0,0061","540,07","20,38",0,"560,45",0,F,143
143,10,202603,202603,SPOX_6685,0, LENL,R,100,"228,4","0,00427","0,95","0,02",0,"0,97",0,F,143
143,10,202603,202602,SPOX_1007,0, LENL,R,1,"0,9","0,00422",0,0,0,0,0,F,143
143,10,202603,202603,SPO_10402,0, LENL,N,127397,"420357,7","0,0061","2564,16","97,04",0,"2661,2",0,F,143
143,10,202603,202602,SPO_10416,0, LENL,N,55,"164,8","0,00604","0,99","0,01",0,1,0,F,143
143,10,202603,202603,SPO_11401,0, LENL,R,36,"41,2","0,00427","0,17",0,0,"0,17",0,F,143
143,10,202603,202603,SPOX_0046,0, LENL,R,2,"8,2","0,00427","0,04",0,0,"0,04",0,F,143
143,10,202603,202603,SPOX_0897,0, LENL,R,271,"981,7","0,00427","4,18","0,14",0,"4,32",0,F,143
143,10,202603,202602,SPOX_0738,0, LENL,N,1132,"4552,3","0,00604","27,52","1,01",0,"28,53",0,F,143
143,10,202603,202603,SPOX_9655,0, LENL,R,39,93,"0,00427","0,39","0,01",0,"0,4",0,F,143
143,10,202603,202602,SPOX_6685,0, LENL,N,1,"5,1","0,0061","0,03",0,0,"0,03",0,F,143
143,10,202603,202603,SPO_10619,0, LENL,R,7787,"30995,4","0,00427","132,28","4,95",0,"137,23",0,F,143
143,10,202603,202602,SPO_11400,0, LENL,N,78,"243,4","0,00604","1,48","0,04",0,"1,52",0,F,143
143,10,202603,202603,SPO_12170,0, LENL,N,4050,"22096,4","0,0061","134,78","5,06",0,"139,84",0,F,143
143,10,202603,202603,SPOX_0346,0, LENL,N,95,"250,3","0,0061","1,52","0,04",0,"1,56",0,F,143
143,10,202603,202603,SPOX_0916,0, LENL,N,331,"777,1","0,0061","4,71","0,16",0,"4,87",0,F,143
143,10,202603,202603,SPOX_1285,0, LENL,R,21986,"53589,2","0,00427","228,85","8,58",0,"237,43",0,F,143
143,10,202603,202602,SPOX_1007,0, LENL,N,2,"2,6","0,00604","0,01",0,0,"0,01",0,F,143
143,10,202603,202603,SPO_10155,0, LENL,N,3355,"8353,8","0,0061","50,94","1,88",0,"52,82",0,F,143
143,10,202603,202602,SPO_10402,0, LENL,N,26,78,"0,0061","0,5","0,01",0,"0,51",0,F,143
143,10,202603,202603,SPO_11400,0, LENL,R,9575,"19054,3","0,00427","81,3","3,03",0,"84,33",0,F,143
143,10,202603,202602,SPO_14657,0, LENL,N,2,"5,2","0,0061","0,04",0,0,"0,04",0,F,143
143,10,202603,202603,SPOX_0810,0, LENL,R,13,26,"0,00427","0,11",0,0,"0,11",0,F,143
143,10,202603,202602,SPOX_0090,0, LENL,N,3,"8,3","0,0061","0,05",0,0,"0,05",0,F,143
143,10,202603,202603,SPOX_8441,0, LENL,R,1290,"4040,4","0,00427","17,25","0,6",0,"17,85",0,F,143
143,10,202603,202602,SPOX_1285,0, LENL,R,61,"375,3","0,00422","1,59","0,05",0,"1,64",0,F,143
143,10,202603,202603,SPO_10616,0, LENL,R,1,"0,5","0,00427",0,0,0,0,0,F,143
143,10,202603,202602,SPO_10808,0, LENL,N,255,"746,9","0,00604","4,51","0,15",0,"4,66",0,F,143
143,10,202603,202603,SPO_12040,0, LENL,N,3933,"21224,3","0,0061","129,49","4,85",0,"134,34",0,F,143
143,10,202603,202603,SPOX_0134,0, LENL,N,73,"169,4","0,0061","0,98","0,03",0,"1,01",0,F,143
143,10,202603,202603,SPOX_0905,0, LENL,N,400,1378,"0,0061","8,42","0,28",0,"8,7",0,F,143
143,10,202603,202603,SPOX_1270,0, LENL,R,956,"3407,4","0,00427","14,51","0,51",0,"15,02",0,F,143
143,10,202603,202602,SPOX_0905,0, LENL,N,2,"1,3","0,00604","0,01",0,0,"0,01",0,F,143
143,10,202603,202603,SPO_10154,0, LENL,N,168989,"818296,9","0,0061","4991,64","188,98",0,"5180,62",0,F,143
143,10,202603,202602,SPOX_8441,0, LENL,R,2,"6,1","0,00422","0,03",0,0,"0,03",0,F,143
143,10,202603,202603,SPO_11141,0, LENL,N,14,"37,3","0,0061","0,23",0,0,"0,23",0,F,143
143,10,202603,202602,SPO_12170,0, LENL,N,3,"6,2","0,0061","0,05",0,0,"0,05",0,F,143
143,10,202603,202603,SPOX_0738,0, LENL,R,22345,"58506,8","0,00427","249,73","9,38",0,"259,11",0,F,143
143,10,202603,202602,SPOX_0089,0, LENL,N,7,"22,4","0,0061","0,13",0,0,"0,13",0,F,143
143,10,202603,202603,SPOX_6693,0, LENL,N,33,"73,8","0,0061","0,47","0,01",0,"0,48",0,F,143
143,10,202603,202602,SPOX_1285,0, LENL,N,1107,"4732,9","0,00604","28,59","1,05",0,"29,64",0,F,143
143,10,202603,202603,SPO_10416,0, LENL,R,6867,"13225,9","0,00427","56,46","2,08",0,"58,54",0,F,143
143,10,202603,202602,SPO_10619,0, LENL,N,84,"618,2","0,00604","3,73","0,13",0,"3,86",0,F,143
143,10,202603,202603,SPO_11407,0, LENL,N,679,"1102,9","0,0061","6,72","0,25",0,"6,97",0,F,143
143,10,202603,202603,SPOX_0090,0, LENL,N,29673,"107614,6","0,0061","656,37","24,79",0,"681,16",0,F,143
143,10,202603,202603,SPOX_0902,0, LENL,N,214,"492,3","0,0061","2,99","0,11",0,"3,1",0,F,143
143,10,202603,202603,SPOX_1007,0, LENL,R,1076,"4411,8","0,00427","18,87","0,68",0,"19,55",0,F,143
143,10,202603,202602,SPOX_0738,0, LENL,R,10,"10,4","0,00427","0,04",0,0,"0,04",0,F,143
143,10,202603,202603,SPO_10151,0, LENL,N,2180,"5463,2","0,0061","33,3","1,21",0,"34,51",0,F,143
143,10,202603,202602,SPOX_8441,0, LENL,N,2,"4,2","0,00604","0,03",0,0,"0,03",0,F,143
143,10,202603,202603,SPO_10809,0, LENL,N,728,"983,8","0,0061","5,96","0,2",0,"6,16",0,F,143
143,10,202603,202602,SPO_11400,0, LENL,R,1,"0,5","0,00427",0,0,0,0,0,F,143
143,10,202603,202603,SPO_14657,0, LENL,R,100,"225,1","0,00427","0,96","0,01",0,"0,97",0,F,143
143,10,202603,202603,SPOX_0352,0, LSAL,N,137,"159,4","0,0061",1,"0,03",0,"1,03",0,F,143
316,452,202603,202603,SPOX_5504,0, LENL,R,223,"582,9","0,00423","2,47","0,07",0,"2,54",0,F,316
316,452,202603,202602,SPOX_5504,0, LENL,N,1,"0,5","0,00598",0,0,0,0,0,F,316
316,452,202603,202603,SPO_13431,0, LENL,N,1,"1,9","0,00605","0,01",0,0,"0,01",0,F,316
316,452,202603,202603,SPOX_5504,0, LENL,N,7473,"29770,1","0,00605","180,08","6,77",0,"186,85",0,F,316
317,70,202603,202602,SPO_11230,0, LENL,N,8,"41,9","0,00598","0,25",0,0,"0,25",0,F,317
317,70,202603,202603,SPO_11231,0, LENL,N,197,"1678,6","0,00605","10,13","0,37",0,"10,5",0,F,317
317,70,202603,202603,SPOX_1270,0, LENL,R,2,1,"0,00423",0,0,0,0,0,F,317
317,70,202603,202603,SPO_13405,0, LENL,N,2148,7137,"0,00605","43,14","1,59",0,"44,73",0,F,317
317,70,202603,202602,SPO_10802,0, LENL,N,14,"45,3","0,00598","0,26",0,0,"0,26",0,F,317
317,70,202603,202603,SPO_11230,0, LENL,N,200045,"877838,5","0,00605","5310,82","201,09",0,"5511,91",0,F,317
317,70,202603,202603,SPOX_0089,0, LENL,N,4,21,"0,00605","0,13",0,0,"0,13",0,F,317
317,70,202603,202603,SPO_13401,0, LENL,N,2193,"6971,3","0,00605","42,12","1,53",0,"43,65",0,F,317
317,70,202603,202603,SPO_10802,0, LENL,N,201235,"874538,4","0,00605","5290,95","200,34",0,"5491,29",0,F,317
317,70,202603,202603,SPO_13412,0, LENL,R,21,"65,3","0,00423","0,26",0,0,"0,26",0,F,317
317,70,202603,202602,SPO_13405,0, LENL,N,2,"10,7","0,00605","0,06",0,0,"0,06",0,F,317
317,70,202603,202603,SPO_11921,0, LENL,R,808,"1816,3","0,00423","7,62","0,26",0,"7,88",0,F,317
317,70,202603,202603,SPOX_9655,0, LENL,R,5,"39,9","0,00423","0,17",0,0,"0,17",0,F,317
317,70,202603,202603,SPO_13409,0, LENL,R,18,"30,3","0,00423","0,12",0,0,"0,12",0,F,317
317,70,202603,202602,SPO_11230,0, LENL,N,11,"40,6","0,00605","0,25",0,0,"0,25",0,F,317
317,70,202603,202603,SPO_11231,0, LENL,R,1,"2,1","0,00423","0,01",0,0,"0,01",0,F,317
317,70,202603,202603,SPOX_8441,0, LENL,N,1,"0,7","0,00605",0,0,0,0,0,F,317
317,70,202603,202603,SPO_13405,0, LENL,R,108,237,"0,00423",1,"0,03",0,"1,03",0,F,317
317,70,202603,202602,SPO_10802,0, LENL,N,13,"100,1","0,00605","0,6","0,02",0,"0,62",0,F,317
317,70,202603,202603,SPO_11230,0, LENL,R,7803,"16868,6","0,00423","71,26","2,64",0,"73,9",0,F,317
317,70,202603,202603,SPOX_0090,0, LENL,N,1,"8,7","0,00605","0,05",0,0,"0,05",0,F,317
317,70,202603,202603,SPO_13401,0, LENL,R,117,"315,9","0,00423","1,3","0,03",0,"1,33",0,F,317
317,70,202603,202603,SPO_10802,0, LENL,R,7791,"15853,6","0,00423","67,04","2,47",0,"69,51",0,F,317
317,70,202603,202602,SPO_13409,0, LENL,N,1,13,"0,00605","0,08",0,0,"0,08",0,F,317
317,70,202603,202603,SPO_11922,0, LENL,N,4,"8,7","0,00605","0,06",0,0,"0,06",0,F,317
317,70,202603,202603,SPO_10155,0, LENL,N,1,"0,9","0,00605","0,01",0,0,"0,01",0,F,317
317,70,202603,202603,SPO_13412,0, LENL,N,1114,4953,"0,00605","29,92","1,1",0,"31,02",0,F,317
317,70,202603,202602,SPO_11921,0, LENL,N,7,"13,7","0,00598","0,08",0,0,"0,08",0,F,317
317,70,202603,202603,SPO_11921,0, LENL,N,54633,"177199,8","0,00605","1072,01","40,55",0,"1112,56",0,F,317
317,70,202603,202603,SPOX_9655,0, LENL,N,22,"107,7","0,00605","0,65","0,02",0,"0,67",0,F,317
317,70,202603,202603,SPO_13409,0, LENL,N,1145,"4743,1","0,00605","28,63","1,05",0,"29,68",0,F,317
318,455,202603,202602,SPOX_9655,0, LENL,N,19,"52,4","0,00605","0,32",0,0,"0,32",0,F,318
318,455,202603,202603,SPOX_9655,0, LENL,N,279565,"1014648,9","0,00605","6138,68","232,44",0,"6371,12",0,F,318
318,455,202603,202602,SPOX_7683,0, LENL,N,1,"2,7","0,00605","0,02",0,0,"0,02",0,F,318
318,455,202603,202603,SPOX_7683,0, LENL,R,3138,"10760,8","0,00423","45,47","1,67",0,"47,14",0,F,318
318,455,202603,202603,SPOX_1007,0, LENL,N,1,"2,8","0,00605","0,02",0,0,"0,02",0,F,318
318,455,202603,202603,SPO_13455,0, LENL,N,29,"74,6","0,00605","0,44",0,0,"0,44",0,F,318
318,455,202603,202602,SPOX_9655,0, LENL,R,6,"13,9","0,00418","0,06",0,0,"0,06",0,F,318
318,455,202603,202603,SPOX_9655,0, LENL,R,21075,"46269,3","0,00423","195,6","7,34",0,"202,94",0,F,318
318,455,202603,202602,SPOX_9655,0, LENL,N,35,"118,6","0,00598","0,71","0,02",0,"0,73",0,F,318
318,455,202603,202603,SPOX_8441,0, LENL,N,2,"4,6","0,00605","0,02",0,0,"0,02",0,F,318
318,455,202603,202602,SPOX_7683,0, LENL,N,1,"1,3","0,00598","0,01",0,0,"0,01",0,F,318
318,455,202603,202603,SPOX_7683,0, LENL,N,35221,"114041,3","0,00605","689,87","26,04",0,"715,91",0,F,318
318,455,202603,202603,SPO_13459,0, LENL,N,14,"46,8","0,00605","0,27",0,0,"0,27",0,F,318
318,455,202603,202603,SPOX_0090,0, LENL,N,2,"1,4","0,00605","0,01",0,0,"0,01",0,F,318
318,455,202603,202603,SPO_10151,0, LENL,R,1,"0,5","0,00423",0,0,0,0,0,F,318
319,26,202603,202602,SPO_14637,0, LENL,N,75,"862,7","0,00598","5,16","0,18",0,"5,34",0,F,319
319,26,202603,202603,SPO_14637,0, LENL,R,6043,"13262,9","0,00423","56,03","2,08",0,"58,11",0,F,319
319,26,202603,202603,SPO_13376,0, LENL,N,125,"218,1","0,00605","1,28","0,03",0,"1,31",0,F,319
319,26,202603,202602,SPO_14636,0, LENL,R,1,"1,4","0,00418","0,01",0,0,"0,01",0,F,319
319,26,202603,202603,SPO_14636,0, LENL,R,6153,"12570,7","0,00423","53,1","1,98",0,"55,08",0,F,319
319,26,202603,202603,SPOX_9655,0, LENL,N,9,"49,2","0,00605","0,3","0,01",0,"0,31",0,F,319
319,26,202603,202602,SPO_14636,0, LENL,N,62,"601,1","0,00598","3,6","0,13",0,"3,73",0,F,319
319,26,202603,202603,SPO_14635,0, LENL,R,2,"2,5","0,00423","0,01",0,0,"0,01",0,F,319
319,26,202603,202603,SPOX_0089,0, LENL,N,1,"0,5","0,00605",0,0,0,0,0,F,319
319,26,202603,202603,SPO_13390,0, LENL,R,32,"33,5","0,00423","0,14",0,0,"0,14",0,F,319
319,26,202603,202602,SPO_14637,0, LENL,N,15,"61,8","0,00605","0,38","0,01",0,"0,39",0,F,319
319,26,202603,202603,SPO_14638,0, LENL,N,33,155,"0,00605","0,92","0,03",0,"0,95",0,F,319
319,26,202603,202603,SPO_13376,0, LENL,R,33,"37,5","0,00423","0,16",0,0,"0,16",0,F,319
319,26,202603,202602,SPO_14636,0, LENL,R,2,"2,8","0,00423","0,02",0,0,"0,02",0,F,319
319,26,202603,202603,SPO_14637,0, LENL,N,204797,"746347,1","0,00605","4515,42","170,97",0,"4686,39",0,F,319
319,26,202603,202603,SPOX_9655,0, LENL,R,1,"5,8","0,00423","0,02",0,0,"0,02",0,F,319
319,26,202603,202602,SPO_14636,0, LENL,N,19,"45,9","0,00605","0,28",0,0,"0,28",0,F,319
319,26,202603,202603,SPO_14636,0, LENL,N,209894,"764124,6","0,00605","4622,92","175,02",0,"4797,94",0,F,319
319,26,202603,202603,SPOX_8441,0, LENL,N,1,"10,7","0,00605","0,06",0,0,"0,06",0,F,319
319,26,202603,202603,SPO_14635,0, LENL,N,43,"116,7","0,00605","0,69","0,01",0,"0,7",0,F,319
319,26,202603,202602,SPO_14637,0, LENL,R,2,"3,6","0,00423","0,02",0,0,"0,02",0,F,319
319,26,202603,202603,SPO_13390,0, LENL,N,165,"257,3","0,00605","1,49","0,04",0,"1,53",0,F,319
351,20,202603,202603,SPOX_0543,0, LENL,N,243287,"1107777,2","0,00605","6702,07","253,83",0,"6955,9",0,F,351
351,20,202603,202603,SPO_11460,0, LENL,R,4648,"16783,9","0,00423","71,05","2,64",0,"73,69",0,F,351
351,20,202603,202602,SPOX_0551,0, LENL,R,6,"14,9","0,00418","0,06",0,0,"0,06",0,F,351
351,20,202603,202603,SPOX_1007,0, LENL,R,2,1,"0,00423",0,0,0,0,0,F,351
351,20,202603,202603,SPO_13510,0, LENL,N,1,"3,7","0,00605","0,02",0,0,"0,02",0,F,351
351,20,202603,202603,SPOX_0090,0, LENL,N,7,"16,8","0,00605","0,11",0,0,"0,11",0,F,351
351,20,202603,202603,SPO_10155,0, LENL,R,1,"4,5","0,00423","0,02",0,0,"0,02",0,F,351
351,20,202603,202602,SPOX_0551,0, LENL,N,159,"1088,1","0,00598","6,5","0,23",0,"6,73",0,F,351
351,20,202603,202603,SPOX_0551,0, LENL,R,14665,39457,"0,00423","166,81","6,25",0,"173,06",0,F,351
351,20,202603,202603,SPO_11465,0, LENL,R,7,"28,5","0,00423","0,12",0,0,"0,12",0,F,351
351,20,202603,202603,SPOX_0089,0, LENL,N,6,"21,6","0,00605","0,12",0,0,"0,12",0,F,351
351,20,202603,202603,SPO_10151,0, LENL,N,1,"0,5","0,00605",0,0,0,0,0,F,351
351,20,202603,202603,SPO_13527,0, LENL,R,12,47,"0,00423","0,21",0,0,"0,21",0,F,351
351,20,202603,202602,SPOX_0543,0, LENL,N,69,"282,2","0,00605","1,7","0,04",0,"1,74",0,F,351
351,20,202603,202603,SPOX_0544,0, LENL,R,5,"11,4","0,00423","0,04",0,0,"0,04",0,F,351
351,20,202603,202603,SPO_11464,0, LENL,R,2770,"5281,4","0,00423","22,31","0,82",0,"23,13",0,F,351
351,20,202603,202602,SPO_11464,0, LENL,N,2,"15,3","0,00598","0,09",0,0,"0,09",0,F,351
351,20,202603,202603,SPOX_9655,0, LENL,N,19,"59,4","0,00605","0,36","0,01",0,"0,37",0,F,351
351,20,202603,202603,SPO_13524,0, LENL,R,8,"38,6","0,00423","0,16",0,0,"0,16",0,F,351
351,20,202603,202603,SPOX_0543,0, LENL,R,14712,"40936,7","0,00423","173,08","6,51",0,"179,59",0,F,351
351,20,202603,202603,SPO_11461,0, LENL,N,2,16,"0,00605","0,1",0,0,"0,1",0,F,351
351,20,202603,202602,SPO_11460,0, LENL,N,5,"20,2","0,00598","0,12",0,0,"0,12",0,F,351
351,20,202603,202603,SPOX_1270,0, LENL,N,2,"1,5","0,00605","0,01",0,0,"0,01",0,F,351
351,20,202603,202603,SPO_13514,0, LENL,N,1,"0,5","0,00605",0,0,0,0,0,F,351
351,20,202603,202603,SPOX_0090,0, LENL,R,2,1,"0,00423",0,0,0,0,0,F,351
351,20,202603,202603,SPO_11460,0, LENL,N,105408,"434083,6","0,00605","2626,22","99,41",0,"2725,63",0,F,351
351,20,202603,202602,SPOX_0551,0, LENL,N,98,"385,7","0,00605","2,32","0,07",0,"2,39",0,F,351
351,20,202603,202603,SPOX_1007,0, LENL,N,2,"2,3","0,00605","0,01",0,0,"0,01",0,F,351
351,20,202603,202603,SPO_13412,0, LENL,N,1,"0,6","0,00605",0,0,0,0,0,F,351
351,20,202603,202603,SPOX_0089,0, LENL,R,5,"2,5","0,00423",0,0,0,0,0,F,351
351,20,202603,202603,SPO_10151,0, LENL,R,1,"1,2","0,00423","0,01",0,0,"0,01",0,F,351
351,20,202603,202602,SPOX_0543,0, LENL,R,2,"2,5","0,00418","0,01",0,0,"0,01",0,F,351
351,20,202603,202603,SPOX_0551,0, LENL,N,248272,"1129307,7","0,00605","6832,33","258,72",0,"7091,05",0,F,351
351,20,202603,202603,SPO_11465,0, LENL,N,371,"1819,2","0,00605","11,04","0,41",0,"11,45",0,F,351
351,20,202603,202602,SPO_11464,0, LENL,N,9,"20,8","0,00605","0,13",0,0,"0,13",0,F,351
351,20,202603,202603,SPOX_9655,0, LENL,R,10,"11,6","0,00423","0,05",0,0,"0,05",0,F,351
351,20,202603,202603,SPO_13527,0, LENL,N,708,"1641,2","0,00605","9,96","0,36",0,"10,32",0,F,351
351,20,202603,202602,SPOX_0543,0, LENL,N,142,"1025,9","0,00598","6,14","0,21",0,"6,35",0,F,351
351,20,202603,202603,SPOX_0544,0, LENL,N,128,"1408,6","0,00605","8,47","0,3",0,"8,77",0,F,351
351,20,202603,202603,SPO_11464,0, LENL,N,42908,"128348,8","0,00605","776,45","29,35",0,"805,8",0,F,351
351,20,202603,202602,SPO_11460,0, LENL,N,37,"38,4","0,00605","0,23",0,0,"0,23",0,F,351
351,20,202603,202603,SPOX_8441,0, LENL,N,8,"8,6","0,00605","0,04",0,0,"0,04",0,F,351
351,20,202603,202603,SPO_13524,0, LENL,N,758,"1914,8","0,00605","11,57","0,43",0,12,0,F,351
355,30,202603,202603,SPOX_0090,0, LENL,R,1,"1,9","0,00423","0,01",0,0,"0,01",0,F,355
355,30,202603,202603,ULAX_1055,0, LSAL,N,2,"3,4","0,00605","0,02",0,0,"0,02",0,F,355
355,30,202603,202603,ULAX_7300,0, LENL,N,2,1,"0,00605",0,0,0,0,0,F,355
355,30,202603,202602,ULAX_4728,0, LENL,N,15,33,"0,00605","0,2",0,0,"0,2",0,F,355
355,30,202603,202603,SPOX_9655,0, LENL,N,29,"127,1","0,00605","0,75","0,02",0,"0,77",0,F,355
355,30,202603,202603,ULAX_4721,0, LENL,R,10170,"20347,8","0,00423","86,01","3,19",0,"89,2",0,F,355
355,30,202603,202602,ULAX_4721,0, LENL,N,11,"17,5","0,00598","0,1",0,0,"0,1",0,F,355
355,30,202603,202603,SPOX_0089,0, LENL,R,1,"0,5","0,00423",0,0,0,0,0,F,355
355,30,202603,202603,ULAX_4765,0, LENL,N,122527,"231327,3","0,00605","1399,55","52,91",0,"1452,46",0,F,355
355,30,202603,202602,ULAX_4721,0, LENL,R,2,"1,5","0,00418","0,01",0,0,"0,01",0,F,355
355,30,202603,202603,SPOX_8441,0, LENL,N,13,"29,2","0,00605","0,18",0,0,"0,18",0,F,355
355,30,202603,202603,ULAX_4610,0, LENL,R,1569,"4580,5","0,00423","19,31","0,7",0,"20,01",0,F,355
355,30,202603,202602,ULAX_4765,0, LENL,N,13,"18,5","0,00605","0,1",0,0,"0,1",0,F,355
355,30,202603,202603,SPO_13409,0, LENL,N,1,"2,4","0,00605","0,01",0,0,"0,01",0,F,355
355,30,202603,202603,ULAX_4758,0, LENL,R,10316,"17719,7","0,00423","74,88","2,78",0,"77,66",0,F,355
355,30,202603,202603,SPOX_4701,0, LENL,R,1,"0,5","0,00423",0,0,0,0,0,F,355
355,30,202603,202603,ULAX_2445,0, LENL,R,53,"279,6","0,00423","1,17","0,04",0,"1,21",0,F,355
355,30,202603,202602,ULAX_4758,0, LENL,N,7,6,"0,00605","0,03",0,0,"0,03",0,F,355
355,30,202603,202603,SPO_10151,0, LENL,R,1,"0,5","0,00423",0,0,0,0,0,F,355
355,30,202603,202603,ULAX_4728,0, LENL,R,10229,"19796,6","0,00423","83,7","3,1",0,"86,8",0,F,355
355,30,202603,202603,SPOX_1270,0, LENL,N,2,"3,5","0,00605","0,02",0,0,"0,02",0,F,355
355,30,202603,202603,ULAX_2200,0, LENL,N,1,"0,6","0,00605",0,0,0,0,0,F,355
355,30,202603,202602,ULAX_4728,0, LENL,R,4,"3,7","0,00418","0,02",0,0,"0,02",0,F,355
355,30,202603,202603,SPOX_9655,0, LENL,R,6,"5,5","0,00423","0,01",0,0,"0,01",0,F,355
355,30,202603,202603,ULAX_4725,0, LENL,N,6,"7,6","0,00605","0,05",0,0,"0,05",0,F,355
355,30,202603,202602,ULAX_4721,0, LENL,N,17,"31,3","0,00605","0,18",0,0,"0,18",0,F,355
355,30,202603,202603,SPOX_0090,0, LENL,N,6,"12,8","0,00605","0,08",0,0,"0,08",0,F,355
355,30,202603,202603,ULAX_1055,0, LENL,N,13,20,"0,00605","0,12",0,0,"0,12",0,F,355
355,30,202603,202603,ULAX_4765,0, LENL,R,10298,"17105,4","0,00423","72,31","2,67",0,"74,98",0,F,355
355,30,202603,202602,ULAX_4728,0, LENL,N,12,17,"0,00598","0,09",0,0,"0,09",0,F,355
355,30,202603,202603,SPOX_8441,0, LENL,R,1,"1,9","0,00423","0,01",0,0,"0,01",0,F,355
355,30,202603,202603,ULAX_4721,0, LENL,N,252585,"611484,5","0,00605","3699,4","140,07",0,"3839,47",0,F,355
355,30,202603,202602,ULAX_4610,0, LENL,N,2,"16,8","0,00598","0,1",0,0,"0,1",0,F,355
355,30,202603,202603,SPOX_0089,0, LENL,N,18,"57,7","0,00605","0,34",0,0,"0,34",0,F,355
355,30,202603,202603,ULAX_4762,0, LENL,N,14,"9,9","0,00605","0,05",0,0,"0,05",0,F,355
355,30,202603,202603,SPOX_5056,0, LENL,R,2,"3,7","0,00423","0,02",0,0,"0,02",0,F,355
355,30,202603,202603,ULAX_4610,0, LENL,N,29060,"137306,3","0,00605","830,63","31,4",0,"862,03",0,F,355
355,30,202603,202602,ULAX_4765,0, LENL,N,8,"13,1","0,00598","0,07",0,0,"0,07",0,F,355
355,30,202603,202603,SPO_10155,0, LENL,N,5,"12,2","0,00605","0,07",0,0,"0,07",0,F,355
355,30,202603,202603,ULAX_4758,0, LENL,N,122702,"229328,8","0,00605","1387,47","52,45",0,"1439,92",0,F,355
355,30,202603,202603,SPOX_1270,0, LENL,R,1,"0,5","0,00423",0,0,0,0,0,F,355
355,30,202603,202603,ULAX_2445,0, LENL,N,621,"3177,7","0,00605","19,23","0,72",0,"19,95",0,F,355
355,30,202603,202602,ULAX_4758,0, LENL,N,5,"6,5","0,00598","0,03",0,0,"0,03",0,F,355
355,30,202603,202603,SPO_10151,0, LENL,N,5,"8,4","0,00605","0,06",0,0,"0,06",0,F,355
355,30,202603,202603,ULAX_4728,0, LENL,N,252290,"608941,9","0,00605","3684,16","139,48",0,"3823,64",0,F,355
356,453,202603,202603,SPO_14671,0, LENL,N,132716,"499982,9","0,00605","3024,88","114,52",0,"3139,4",0,F,356
356,453,202603,202603,SPO_13439,0, LENL,N,3,"6,7","0,00605","0,04",0,0,"0,04",0,F,356
356,453,202603,202602,SPO_14671,0, LENL,N,191,"592,7","0,00605","3,59","0,12",0,"3,71",0,F,356
356,453,202603,202602,SPO_13439,0, LENL,N,1,4,"0,00605","0,02",0,0,"0,02",0,F,356
356,453,202603,202603,SPO_14671,0, LENL,R,5286,"11038,1","0,00423","46,62","1,71",0,"48,33",0,F,356
356,453,202603,202603,SPO_13443,0, LENL,N,2,"3,4","0,00605","0,02",0,0,"0,02",0,F,356
356,453,202603,202602,SPO_14671,0, LENL,R,1,"1,2","0,00418","0,01",0,0,"0,01",0,F,356
356,453,202603,202602,SPO_14671,0, LENL,N,51,"144,6","0,00598","0,86","0,02",0,"0,88",0,F,356
357,457,202603,202603,SPO_10090,0, LENL,R,12076,"25650,6","0,00423","108,47","4,06",0,"112,53",0,F,357
357,457,202603,202602,SPO_10090,0, LENL,N,38,"83,7","0,00605","0,51","0,01",0,"0,52",0,F,357
357,457,202603,202603,SPO_10090,0, LENL,N,239248,"697856,3","0,00605","4222,04","159,88",0,"4381,92",0,F,357
357,457,202603,202602,SPO_10090,0, LENL,N,13,"29,7","0,00598","0,16",0,0,"0,16",0,F,357
359,454,202603,202602,SPOX_4511,0, LENL,R,2,"6,8","0,00423","0,03",0,0,"0,03",0,F,359
359,454,202603,202602,SPOX_4511,0, LENL,N,29,47,"0,00605","0,3","0,01",0,"0,31",0,F,359
359,454,202603,202603,SPO_13447,0, LENL,N,3,"11,6","0,00605","0,08",0,0,"0,08",0,F,359
359,454,202603,202603,SPOX_4511,0, LENL,N,109947,"465818,1","0,00605","2818,24","106,7",0,"2924,94",0,F,359
359,454,202603,202602,SPOX_4511,0, LENL,R,10,10,"0,00418","0,05",0,0,"0,05",0,F,359
359,454,202603,202602,SPOX_4511,0, LENL,N,90,"160,7","0,00598","0,98","0,02",0,1,0,F,359
359,454,202603,202603,SPO_13451,0, LENL,N,3,"4,9","0,00605","0,02",0,0,"0,02",0,F,359
359,454,202603,202603,SPOX_4511,0, LENL,R,3648,"9359,1","0,00423","39,57","1,47",0,"41,04",0,F,359
361,50,202603,202602,SPO_11360,0, LENL,N,1,"3,9","0,00602","0,02",0,0,"0,02",0,F,361
361,50,202603,202603,SPOX_1885,0, LENL,N,364,"920,3","0,00608","5,61","0,19",0,"5,8",0,F,361
361,50,202603,202603,SPOX_9655,0, LENL,R,1,"2,6","0,00425","0,01",0,0,"0,01",0,F,361
361,50,202603,202601,SPO_11364,0, LENL,R,20,"43,5","0,00421","0,18",0,0,"0,18",0,F,361
361,50,202603,202603,SPOX_0089,0, LENL,N,1,"5,8","0,00608","0,04",0,0,"0,04",0,F,361
361,50,202603,202603,SPO_11368,0, LENL,R,4019,"6339,1","0,00425","26,93","0,98",0,"27,91",0,F,361
361,50,202603,202602,SPOX_5224,0, LENL,N,1,"3,5","0,00608","0,02",0,0,"0,02",0,F,361
361,50,202603,202603,SPOX_0835,0, LENL,R,15306,"30499,6","0,00425","129,66","4,84",0,"134,5",0,F,361
361,50,202603,202601,SPOX_5224,0, LENL,N,3,"11,3","0,00602","0,07",0,0,"0,07",0,F,361
361,50,202603,202602,SPO_11364,0, LENL,R,27,"59,1","0,00425","0,25",0,0,"0,25",0,F,361
361,50,202603,202603,SPOX_8441,0, LENL,N,1,10,"0,00608","0,06",0,0,"0,06",0,F,361
361,50,202603,202603,SPO_11365,0, LENL,N,5,"16,5","0,00608","0,1",0,0,"0,1",0,F,361
361,50,202603,202602,SPOX_0835,0, LENL,N,18,37,"0,00608","0,21",0,0,"0,21",0,F,361
361,50,202603,202603,SPOX_0812,0, LENL,R,3,"8,2","0,00425","0,03",0,0,"0,03",0,F,361
361,50,202603,202602,SPO_11364,0, LENL,N,404,"877,1","0,00608","5,33","0,18",0,"5,51",0,F,361
361,50,202603,202603,SPOX_5224,0, LENL,N,291,860,"0,00608","5,22","0,16",0,"5,38",0,F,361
361,50,202603,202603,SPO_11364,0, LENL,N,306540,"907939,2","0,00608","5520,36","209,03",0,"5729,39",0,F,361
361,50,202603,202602,SPOX_0811,0, LENL,R,1,"0,5","0,00421",0,0,0,0,0,F,361
361,50,202603,202602,SPO_11360,0, LENL,N,4,"16,2","0,00608","0,1",0,0,"0,1",0,F,361
361,50,202603,202603,SPOX_1885,0, LENL,R,16,"25,3","0,00425","0,1",0,0,"0,1",0,F,361
361,50,202603,202603,SPO_11360,0, LENL,N,28521,"62122,2","0,00608","377,71","14,26",0,"391,97",0,F,361
361,50,202603,202602,SPOX_0811,0, LENL,N,27,"85,1","0,00602","0,52","0,01",0,"0,53",0,F,361
361,50,202603,202603,SPOX_0811,0, LENL,N,339242,"1144286,8","0,00608","6957,23","263,47",0,"7220,7",0,F,361
361,50,202603,202602,SPOX_5224,0, LENL,R,1,"5,2","0,00421","0,02",0,0,"0,02",0,F,361
361,50,202603,202603,SPOX_0905,0, LENL,N,1,"0,5","0,00608",0,0,0,0,0,F,361
361,50,202603,202601,SPO_11364,0, LENL,N,507,"1000,4","0,00602","6,02","0,22",0,"6,24",0,F,361
361,50,202603,202602,SPO_11368,0, LENL,N,12,"14,1","0,00608","0,09",0,0,"0,09",0,F,361
361,50,202603,202603,SPOX_9655,0, LENL,N,10,"28,7","0,00608","0,17",0,0,"0,17",0,F,361
361,50,202603,202603,SPO_11368,0, LENL,N,61379,"146578,4","0,00608","891,25","33,72",0,"924,97",0,F,361
361,50,202603,202602,SPOX_5224,0, LENL,N,12,"32,8","0,00602","0,2",0,0,"0,2",0,F,361
361,50,202603,202603,SPOX_0835,0, LENL,N,319305,"1108378,7","0,00608","6738,94","255,2",0,"6994,14",0,F,361
361,50,202603,202602,SPO_11364,0, LENL,R,234,"555,8","0,00421","2,33","0,08",0,"2,41",0,F,361
361,50,202603,202603,SPOX_5224,0, LENL,R,8,"20,4","0,00425","0,07",0,0,"0,07",0,F,361
361,50,202603,202603,SPO_11364,0, LENL,R,12674,"23898,4","0,00425","101,44","3,79",0,"105,23",0,F,361
361,50,202603,202602,SPOX_0835,0, LENL,N,35,"148,5","0,00602","0,9","0,02",0,"0,92",0,F,361
361,50,202603,202603,SPOX_0812,0, LENL,N,20,"23,2","0,00608","0,13",0,0,"0,13",0,F,361
361,50,202603,202602,SPO_11364,0, LENL,N,2248,5484,"0,00602","33,01","1,24",0,"34,25",0,F,361
361,50,202603,202603,SPOX_3952,0, LENL,R,5,"6,1","0,00425","0,03",0,0,"0,03",0,F,361
361,50,202603,202603,SPO_11360,0, LENL,R,2221,"3517,9","0,00425","14,89","0,53",0,"15,42",0,F,361
361,50,202603,202602,SPOX_0811,0, LENL,N,23,69,"0,00608","0,41","0,01",0,"0,42",0,F,361
361,50,202603,202603,SPOX_0811,0, LENL,R,15959,"31724,5","0,00425","134,77","5,05",0,"139,82",0,F,361
363,45,202603,202602,SPOX_6698,0, LENL,N,16,"64,9","0,00608","0,39",0,0,"0,39",0,F,363
363,45,202603,202603,SPOX_9655,0, LENL,R,2,"3,4","0,00425","0,01",0,0,"0,01",0,F,363
363,45,202603,202603,SPOX_0090,0, LENL,N,1,"0,5","0,00608",0,0,0,0,0,F,363
363,45,202603,202603,SPOX_4912,0, LENL,N,16,"31,7","0,00608","0,17",0,0,"0,17",0,F,363
363,45,202603,202603,SPO_11141,0, LENL,N,6,"11,8","0,00608","0,08",0,0,"0,08",0,F,363
363,45,202603,202603,SPOX_4701,0, LENL,R,25,"35,5","0,00425","0,14",0,0,"0,14",0,F,363
363,45,202603,202603,SPOX_8441,0, LENL,R,1,"0,5","0,00425",0,0,0,0,0,F,363
363,45,202603,202602,SPO_10685,0, LENL,N,6,"7,7","0,00608","0,04",0,0,"0,04",0,F,363
363,45,202603,202603,SPOX_4839,0, LENL,N,192,"434,9","0,00608","2,65","0,09",0,"2,74",0,F,363
363,45,202603,202603,SPO_10685,0, LENL,N,28196,"80155,4","0,00608","487,27","18,42",0,"505,69",0,F,363
363,45,202603,202603,SPOX_6699,0, LENL,R,11,"9,3","0,00425","0,03",0,0,"0,03",0,F,363
363,45,202603,202602,SPO_10064,0, LENL,N,25,"89,5","0,00608","0,54",0,0,"0,54",0,F,363
363,45,202603,202603,SPOX_4824,0, LENL,N,168,"385,3","0,00608","2,32","0,07",0,"2,39",0,F,363
363,45,202603,202603,SPO_10151,0, LENL,N,1,"0,5","0,00608",0,0,0,0,0,F,363
363,45,202603,202603,SPOX_1270,0, LENL,N,1,"0,5","0,00608",0,0,0,0,0,F,363
363,45,202603,202603,SPOX_6698,0, LENL,R,10975,"21574,1","0,00425","91,64","3,41",0,"95,05",0,F,363
363,45,202603,202602,SPOX_6698,0, LENL,R,3,"4,7","0,00421","0,02",0,0,"0,02",0,F,363
363,45,202603,202603,SPOX_4723,0, LENL,N,274,"561,5","0,00608","3,4","0,12",0,"3,52",0,F,363
363,45,202603,202603,SPO_10064,0, LENL,N,216741,"602337,1","0,00608","3662,19","138,67",0,"3800,86",0,F,363
363,45,202603,202603,SPOX_0090,0, LENL,R,2,"2,6","0,00425","0,01",0,0,"0,01",0,F,363
363,45,202603,202603,SPOX_4953,0, LENL,N,21,"34,7","0,00608","0,22",0,0,"0,22",0,F,363
363,45,202603,202603,SPO_13405,0, LENL,N,1,"0,5","0,00608",0,0,0,0,0,F,363
363,45,202603,202602,SPOX_6698,0, LENL,N,60,184,"0,00602","1,1","0,01",0,"1,11",0,F,363
363,45,202603,202603,SPOX_9655,0, LENL,N,14,"44,2","0,00608","0,27",0,0,"0,27",0,F,363
363,45,202603,202603,SPOX_0089,0, LENL,N,4,28,"0,00608","0,17",0,0,"0,17",0,F,363
363,45,202603,202603,SPOX_4839,0, LENL,R,10,"29,8","0,00425","0,11",0,0,"0,11",0,F,363
363,45,202603,202603,SPO_10685,0, LENL,R,1206,"2646,6","0,00425","11,25","0,41",0,"11,66",0,F,363
363,45,202603,202603,SPOX_4701,0, LENL,N,255,"462,1","0,00608","2,83","0,09",0,"2,92",0,F,363
363,45,202603,202603,SPOX_8441,0, LENL,N,1,"4,6","0,00608","0,03",0,0,"0,03",0,F,363
363,45,202603,202602,SPO_10685,0, LENL,N,5,"4,7","0,00602","0,02",0,0,"0,02",0,F,363
363,45,202603,202603,SPOX_4824,0, LENL,R,12,34,"0,00425","0,13",0,0,"0,13",0,F,363
363,45,202603,202603,SPO_10155,0, LENL,R,1,"0,5","0,00425",0,0,0,0,0,F,363
363,45,202603,202603,SPOX_6699,0, LENL,N,70,"425,6","0,00608","2,56","0,09",0,"2,65",0,F,363
363,45,202603,202602,SPO_10064,0, LENL,N,25,"111,3","0,00602","0,66","0,01",0,"0,67",0,F,363
363,45,202603,202603,SPOX_4723,0, LENL,R,28,"39,9","0,00425","0,16",0,0,"0,16",0,F,363
363,45,202603,202603,SPO_10064,0, LENL,R,9776,20571,"0,00425","87,43","3,26",0,"90,69",0,F,363
363,45,202603,202603,SPOX_1007,0, LENL,N,1,4,"0,00608","0,02",0,0,"0,02",0,F,363
363,45,202603,202603,SPOX_6698,0, LENL,N,258852,"815590,3","0,00608","4958,79","187,77",0,"5146,56",0,F,363
364,78,202603,202603,SPO_10498,0, LENL,R,109,"78,4","0,00423","0,32","0,01",0,"0,33",0,F,364
364,78,202603,202603,SPO_10320,0, LENL,R,3377,"7335,6","0,00423","30,99","1,1",0,"32,09",0,F,364
364,78,202603,202602,SPO_10939,0, LENL,N,25,"32,1","0,00605","0,18",0,0,"0,18",0,F,364
364,78,202603,202603,SPO_10939,0, LENL,N,97302,"362145,4","0,00605","2190,88","82,89",0,"2273,77",0,F,364
364,78,202603,202602,SPO_10320,0, LENL,N,32,"48,5","0,00605","0,28",0,0,"0,28",0,F,364
364,78,202603,202603,SPO_10510,0, LENL,N,1143,"4131,2","0,00605","24,99","0,93",0,"25,92",0,F,364
364,78,202603,202603,SPO_10498,0, LENL,N,1132,"4332,7","0,00605","26,18","0,98",0,"27,16",0,F,364
364,78,202603,202603,SPO_10320,0, LENL,N,98210,"365226,2","0,00605","2209,66","83,63",0,"2293,29",0,F,364
364,78,202603,202603,SPO_10939,0, LENL,R,3330,6988,"0,00423","29,46","1,06",0,"30,52",0,F,364
364,78,202603,202602,SPO_10939,0, LENL,N,26,"73,1","0,00598","0,44",0,0,"0,44",0,F,364
364,78,202603,202603,SPO_10510,0, LENL,R,97,"62,5","0,00423","0,27",0,0,"0,27",0,F,364
364,78,202603,202602,SPO_10320,0, LENL,N,24,"71,7","0,00598","0,42","0,01",0,"0,43",0,F,364
431,44,202603,202603,SPOX_9655,0, LENL,R,6,"9,7","0,00425","0,04",0,0,"0,04",0,F,431
431,44,202603,202602,SPO_11144,0, LENL,R,2,"2,5","0,00421","0,02",0,0,"0,02",0,F,431
431,44,202603,202602,SPO_11184,0, LENL,N,7,"15,2","0,00608","0,1",0,0,"0,1",0,F,431
431,44,202603,202603,SPO_11152,0, LENL,N,24974,"91574,1","0,00608","556,73","21,07",0,"577,8",0,F,431
431,44,202603,202603,SPOX_8441,0, LENL,N,3,"7,9","0,00608","0,05",0,0,"0,05",0,F,431
431,44,202603,202603,SPO_11185,0, LENL,N,5,"28,4","0,00608","0,17",0,0,"0,17",0,F,431
431,44,202603,202602,SPO_11144,0, LENL,N,38,"110,3","0,00602","0,65",0,0,"0,65",0,F,431
431,44,202603,202602,SPO_11180,0, LENL,R,1,"0,5","0,00425",0,0,0,0,0,F,431
431,44,202603,202603,SPO_11144,0, LENL,N,256872,"897081,9","0,00608","5454,2","206,51",0,"5660,71",0,F,431
431,44,202603,202603,SPOX_5597,0, LENL,N,2726,"8029,2","0,00608","48,82","1,8",0,"50,62",0,F,431
431,44,202603,202603,SPO_11184,0, LENL,N,15528,"48748,1","0,00608","296,36","11,17",0,"307,53",0,F,431
431,44,202603,202603,SPO_11141,0, LENL,N,658,"567,3","0,00608","3,43","0,1",0,"3,53",0,F,431
431,44,202603,202602,SPO_11180,0, LENL,N,10,"27,8","0,00602","0,17",0,0,"0,17",0,F,431
431,44,202603,202603,SPOX_1007,0, LENL,R,2,"3,3","0,00425","0,01",0,0,"0,01",0,F,431
431,44,202603,202603,SPO_11180,0, LENL,R,3543,"7613,8","0,00425","32,31","1,19",0,"33,5",0,F,431
431,44,202603,202603,SPO_11140,0, LENL,N,237,"637,5","0,00608","3,9","0,14",0,"4,04",0,F,431
431,44,202603,202602,SPO_11152,0, LENL,N,2,"5,6","0,00602","0,03",0,0,"0,03",0,F,431
431,44,202603,202603,SPOX_0089,0, LENL,N,4,"16,5","0,00608","0,1",0,0,"0,1",0,F,431
431,44,202603,202603,SPO_11152,0, LENL,R,1036,"2019,3","0,00425","8,52","0,29",0,"8,81",0,F,431
431,44,202603,202603,SPOX_9655,0, LENL,N,8,"26,3","0,00608","0,16",0,0,"0,16",0,F,431
431,44,202603,202602,SPO_11144,0, LENL,N,66,"182,9","0,00608","1,12","0,02",0,"1,14",0,F,431
431,44,202603,202602,SPO_11184,0, LENL,N,5,"6,3","0,00602","0,04",0,0,"0,04",0,F,431
431,44,202603,202603,SPO_11144,0, LENL,R,18624,"42747,1","0,00425","181,54","6,82",0,"188,36",0,F,431
431,44,202603,202603,SPOX_5597,0, LENL,R,63,"179,6","0,00425","0,76","0,02",0,"0,78",0,F,431
431,44,202603,202603,SPO_11184,0, LENL,R,611,1401,"0,00425","5,92","0,2",0,"6,12",0,F,431
431,44,202603,202603,SPO_11141,0, LENL,R,14,"13,8","0,00425","0,06",0,0,"0,06",0,F,431
431,44,202603,202602,SPO_11180,0, LENL,N,35,"55,3","0,00608","0,34",0,0,"0,34",0,F,431
431,44,202603,202603,SPOX_1270,0, LENL,N,1,"1,9","0,00608","0,01",0,0,"0,01",0,F,431
431,44,202603,202603,SPO_11181,0, LENL,N,50,"381,4","0,00608","2,32","0,07",0,"2,39",0,F,431
431,44,202603,202603,SPO_11140,0, LENL,R,81,"190,1","0,00425","0,8","0,03",0,"0,83",0,F,431
431,44,202603,202602,SPO_11152,0, LENL,N,7,15,"0,00608","0,09",0,0,"0,09",0,F,431
431,44,202603,202603,SPOX_0090,0, LENL,N,4,8,"0,00608","0,04",0,0,"0,04",0,F,431
431,44,202603,202603,SPO_11180,0, LENL,N,43192,"130191,1","0,00608","791,54","29,88",0,"821,42",0,F,431
432,44,202603,202602,SPO_11152,0, LENL,N,18,"36,2","0,00607","0,22",0,0,"0,22",0,F,432
432,44,202603,202603,SPO_14478,0, LENL,N,100,"201,3","0,00607","1,22","0,02",0,"1,24",0,F,432
432,44,202603,202603,SPO_11152,0, LENL,N,54201,"161093,2","0,00607","977,77","36,96",0,"1014,73",0,F,432
432,44,202603,202603,SPOX_4320,0, LENL,N,157,"696,5","0,00607","4,19","0,15",0,"4,34",0,F,432
432,44,202603,202603,SPOX_4305,0, LENL,N,143,"597,2","0,00607","3,61","0,13",0,"3,74",0,F,432
432,44,202603,202603,SPO_14478,0, LENL,R,29,"42,1","0,00424","0,18",0,0,"0,18",0,F,432
432,44,202603,202602,SPO_11152,0, LENL,N,2,"5,4","0,00599","0,03",0,0,"0,03",0,F,432
432,44,202603,202603,SPO_11152,0, LENL,R,2638,"6750,3","0,00424","28,57","1,04",0,"29,61",0,F,432
432,44,202603,202603,SPOX_4320,0, LENL,R,23,131,"0,00424","0,54","0,02",0,"0,56",0,F,432
432,44,202603,202603,SPOX_4305,0, LENL,R,23,"112,7","0,00424","0,47","0,01",0,"0,48",0,F,432
661,60,202603,202603,SPOX_0090,0, LENL,N,2,"1,9","0,00608","0,01",0,0,"0,01",0,F,661
661,60,202603,202603,ULAX_1008,0, LENL,R,15044,"34011,4","0,00425","144,5","5,41",0,"149,91",0,F,661
661,60,202603,202602,ULAX_4036,0, LENL,R,2,1,"0,00421",0,0,0,0,0,F,661
661,60,202603,202603,SPO_10155,0, LENL,N,1,"0,6","0,00608",0,0,0,0,0,F,661
661,60,202603,202602,ULAX_4036,0, LENL,N,321,"1075,2","0,00602","6,47","0,23",0,"6,7",0,F,661
661,60,202603,202603,ULAX_4038,0, LENL,N,66,"409,9","0,00608","2,47","0,08",0,"2,55",0,F,661
661,60,202603,202603,SPOX_9655,0, LENL,R,6,"7,9","0,00425","0,03",0,0,"0,03",0,F,661
661,60,202603,202602,ULAX_1008,0, LENL,N,58,"285,3","0,00608","1,73","0,05",0,"1,78",0,F,661
661,60,202603,202603,ULAX_4036,0, LENL,N,190785,608133,"0,00608","3697,49","139,98",0,"3837,47",0,F,661
661,60,202603,202603,SPOX_8441,0, LENL,N,1,"8,8","0,00608","0,05",0,0,"0,05",0,F,661
661,60,202603,202603,ULAX_4029,0, LENL,N,50,"237,8","0,00608","1,42","0,03",0,"1,45",0,F,661
661,60,202603,202603,SPOX_0089,0, LENL,R,1,"5,5","0,00425","0,02",0,0,"0,02",0,F,661
661,60,202603,202603,ULAX_1008,0, LENL,N,367606,1221237,"0,00608","7425,16","281,19",0,"7706,35",0,F,661
661,60,202603,202602,ULAX_4036,0, LENL,N,37,"124,3","0,00608","0,75","0,02",0,"0,77",0,F,661
661,60,202603,202603,SPO_10151,0, LENL,N,1,"0,7","0,00608",0,0,0,0,0,F,661
661,60,202603,202602,ULAX_1008,0, LENL,R,9,"5,3","0,00421","0,02",0,0,"0,02",0,F,661
661,60,202603,202603,ULAX_4036,0, LENL,R,6449,"12510,7","0,00425","53,12","1,94",0,"55,06",0,F,661
661,60,202603,202603,SPOX_9655,0, LENL,N,16,"77,9","0,00608","0,48","0,01",0,"0,49",0,F,661
661,60,202603,202602,ULAX_1008,0, LENL,N,497,"1611,9","0,00602","9,72","0,34",0,"10,06",0,F,661
661,60,202603,202603,ULAX_4029,0, LENL,R,2,"1,9","0,00425","0,01",0,0,"0,01",0,F,661
674,60,202603,202603,ULAX_4036,0, LENL,R,223,"230,3","0,00425","0,98","0,02",0,1,0,F,674
674,60,202603,202603,ULAX_1008,0, LENL,R,312,326,"0,00425","1,39","0,04",0,"1,43",0,F,674
674,60,202603,202603,ULAX_4036,0, LENL,N,2472,"3947,5","0,00608","24,02","0,87",0,"24,89",0,F,674
674,60,202603,202603,ULAX_1008,0, LENL,N,3932,"6816,3","0,00608","41,39","1,55",0,"42,94",0,F,674
674,68,202603,202603,ULAX_0953,0, LENL,N,18359,70250,"0,00608","427,27","16,06",0,"443,33",0,F,674
674,68,202603,202603,ULAX_4113,0, LENL,R,19032,37143,"0,00425","157,73","5,9",0,"163,63",0,F,674
674,68,202603,202602,ULAX_4006,0, LENL,N,8,"29,6","0,00608","0,18",0,0,"0,18",0,F,674
674,68,202603,202603,SPOX_9655,0, LENL,N,7,"42,1","0,00608","0,26",0,0,"0,26",0,F,674
674,68,202603,202603,ULAX_4038,0, LENL,N,5,"6,4","0,00608","0,04",0,0,"0,04",0,F,674
674,68,202603,202602,ULAX_0953,0, LENL,N,22,"110,1","0,00608","0,68","0,02",0,"0,7",0,F,674
674,68,202603,202603,SPOX_0089,0, LENL,R,1,"0,5","0,00425",0,0,0,0,0,F,674
674,68,202603,202603,ULAX_4006,0, LENL,R,959,"1446,3","0,00425","6,14","0,18",0,"6,32",0,F,674
674,68,202603,202601,ULAX_4113,0, LENL,N,79,"196,5","0,00602","1,18","0,04",0,"1,22",0,F,674
674,68,202603,202602,ULAX_4113,0, LENL,R,6,"9,3","0,00421","0,03",0,0,"0,03",0,F,674
674,68,202603,202603,ULAX_0953,0, LENL,R,318,"739,8","0,00425","3,09","0,09",0,"3,18",0,F,674
674,68,202603,202603,ULAX_4204,0, LENL,N,251,"905,2","0,00608","5,49","0,19",0,"5,68",0,F,674
674,68,202603,202602,ULAX_4113,0, LENL,N,413,"1056,8","0,00602","6,36","0,22",0,"6,58",0,F,674
674,68,202603,202603,SPOX_9655,0, LENL,R,4,"12,3","0,00425","0,05",0,0,"0,05",0,F,674
674,68,202603,202603,ULAX_4113,0, LENL,N,428614,"1294371,9","0,00608","7869,77","298,03",0,"8167,8",0,F,674
674,68,202603,202602,ULAX_4006,0, LENL,N,2,3,"0,00602","0,02",0,0,"0,02",0,F,674
674,68,202603,202603,SPOX_0090,0, LENL,N,2,"1,4","0,00608","0,01",0,0,"0,01",0,F,674
674,68,202603,202603,ULAX_4029,0, LENL,N,6,"7,8","0,00608","0,04",0,0,"0,04",0,F,674
674,68,202603,202602,ULAX_0953,0, LENL,N,7,"17,7","0,00602","0,11",0,0,"0,11",0,F,674
674,68,202603,202603,SPOX_0089,0, LENL,N,1,"1,8","0,00608","0,01",0,0,"0,01",0,F,674
674,68,202603,202601,ULAX_0006,0, LENL,N,1,"1,7","0,00602","0,01",0,0,"0,01",0,F,674
674,68,202603,202603,ULAX_4006,0, LENL,N,10050,"22298,2","0,00608","135,61","5,06",0,"140,67",0,F,674
674,68,202603,202603,ULAX_4204,0, LENL,R,3,"26,2","0,00425","0,11",0,0,"0,11",0,F,674
674,68,202603,202602,ULAX_4113,0, LENL,N,233,"514,2","0,00608","3,11","0,09",0,"3,2",0,F,674
,,,,,01,,,10540472,35602420.1,,214901.48,8129.23,0,223030.71,,,
