CREDORA;DEVEDORA;CICLO REFERÊNCIA;PERÍODO DE TRÁFEGO;POI;TIPO RELATÓRIO;REMUNERACAO;DESCRITOR;GH;CHAMADAS;DURAÇÃO;TARIFA;VALOR LÍQUIDO;PIS/COFINS;VALOR ICMS;TOTAL(R$);TOTAL_REAL (R$);OPERATION TYPE;EOT
621;011;202607;202607;DAT.FIX.FX;00;TU-TX-RL;TNENL;N;1831;2088,6;0,00605;12,62;0,47;0;13,09;;F;232
621;011;202607;202607;DAT.FIX.FX;00;TU-TX-RIU-F;TNENI;N;20868;28291,7;0,01275;360,72;13,67;0;374,39;;F;051
621;011;202607;202607;DAT.FIX.FX;00;TU-TX-RIU-F;TNENI;N;2;2,8;0,01275;0,04;0;0;0,04;;M;901
621;011;202607;202607;DAT.FIX.FX;00;TU-TX-RL;TLENL;N;9;9;0,00605;0,06;0;0;0,06;;F;281
621;011;202607;202607;DAT.FIX.FX;00;TU-TX-RIU-F;TLENI;N;1194;4792;0,01275;61,11;2,32;0;63,43;;F;035
621;011;202607;202607;DAT.FIX.FX;00;TU-TX-RL;TLENL;N;63877;250272,4;0,00608;1521,65;57,65;0;1579,3;;F;065
621;011;202607;202607;DAT.FIX.FX;00;TU-TX-RL;TNENL;N;279;290,6;0,00605;1,76;0,07;0;1,83;;F;091
621;011;202607;202607;DAT.FIX.FX;00;TU-TX-RL;TLENL;R;1;0,5;0,00425;0;0;0;0;;F;802
621;011;202607;202607;DAT.FIX.FX;00;TU-TX-RL;TNENL;R;2243;7170,3;0,00425;30,47;1,15;0;31,62;;F;067
621;011;202607;202607;DAT.FIX.FX;00;TU-TX-RL;TNENL;R;89;110,7;0,00425;0,46;0,01;0;0,47;;F;241
621;011;202607;202607;DAT.FIX.FX;00;TU-TX-RL;TNENL;N;32267;182570,3;0,00605;1104,56;41,83;0;1146,39;;F;086
621;011;202607;202607;DAT.FIX.FX;00;TU-TX-RIU-F;TNENI;N;23807;93237,3;0,01275;1188,78;45,02;0;1233,8;;F;083
621;011;202607;202607;DAT.FIX.FX;00;TU-TX-RL;TLENL;R;21480;59789,7;0,00425;254,11;9,63;0;263,74;;F;265
621;011;202607;202607;DAT.FIX.FX;00;TU-TX-RL;TNENL;R;82;272,1;0,00423;1,14;0,04;0;1,18;;F;232
621;011;202607;202607;DAT.FIX.FX;00;TU-TX-RL;TLENL;R;2;14,2;0,00423;0,06;0;0;0,06;;F;298
621;011;202607;202607;DAT.FIX.FX;00;TU-TX-RIU-F;TNENI;N;3903;3477,7;0,01275;44,33;1,68;0;46,01;;F;091
621;011;202607;202607;DAT.FIX.FX;00;TU-TX-RIU-F;TNENI;N;16093;58251,6;0,01275;742,7;28,14;0;770,84;;F;071
621;011;202607;202607;DAT.FIX.FX;00;TU-TX-RL;TNENL;R;33;52,5;0,00423;0,22;0,01;0;0,23;;F;298
621;011;202607;202607;DAT.FIX.FX;00;TU-TX-RL;TNENL;N;25941;90954,9;0,00605;550,28;20,84;0;571,12;;F;082
621;011;202607;202607;DAT.FIX.FX;00;TU-TX-RL;TNENL;N;3274;4227,9;0,00605;25,58;0,97;0;26,55;;F;021
621;011;202607;202607;DAT.FIX.FX;00;TU-TX-RL;TNENL;R;3;7,4;0,00423;0,03;0;0;0,03;;F;227
621;011;202607;202607;DAT.FIX.FX;00;TU-TX-RL;TLENL;N;576029;2778420,7;0,00605;16809,44;636,79;0;17446,23;;F;081
621;011;202607;202607;DAT.FIX.FX;00;TU-TX-RL;TLENL;R;62322;238037,8;0,00423;1006,91;38,15;0;1045,06;;F;081
621;011;202607;202607;DAT.FIX.FX;00;TU-TX-RL;TLENL;R;13;30,7;0,00423;0,13;0;0;0,13;;F;221
621;011;202607;202607;DAT.FIX.FX;00;TU-TX-RL;TLENL;R;18;40,8;0,00425;0,18;0;0;0,18;;F;261
621;011;202607;202607;DAT.FIX.FX;00;TU-TX-RL;TLENL;N;156730;653493;0,00608;3973,23;150,51;0;4123,74;;F;062
621;011;202607;202607;DAT.FIX.FX;00;TU-TX-RL;TLENL;N;206;472,4;0,00605;2,85;0,11;0;2,96;;F;298
621;011;202607;202607;DAT.FIX.FX;00;TU-TX-RL;TNENL;R;470;1879,1;0,00425;7,97;0,3;0;8,27;;F;061
621;011;202607;202607;DAT.FIX.FX;00;TU-TX-RL;TLENL;N;2473;10611;0,00605;64,19;2,43;0;66,62;;F;271
621;011;202607;202607;DAT.FIX.FX;00;TU-TX-RL;TLENL;R;77;239,9;0,00441;1,06;0,04;0;1,1;;F;035
621;011;202607;202607;DAT.FIX.FX;00;TU-TX-RL;TLENL;N;206;217;0,00608;1,33;0,05;0;1,38;;F;047
621;011;202607;202607;DAT.FIX.FX;00;TU-TX-RIU-F;TLENI;N;221;518,5;0,01275;6,62;0,25;0;6,87;;F;298
621;011;202607;202607;DAT.FIX.FX;00;TU-TX-RL;TLENL;R;514;834,8;0,00425;3,54;0,15;0;3,69;;F;192
621;011;202607;202607;DAT.FIX.FX;00;TU-TX-RL;TLENL;R;59;171,5;0,00423;0,72;0,03;0;0,75;;F;292
621;011;202607;202607;DAT.FIX.FX;00;TU-TX-RL;TNENL;R;1127;1945,6;0,00425;8,26;0,32;0;8,58;;F;192
621;011;202607;202607;DAT.FIX.FX;00;TU-TX-RL;TNENL;R;245;184,6;0,00423;0,77;0,03;0;0,8;;F;292
621;011;202607;202607;DAT.FIX.FX;00;TU-TX-RIU-F;TNENI;N;20211;40907,8;0,01275;521,55;19,75;0;541,3;;F;208
621;011;202607;202607;DAT.FIX.FX;00;TU-TX-M;TNENV;N;4;16;0,01499;0,24;0,01;0;0,25;;M;F03
621;011;202607;202607;DAT.FIX.FX;00;TU-TX-RIU-F;TNENI;N;1312;1351,8;0,01275;17,24;0,65;0;17,89;;F;098
621;011;202607;202607;DAT.FIX.FX;00;TU-TX-RL;TNENL;R;17;11,1;0,00441;0,05;0;0;0,05;;F;048
621;011;202607;202607;DAT.FIX.FX;00;TU-TX-M;TLENV;N;7;4,8;0,01686;0,08;0;0;0,08;;M;J24
621;011;202607;202607;DAT.FIX.FX;00;TU-TX-RL;TLENL;R;759;1774,2;0,00423;7,51;0,28;0;7,79;;F;271
621;011;202607;202607;DAT.FIX.FX;00;TU-TX-RIU-F;TLENI;N;9;9;0,01275;0,11;0;0;0,11;;F;281
621;011;202607;202607;DAT.FIX.FX;00;TU-TX-RIU-F;TLENI;N;10663;31575,9;0,01275;402,6;15,26;0;417,86;;F;271
621;011;202607;202607;DAT.FIX.FX;00;TU-TX-RIU-F;TNENI;N;3724;6343,5;0,01275;80,91;3,07;0;83,98;;F;031
621;011;202607;202607;DAT.FIX.FX;00;TU-TX-M;TNENV;N;4;11,6;0,01499;0,17;0,01;0;0,18;;M;G74
621;011;202607;202607;DAT.FIX.FX;00;TU-TX-RIU-F;TNENI;N;476;470,1;0,01275;5,99;0,24;0;6,23;;F;095
621;011;202607;202607;DAT.FIX.FX;00;TU-TX-RL;TLENL;N;258;636,4;0,00605;3,85;0,15;0;4;;F;232
621;011;202607;202607;DAT.FIX.FX;00;TU-TX-RL;TLENL;R;33;116,2;0,00423;0,49;0,02;0;0,51;;F;232
621;011;202607;202607;DAT.FIX.FX;00;TU-TX-RIU-F;TLENI;N;411;1165;0,01275;14,85;0,57;0;15,42;;F;091
621;011;202607;202607;DAT.FIX.FX;00;TU-TX-RL;TLENL;N;61;72,1;0,00608;0,44;0,02;0;0,46;;F;241
621;011;202607;202607;DAT.FIX.FX;00;TU-TX-RIU-F;TLENI;N;356;644,6;0,01275;8,22;0,31;0;8,53;;F;251
621;011;202607;202607;DAT.FIX.FX;00;TU-TX-RL;TNENL;R;124;238,6;0,00425;1,02;0,03;0;1,05;;F;241
621;011;202607;202607;DAT.FIX.FX;00;TU-TX-RL;TLENL;R;5589;20252,5;0,00423;85,67;3,24;0;88,91;;F;086
621;011;202607;202607;DAT.FIX.FX;00;TU-TX-RL;TNENL;N;1787;1669,8;0,00608;10,15;0,38;0;10,53;;F;047
621;011;202607;202607;DAT.FIX.FX;00;TU-TX-RL;TLENL;R;6357;18050;0,00425;76,7;2,91;0;79,61;;F;265
621;011;202607;202607;DAT.FIX.FX;00;TU-TX-RIU-F;TNENI;N;13475;42906,5;0,01275;547,05;20,71;0;567,76;;F;048
621;011;202607;202607;DAT.FIX.FX;00;TU-TX-RIU-F;TNENI;N;16273;25841,2;0,01275;329,49;12,49;0;341,98;;F;247
621;011;202607;202607;DAT.FIX.FX;00;TU-TX-RL;TNENL;N;36409;92504,4;0,00608;562,41;21,3;0;583,71;;F;067
621;011;202607;202607;DAT.FIX.FX;00;TU-TX-RIU-F;TLENI;N;218;234,8;0,01275;2,99;0,11;0;3,1;;F;047
621;011;202607;202607;DAT.FIX.FX;00;TU-TX-RL;TNENL;R;24;46,9;0,00424;0,2;0,01;0;0,21;;F;242
621;011;202607;202607;DAT.FIX.FX;00;TU-TX-RIU-F;TLENI;N;30;66,8;0,01275;0,85;0,03;0;0,88;;M;F01
621;011;202607;202607;DAT.FIX.FX;00;TU-TX-M;TNENV;N;4;36;0,01686;0,61;0,02;0;0,63;;M;H96
621;011;202607;202607;DAT.FIX.FX;00;TU-TX-M;TNENV;N;14;11,3;0,01499;0,17;0;0;0,17;;M;020
621;011;202607;202607;DAT.FIX.FX;00;TU-TX-RIU-F;TNENI;N;3;3,7;0,01275;0,05;0;0;0,05;;M;J32
621;011;202607;202607;DAT.FIX.FX;00;TU-TX-M;TLENV;N;40;121,9;0,01499;1,83;0,07;0;1,9;;M;E99
621;011;202607;202607;DAT.FIX.FX;00;TU-TX-RL;TLENL;R;332;842,1;0,00423;3,55;0,13;0;3,68;;F;221
621;011;202607;202607;DAT.FIX.FX;00;TU-TX-RL;TLENL;N;598;2381,6;0,00605;14,41;0,55;0;14,96;;F;027
621;011;202607;202607;DAT.FIX.FX;00;TU-TX-RL;TNENL;R;2394;10366,8;0,00423;43,84;1,66;0;45,5;;F;083
621;011;202607;202607;DAT.FIX.FX;00;TU-TX-RL;TLENL;N;44;48,5;0,00605;0,29;0,01;0;0,3;;F;298
621;011;202607;202607;DAT.FIX.FX;00;TU-TX-RL;TLENL;N;79;95,4;0,00631;0,6;0,02;0;0,62;;F;035
621;011;202607;202607;DAT.FIX.FX;00;TU-TX-RIU-F;TLENI;N;46;62,7;0,01275;0,8;0,04;0;0,84;;F;298
621;011;202607;202607;DAT.FIX.FX;00;TU-TX-RIU-F;TNENI;N;2569;2641,4;0,01275;33,69;1,26;0;34,95;;F;051
621;011;202607;202607;DAT.FIX.FX;00;TU-TX-RL;TNENL;R;1127;4250,1;0,00423;17,98;0,68;0;18,66;;F;071
621;011;202607;202607;DAT.FIX.FX;00;TU-TX-RL;TLENL;N;8;4,2;0,00605;0,02;0;0;0,02;;F;091
621;011;202607;202607;DAT.FIX.FX;00;TU-TX-RIU-F;TLENI;N;167;366,5;0,01275;4,68;0,17;0;4,85;;F;241
621;011;202607;202607;DAT.FIX.FX;00;TU-TX-RL;TNENL;N;4689;3972,4;0,00608;24,15;0,91;0;25,06;;F;160
621;011;202607;202607;DAT.FIX.FX;00;TU-TX-RL;TNENL;N;1279;1299,3;0,00605;7,86;0,29;0;8,15;;F;098
621;011;202607;202607;DAT.FIX.FX;00;TU-TX-RIU-F;TLENI;N;40;121,9;0,01275;1,56;0,06;0;1,62;;M;E99
621;011;202607;202607;DAT.FIX.FX;00;TU-TX-RIU-F;TLENI;N;2;1;0,01275;0,01;0;0;0,01;;M;904
621;011;202607;202607;DAT.FIX.FX;00;TU-TX-M;TLENV;N;6;8,3;0,01686;0,14;0,01;0;0,15;;M;J55
621;011;202607;202607;DAT.FIX.FX;00;TU-TX-M;TNENV;R;1;3,5;0,01049;0,04;0;0;0,04;;M;901
621;011;202607;202607;DAT.FIX.FX;00;TU-TX-RIU-F;TNENI;N;35684;199807,6;0,01275;2547,56;96,52;0;2644,08;;F;086
621;011;202607;202607;DAT.FIX.FX;00;TU-TX-RL;TLENL;R;4;2,1;0,00441;0,01;0;0;0,01;;F;035
621;011;202607;202607;DAT.FIX.FX;00;TU-TX-RL;TNENL;N;474;467,4;0,00605;2,82;0,11;0;2,93;;F;095
621;011;202607;202607;DAT.FIX.FX;00;TU-TX-M;TNENV;N;1;6,7;0,01499;0,1;0;0;0,1;;M;F01
621;011;202607;202607;DAT.FIX.FX;00;TU-TX-RL;TNENL;N;17564;22814,2;0,00631;143,96;5,46;0;149,42;;F;035
621;011;202607;202607;DAT.FIX.FX;00;TU-TX-RL;TNENL;R;1098;2365,4;0,00425;10,05;0,38;0;10,43;;F;294
621;011;202607;202607;DAT.FIX.FX;00;TU-TX-M;TLENV;N;1;6;0,01686;0,1;0;0;0,1;;M;903
621;011;202607;202607;DAT.FIX.FX;00;TU-TX-RL;TNENL;N;9715;49565,8;0,00605;299,88;11,36;0;311,24;;F;085
621;011;202607;202607;DAT.FIX.FX;00;TU-TX-RL;TLENL;R;8402;25569;0,00425;108,67;4,12;0;112,79;;F;067
621;011;202607;202607;DAT.FIX.FX;00;TU-TX-RL;TNENL;R;57;150,5;0,00423;0,64;0,02;0;0,66;;F;232
621;011;202607;202607;DAT.FIX.FX;00;TU-TX-RIU-F;TNENI;N;1530;1364,1;0,01275;17,4;0,66;0;18,06;;F;251
621;011;202607;202607;DAT.FIX.FX;00;TU-TX-RIU-F;TNENI;N;1189;2905,7;0,01275;37,04;1,41;0;38,45;;F;031
621;011;202607;202607;DAT.FIX.FX;00;TU-TX-RL;TNENL;N;19741;26346,1;0,00608;160,19;6,07;0;166,26;;F;051
621;011;202607;202607;DAT.FIX.FX;00;TU-TX-RIU-F;TLENI;N;476;1385,3;0,01275;17,67;0,68;0;18,35;;F;035
621;011;202607;202607;DAT.FIX.FX;00;TU-TX-RL;TNENL;R;1043;4177,9;0,00423;17,67;0,66;0;18,33;;F;285
621;011;202607;202607;DAT.FIX.FX;00;TU-TX-RIU-F;TLENI;N;64844;249899,4;0,01275;3186,2;120,7;0;3306,9;;F;071
621;011;202607;202607;DAT.FIX.FX;00;TU-TX-RL;TNENL;R;201;466,2;0,00423;1,97;0,08;0;2,05;;F;031
621;011;202607;202607;DAT.FIX.FX;00;TU-TX-RIU-F;TLENI;N;2467;5291,6;0,01275;67,46;2,55;0;70,01;;F;051
621;011;202607;202607;DAT.FIX.FX;00;TU-TX-RIU-F;TLENI;N;622;2484,8;0,01275;31,67;1,2;0;32,87;;F;027
621;011;202607;202607;DAT.FIX.FX;00;TU-TX-RL;TLENL;R;19908;70848,2;0,00423;299,69;11,35;0;311,04;;F;083
621;011;202607;202607;DAT.FIX.FX;00;TU-TX-RL;TNENL;N;789;1582,6;0,00608;9,62;0,37;0;9,99;;F;241
621;011;202607;202607;DAT.FIX.FX;00;TU-TX-RL;TLENL;R;57;114,1;0,00425;0,48;0,02;0;0,5;;F;255
621;011;202607;202607;DAT.FIX.FX;00;TU-TX-RIU-F;TLENI;N;6;8,3;0,01275;0,11;0;0;0,11;;M;J55
621;011;202607;202607;DAT.FIX.FX;00;TU-TX-RL;TNENL;R;127;73,7;0,00425;0,31;0,01;0;0,32;;F;160
621;011;202607;202607;DAT.FIX.FX;00;TU-TX-RIU-F;TNENI;N;1;2,5;0,01275;0,03;0;0;0,03;;M;I48
621;011;202607;202607;DAT.FIX.FX;00;TU-TX-RIU-F;TNENI;N;73053;152637,8;0,01275;1946,14;73,71;0;2019,85;;F;081
621;011;202607;202607;DAT.FIX.FX;00;TU-TX-RL;TNENL;R;1700;6623,6;0,00423;28,01;1,06;0;29,07;;F;084
621;011;202607;202607;DAT.FIX.FX;00;TU-TX-RL;TNENL;N;17937;61343,9;0,00605;371,13;14,06;0;385,19;;F;084
621;011;202607;202607;DAT.FIX.FX;00;TU-TX-RL;TNENL;N;394;602,2;0,00605;3,65;0,14;0;3,79;;F;227
621;011;202607;202607;DAT.FIX.FX;00;TU-TX-RIU-F;TNENI;N;3;4,1;0,01275;0,05;0;0;0,05;;M;H96
621;011;202607;202607;DAT.FIX.FX;00;TU-TX-RL;TNENL;R;196;242,3;0,00425;1,04;0,03;0;1,07;;F;251
621;011;202607;202607;DAT.FIX.FX;00;TU-TX-RL;TLENL;N;219;369,4;0,00631;2,33;0,09;0;2,42;;F;048
621;011;202607;202607;DAT.FIX.FX;00;TU-TX-RL;TNENL;N;11519;33909;0,00605;205,14;7,77;0;212,91;;F;208
621;011;202607;202607;DAT.FIX.FX;00;TU-TX-RIU-F;TNENI;N;3260;9640,3;0,01275;122,91;4,66;0;127,57;;F;271
621;011;202607;202607;DAT.FIX.FX;00;TU-TX-RL;TNENL;R;1495;5088,6;0,00423;21,52;0,81;0;22,33;;F;079
621;011;202607;202607;DAT.FIX.FX;00;TU-TX-RL;TNENL;R;2715;16554,8;0,00423;70,03;2,65;0;72,68;;F;021
621;011;202607;202607;DAT.FIX.FX;00;TU-TX-RIU-F;TNENI;N;1;0,7;0,01275;0,01;0;0;0,01;;M;902
621;011;202607;202607;DAT.FIX.FX;00;TU-TX-RL;TLENL;R;142;468,7;0,00423;1,98;0,07;0;2,05;;F;271
621;011;202607;202607;DAT.FIX.FX;00;TU-TX-RIU-F;TLENI;N;44;23,4;0,01275;0,3;0,01;0;0,31;;M;020
621;011;202607;202607;DAT.FIX.FX;00;TU-TX-RL;TLENL;N;82;87,7;0,00608;0,54;0,02;0;0,56;;F;251
621;011;202607;202607;DAT.FIX.FX;00;TU-TX-RIU-F;TLENI;N;283;839,5;0,01275;10,7;0,4;0;11,1;;F;160
621;011;202607;202607;DAT.FIX.FX;00;TU-TX-RL;TLENL;R;17;13,5;0,00425;0,06;0;0;0,06;;F;251
621;011;202607;202607;DAT.FIX.FX;00;TU-TX-RL;TLENL;R;1;1,1;0,00423;0;0;0;0;;F;291
621;011;202607;202607;DAT.FIX.FX;00;TU-TX-RIU-F;TNENI;N;1087;1286,3;0,01275;16,42;0,61;0;17,03;;F;081
621;011;202607;202607;DAT.FIX.FX;00;TU-TX-RL;TLENL;R;23;54,9;0,00423;0,23;0,01;0;0,24;;F;232
621;011;202607;202607;DAT.FIX.FX;00;TU-TX-RIU-F;TLENI;N;129;566,5;0,01275;7,23;0,27;0;7,5;;F;291
621;011;202607;202607;DAT.FIX.FX;00;TU-TX-RL;TLENL;R;7;5,1;0,00425;0,03;0;0;0,03;;F;241
621;011;202607;202607;DAT.FIX.FX;00;TU-TX-RL;TLENL;N;1076;4083,7;0,00608;24,83;0,94;0;25,77;;F;247
621;011;202607;202607;DAT.FIX.FX;00;TU-TX-RIU-F;TLENI;N;201;429,3;0,01275;5,48;0,2;0;5,68;;F;159
621;011;202607;202607;DAT.FIX.FX;00;TU-TX-RL;TNENL;R;47;104,8;0,00425;0,45;0,02;0;0,47;;F;241
621;011;202607;202607;DAT.FIX.FX;00;TU-TX-RIU-F;TNENI;N;18;44,3;0,01275;0,56;0,02;0;0,58;;M;F04
621;011;202607;202607;DAT.FIX.FX;00;TU-TX-RIU-F;TNENI;N;38908;99890;0,01275;1273,61;48,23;0;1321,84;;F;049
621;011;202607;202607;DAT.FIX.FX;00;TU-TX-RL;TNENL;N;1146;2606,4;0,00605;15,77;0,59;0;16,36;;F;031
621;011;202607;202607;DAT.FIX.FX;00;TU-TX-RIU-F;TNENI;N;19887;25720,6;0,01275;327,93;12,4;0;340,33;;F;035
621;011;202607;202607;DAT.FIX.FX;00;TU-TX-RIU-F;TNENI;N;19071;53888,5;0,01275;687,08;26,03;0;713,11;;F;041
621;011;202607;202607;DAT.FIX.FX;00;TU-TX-RIU-F;TNENI;N;19;13,8;0,01275;0,17;0;0;0,17;;F;092
621;011;202607;202607;DAT.FIX.FX;00;TU-TX-RL;TLENL;N;370;1232,9;0,00605;7,46;0,28;0;7,74;;F;232
621;011;202607;202607;DAT.FIX.FX;00;TU-TX-RL;TNENL;R;184;881,4;0,00423;3,72;0,14;0;3,86;;F;286
621;011;202607;202607;DAT.FIX.FX;00;TU-TX-M;TNENV;N;2;6,4;0,01686;0,11;0;0;0,11;;M;903
621;011;202607;202607;DAT.FIX.FX;00;TU-TX-M;TNENV;N;20;35,4;0,01499;0,53;0,02;0;0,55;;M;901
621;011;202607;202607;DAT.FIX.FX;00;TU-TX-RL;TLENL;N;166125;753316,5;0,00605;4557,55;172,65;0;4730,2;;F;084
621;011;202607;202607;DAT.FIX.FX;00;TU-TX-RIU-F;TNENI;N;34412;71703,5;0,01275;914,27;34,63;0;948,9;;F;005
621;011;202607;202607;DAT.FIX.FX;00;TU-TX-RIU-F;TNENI;N;4999;13716,2;0,01275;174,89;6,63;0;181,52;;F;031
621;011;202607;202607;DAT.FIX.FX;00;TU-TX-RL;TLENL;R;24;103,2;0,00423;0,43;0,01;0;0,44;;F;227
621;011;202607;202607;DAT.FIX.FX;00;TU-TX-RL;TLENL;N;201813;785015,5;0,00608;4772,88;180,8;0;4953,68;;F;065
621;011;202607;202607;DAT.FIX.FX;00;TU-TX-RL;TLENL;N;581;1380,1;0,00608;8,41;0,31;0;8,72;;F;241
621;011;202607;202607;DAT.FIX.FX;00;TU-TX-RL;TLENL;R;2;1,3;0,00425;0,01;0;0;0,01;;F;241
621;011;202607;202607;DAT.FIX.FX;00;TU-TX-RL;TNENL;N;10770;28740,4;0,00608;174,74;6,63;0;181,37;;F;094
621;011;202607;202607;DAT.FIX.FX;00;TU-TX-RIU-F;TNENI;N;1;0,5;0,01275;0,01;0;0;0,01;;M;E99
621;011;202607;202607;DAT.FIX.FX;00;TU-TX-RL;TNENL;R;150;87;0,00425;0,38;0,01;0;0,39;;F;241
621;011;202607;202607;DAT.FIX.FX;00;TU-TX-RIU-F;TLENI;N;16;45,4;0,01275;0,58;0,02;0;0,6;;M;F04
621;011;202607;202607;DAT.FIX.FX;00;TU-TX-RL;TNENL;N;33272;68403,8;0,00605;413,82;15,66;0;429,48;;F;005
621;011;202607;202607;DAT.FIX.FX;00;TU-TX-RIU-F;TLENI;N;74;92,8;0,01275;1,18;0,05;0;1,23;;F;241
621;011;202607;202607;DAT.FIX.FX;00;TU-TX-RL;TNENL;R;2;2,7;0,00423;0,01;0;0;0,01;;F;295
621;011;202607;202607;DAT.FIX.FX;00;TU-TX-RL;TNENL;N;46441;145926,4;0,00608;887,24;33,61;0;920,85;;F;065
621;011;202607;202607;DAT.FIX.FX;00;TU-TX-RIU-F;TNENI;N;12100;37331,6;0,01275;475,97;18,02;0;493,99;;F;208
621;011;202607;202607;DAT.FIX.FX;00;TU-TX-M;TNENV;N;12;32,1;0,01686;0,54;0,02;0;0,56;;M;902
621;011;202607;202607;DAT.FIX.FX;00;TU-TX-RIU-F;TLENI;N;21;38,8;0,01275;0,5;0,02;0;0,52;;M;G74
621;011;202607;202607;DAT.FIX.FX;00;TU-TX-RL;TNENL;N;5703;4890,7;0,00605;29,59;1,11;0;30,7;;F;021
621;011;202607;202607;DAT.FIX.FX;00;TU-TX-RIU-F;TNENI;N;15;13;0,01275;0,16;0;0;0,16;;M;020
621;011;202607;202607;DAT.FIX.FX;00;TU-TX-RL;TLENL;N;207972;781450,3;0,00605;4727,77;179,1;0;4906,87;;F;079
621;011;202607;202607;DAT.FIX.FX;00;TU-TX-RL;TLENL;N;12148;69214,3;0,00605;418,74;15,86;0;434,6;;F;008
621;011;202607;202607;DAT.FIX.FX;00;TU-TX-RL;TLENL;R;1722;7754,2;0,00423;32,8;1,23;0;34,03;;F;221
621;011;202607;202607;DAT.FIX.FX;00;TU-TX-RIU-F;TNENI;N;11491;24027;0,01275;306,34;11,61;0;317,95;;F;061
621;011;202607;202607;DAT.FIX.FX;00;TU-TX-RL;TLENL;R;1;0,5;0,00423;0;0;0;0;;F;K89
621;011;202607;202607;DAT.FIX.FX;00;TU-TX-RL;TLENL;N;42;21;0,00605;0,12;0;0;0,12;;F;296
621;011;202607;202607;DAT.FIX.FX;00;TU-TX-RL;TLENL;R;4448;11048;0,00425;46,95;1,78;0;48,73;;F;294
621;011;202607;202607;DAT.FIX.FX;00;TU-TX-RL;TLENL;N;885;3218,3;0,00608;19,58;0,74;0;20,32;;F;047
621;011;202607;202607;DAT.FIX.FX;00;TU-TX-RL;TLENL;N;6522;39914;0,00605;241,47;9,14;0;250,61;;F;285
621;011;202607;202607;DAT.FIX.FX;00;TU-TX-RIU-F;TNENI;N;7654;11868,3;0,01275;151,34;5,74;0;157,08;;F;251
621;011;202607;202607;DAT.FIX.FX;00;TU-TX-RL;TLENL;R;18;36,5;0,00423;0,15;0,01;0;0,16;;F;291
621;011;202607;202607;DAT.FIX.FX;00;TU-TX-RL;TNENL;N;7458;11626;0,00608;70,67;2,66;0;73,33;;F;251
621;011;202607;202607;DAT.FIX.FX;00;TU-TX-RL;TNENL;R;96;78,8;0,00423;0,33;0,01;0;0,34;;F;091
621;011;202607;202607;DAT.FIX.FX;00;TU-TX-RIU-F;TLENI;N;9546;43269,2;0,01275;551,69;20,9;0;572,59;;F;071
621;011;202607;202607;DAT.FIX.FX;00;TU-TX-M;TNENV;N;2;3,6;0,01499;0,05;0;0;0,05;;M;F03
621;011;202607;202607;DAT.FIX.FX;00;TU-TX-RL;TNENL;N;1474;1544,3;0,00631;9,73;0,37;0;10,1;;F;035
621;011;202607;202607;DAT.FIX.FX;00;TU-TX-RL;TLENL;N;401;1601,2;0,00605;9,68;0,37;0;10,05;;F;232
621;011;202607;202607;DAT.FIX.FX;00;TU-TX-M;TLENV;N;2;1;0,01686;0,02;0;0;0,02;;M;904
621;011;202607;202607;DAT.FIX.FX;00;TU-TX-RIU-F;TLENI;N;45334;227050,5;0,01275;2894,9;109,66;0;3004,56;;F;085
621;011;202607;202607;DAT.FIX.FX;00;TU-TX-RIU-F;TLENI;N;9;5,3;0,01275;0,07;0;0;0,07;;F;091
621;011;202607;202607;DAT.FIX.FX;00;TU-TX-RIU-F;TLENI;N;41659;136185,4;0,01275;1736,37;65,78;0;1802,15;;F;094
621;011;202607;202607;DAT.FIX.FX;00;TU-TX-RIU-F;TNENI;N;21;38,9;0,01275;0,49;0,02;0;0,51;;M;901
621;011;202607;202607;DAT.FIX.FX;00;TU-TX-M;TLENV;N;16;45,4;0,01499;0,68;0,03;0;0,71;;M;F04
621;011;202607;202607;DAT.FIX.FX;00;TU-TX-RIU-F;TNENI;N;522;368,2;0,01275;4,71;0,17;0;4,88;;F;091
621;011;202607;202607;DAT.FIX.FX;00;TU-TX-RL;TLENL;N;1188;4983,8;0,00605;30,15;1,14;0;31,29;;F;232
621;011;202607;202607;DAT.FIX.FX;00;TU-TX-RL;TNENL;R;3417;17237,3;0,00423;72,92;2,76;0;75,68;;F;286
621;011;202607;202607;DAT.FIX.FX;00;TU-TX-RIU-F;TLENI;N;6914;41798,1;0,01275;532,94;20,19;0;553,13;;F;285
621;011;202607;202607;DAT.FIX.FX;00;TU-TX-RIU-F;TNENI;N;4;36;0,01275;0,46;0,02;0;0,48;;M;H96
621;011;202607;202607;DAT.FIX.FX;00;TU-TX-RIU-F;TLENI;N;94;97,2;0,01275;1,24;0,03;0;1,27;;F;251
621;011;202607;202607;DAT.FIX.FX;00;TU-TX-RIU-F;TLENI;N;2546;8049;0,01275;102,64;3,89;0;106,53;;F;031
621;011;202607;202607;DAT.FIX.FX;00;TU-TX-RIU-F;TLENI;N;25441;96382;0,01275;1228,87;46,55;0;1275,42;;F;085
621;011;202607;202607;DAT.FIX.FX;00;TU-TX-RL;TNENL;N;23508;74887,8;0,00608;455,31;17,25;0;472,56;;F;047
621;011;202607;202607;DAT.FIX.FX;00;TU-TX-RIU-F;TNENI;N;50547;156302,6;0,01275;1992,87;75,49;0;2068,36;;F;065
621;011;202607;202607;DAT.FIX.FX;00;TU-TX-M;TNENV;N;2;2,8;0,01499;0,04;0;0;0,04;;M;901
621;011;202607;202607;DAT.FIX.FX;00;TU-TX-RIU-F;TNENI;N;836;1687,4;0,01275;21,51;0,81;0;22,32;;F;241
621;011;202607;202607;DAT.FIX.FX;00;TU-TX-RL;TNENL;N;18397;55361,6;0,00608;336,59;12,75;0;349,34;;F;065
621;011;202607;202607;DAT.FIX.FX;00;TU-TX-RL;TNENL;N;6672;5816,6;0,00608;35,35;1,32;0;36,67;;F;041
621;011;202607;202607;DAT.FIX.FX;00;TU-TX-RIU-F;TLENI;N;3818;10348,4;0,01275;131,94;4,98;0;136,92;;F;021
621;011;202607;202607;DAT.FIX.FX;00;TU-TX-RIU-F;TLENI;N;178713;730990,6;0,01275;9320,13;353,06;0;9673,19;;F;083
621;011;202607;202607;DAT.FIX.FX;00;TU-TX-RIU-F;TLENI;N;223293;844805,2;0,01275;10771,26;408,05;0;11179,31;;F;065
621;011;202607;202607;DAT.FIX.FX;00;TU-TX-M;TNENV;R;1;0,5;0,0118;0,01;0;0;0,01;;M;903
621;011;202607;202607;DAT.FIX.FX;00;TU-TX-RIU-F;TNENI;N;8;21,6;0,01275;0,27;0,01;0;0,28;;M;F03
621;011;202607;202607;DAT.FIX.FX;00;TU-TX-M;TLENV;N;44;23,4;0,01499;0,35;0,01;0;0,36;;M;020
621;011;202607;202607;DAT.FIX.FX;00;TU-TX-RL;TNENL;N;18169;58174,9;0,00605;351,95;13,33;0;365,28;;F;079
621;011;202607;202607;DAT.FIX.FX;00;TU-TX-RIU-F;TNENI;N;8;13,5;0,01275;0,17;0,01;0;0,18;;M;060
621;011;202607;202607;DAT.FIX.FX;00;TU-TX-RL;TNENL;R;2694;9215,7;0,00423;38,98;1,48;0;40,46;;F;082
621;011;202607;202607;DAT.FIX.FX;00;TU-TX-RL;TNENL;R;141;340,5;0,00423;1,43;0,06;0;1,49;;F;021
621;011;202607;202607;DAT.FIX.FX;00;TU-TX-RIU-F;TLENI;N;53;277,6;0,01275;3,54;0,13;0;3,67;;F;241
621;011;202607;202607;DAT.FIX.FX;00;TU-TX-RIU-F;TNENI;N;2;3,6;0,01275;0,05;0;0;0,05;;M;F03
621;011;202607;202607;DAT.FIX.FX;00;TU-TX-RIU-F;TNENI;N;3645;8723,4;0,01275;111,23;4,22;0;115,45;;F;093
621;011;202607;202607;DAT.FIX.FX;00;TU-TX-RL;TNENL;R;1541;6269,5;0,00423;26,52;1,01;0;27,53;;F;071
621;011;202607;202607;DAT.FIX.FX;00;TU-TX-RL;TNENL;N;15027;57439,1;0,00605;347,51;13,16;0;360,67;;F;071
621;011;202607;202607;DAT.FIX.FX;00;TU-TX-RIU-F;TNENI;N;6;13,4;0,01275;0,17;0,01;0;0,18;;M;903
621;011;202607;202607;DAT.FIX.FX;00;TU-TX-RIU-F;TNENI;N;6822;5903,6;0,01275;75,28;2,84;0;78,12;;F;041
621;011;202607;202607;DAT.FIX.FX;00;TU-TX-RIU-F;TLENI;N;36;34,8;0,01275;0,44;0,01;0;0,45;;F;241
621;011;202607;202607;DAT.FIX.FX;00;TU-TX-M;TNENV;N;3;5,7;0,01686;0,1;0;0;0,1;;M;J24
621;011;202607;202607;DAT.FIX.FX;00;TU-TX-RL;TNENL;N;3988;4753,7;0,00605;28,76;1,09;0;29,85;;F;098
621;011;202607;202607;DAT.FIX.FX;00;TU-TX-RL;TLENL;R;33;49,5;0,00425;0,21;0;0;0,21;;F;247
621;011;202607;202607;DAT.FIX.FX;00;TU-TX-RL;TNENL;N;930;1013,3;0,00631;6,39;0,25;0;6,64;;F;048
621;011;202607;202607;DAT.FIX.FX;00;TU-TX-RIU-F;TLENI;N;172584;710944,1;0,01275;9064,55;343,39;0;9407,94;;F;062
621;011;202607;202607;DAT.FIX.FX;00;TU-TX-RL;TNENL;R;799;3753;0,00425;15,95;0,61;0;16,56;;F;047
621;011;202607;202607;DAT.FIX.FX;00;TU-TX-RIU-F;TLENI;N;1;1;0,01275;0,01;0;0;0,01;;M;F03
621;011;202607;202607;DAT.FIX.FX;00;TU-TX-RL;TLENL;N;85263;370897,3;0,00608;2255,06;85,43;0;2340,49;;F;067
621;011;202607;202607;DAT.FIX.FX;00;TU-TX-RL;TLENL;N;56;173,1;0,00608;1,06;0,04;0;1,1;;F;241
621;011;202607;202607;DAT.FIX.FX;00;TU-TX-RL;TNENL;R;1778;5061,8;0,00425;21,51;0,82;0;22,33;;F;265
621;011;202607;202607;DAT.FIX.FX;00;TU-TX-RL;TLENL;R;16;30,7;0,00425;0,12;0;0;0,12;;F;241
621;011;202607;202607;DAT.FIX.FX;00;TU-TX-RL;TNENL;N;11;6,8;0,00631;0,04;0;0;0,04;;F;035
621;011;202607;202607;DAT.FIX.FX;00;TU-TX-RIU-F;TNENI;N;4;11,6;0,01275;0,15;0,01;0;0,16;;M;G74
621;011;202607;202607;DAT.FIX.FX;00;TU-TX-RL;TNENL;N;1032;1085;0,00605;6,56;0,25;0;6,81;;F;081
621;011;202607;202607;DAT.FIX.FX;00;TU-TX-RL;TNENL;N;1547;4562,8;0,00605;27,59;1,04;0;28,63;;F;232
621;011;202607;202607;DAT.FIX.FX;00;TU-TX-RL;TNENL;R;217;754,9;0,00423;3,19;0,13;0;3,32;;F;031
621;011;202607;202607;DAT.FIX.FX;00;TU-TX-RL;TLENL;N;82388;405580,1;0,00605;2453,76;92,95;0;2546,71;;F;086
621;011;202607;202607;DAT.FIX.FX;00;TU-TX-RIU-F;TLENI;N;1370;5763,5;0,01275;73,48;2,78;0;76,26;;F;232
621;011;202607;202607;DAT.FIX.FX;00;TU-TX-RIU-F;TNENI;N;2736;3902,6;0,01275;49,77;1,87;0;51,64;;F;031
621;011;202607;202607;DAT.FIX.FX;00;TU-TX-RL;TLENL;R;218;584,9;0,00423;2,46;0,1;0;2,56;;F;232
621;011;202607;202607;DAT.FIX.FX;00;TU-TX-RIU-F;TNENI;N;3;5,7;0,01275;0,07;0;0;0,07;;M;J24
621;011;202607;202607;DAT.FIX.FX;00;TU-TX-RL;TNENL;N;8318;18557,9;0,00605;112,28;4,25;0;116,53;;F;027
621;011;202607;202607;DAT.FIX.FX;00;TU-TX-RIU-F;TNENI;N;3415;4568,4;0,01275;58,25;2,19;0;60,44;;F;021
621;011;202607;202607;DAT.FIX.FX;00;TU-TX-RL;TLENL;R;17859;57754,3;0,00423;244,3;9,25;0;253,55;;F;079
621;011;202607;202607;DAT.FIX.FX;00;TU-TX-RL;TLENL;N;170270;688200,2;0,00605;4163,61;157,74;0;4321,35;;F;082
621;011;202607;202607;DAT.FIX.FX;00;TU-TX-RIU-F;TLENI;N;6424;34736,6;0,01275;442,9;16,77;0;459,67;;F;027
621;011;202607;202607;DAT.FIX.FX;00;TU-TX-RL;TLENL;N;183;388,5;0,00608;2,35;0,08;0;2,43;;F;159
621;011;202607;202607;DAT.FIX.FX;00;TU-TX-RL;TLENL;R;15854;57451,1;0,00425;244,16;9,25;0;253,41;;F;062
621;011;202607;202607;DAT.FIX.FX;00;TU-TX-RL;TLENL;R;15;46,1;0,00423;0,19;0,01;0;0,2;;F;298
621;011;202607;202607;DAT.FIX.FX;00;TU-TX-RL;TNENL;R;3112;13053;0,00425;55,48;2,1;0;57,58;;F;062
621;011;202607;202607;DAT.FIX.FX;00;TU-TX-RL;TNENL;R;115;164,4;0,00423;0,69;0,03;0;0,72;;F;098
621;011;202607;202607;DAT.FIX.FX;00;TU-TX-RIU-F;TNENI;N;19664;63263,5;0,01275;806,61;30,54;0;837,15;;F;079
621;011;202607;202607;DAT.FIX.FX;00;TU-TX-M;TNENV;N;1;0,7;0,01686;0,01;0;0;0,01;;M;902
621;011;202607;202607;DAT.FIX.FX;00;TU-TX-RL;TNENL;R;391;1210,3;0,00423;5,12;0,19;0;5,31;;F;027
621;011;202607;202607;DAT.FIX.FX;00;TU-TX-RL;TNENL;R;7;8,1;0,00423;0,03;0;0;0,03;;F;291
621;011;202607;202607;DAT.FIX.FX;00;TU-TX-RL;TNENL;N;3155;9389,3;0,00605;56,8;2,15;0;58,95;;F;271
621;011;202607;202607;DAT.FIX.FX;00;TU-TX-RL;TNENL;R;19;36,3;0,00441;0,16;0,01;0;0,17;;F;035
621;011;202607;202607;DAT.FIX.FX;00;TU-TX-M;TNENV;N;1;2,5;0,01499;0,04;0;0;0,04;;M;I48
621;011;202607;202607;DAT.FIX.FX;00;TU-TX-RIU-F;TNENI;N;9;9,6;0,01275;0,13;0;0;0,13;;M;F55
621;011;202607;202607;DAT.FIX.FX;00;TU-TX-RL;TLENL;N;60189;233281,7;0,00605;1411,35;53,47;0;1464,82;;F;071
621;011;202607;202607;DAT.FIX.FX;00;TU-TX-RL;TLENL;R;4655;16617,7;0,00423;70,3;2,66;0;72,96;;F;071
621;011;202607;202607;DAT.FIX.FX;00;TU-TX-RIU-F;TLENI;N;43;21,5;0,01275;0,28;0,01;0;0,29;;F;296
621;011;202607;202607;DAT.FIX.FX;00;TU-TX-RL;TLENL;N;1953;4456,8;0,00608;27,1;1,02;0;28,12;;F;051
621;011;202607;202607;DAT.FIX.FX;00;TU-TX-RL;TLENL;N;544;2169,6;0,00605;13,13;0,5;0;13,63;;F;292
621;011;202607;202607;DAT.FIX.FX;00;TU-TX-RL;TNENL;R;39;24,7;0,00425;0,11;0;0;0,11;;F;047
621;011;202607;202607;DAT.FIX.FX;00;TU-TX-RL;TLENL;R;16;48,6;0,00423;0,21;0,01;0;0,22;;F;291
621;011;202607;202607;DAT.FIX.FX;00;TU-TX-RL;TNENL;N;11021;22147,9;0,00608;134,67;5,11;0;139,78;;F;061
621;011;202607;202607;DAT.FIX.FX;00;TU-TX-RIU-F;TNENI;N;11868;31105,8;0,01275;396,6;15,03;0;411,63;;F;094
621;011;202607;202607;DAT.FIX.FX;00;TU-TX-RIU-F;TLENI;N;603;2341,1;0,01275;29,84;1,12;0;30,96;;F;292
621;011;202607;202607;DAT.FIX.FX;00;TU-TX-RL;TLENL;R;13;20,7;0,00425;0,08;0;0;0,08;;F;241
621;011;202607;202607;DAT.FIX.FX;00;TU-TX-RL;TLENL;R;2518;9564,8;0,00423;40,47;1,53;0;42;;F;085
621;011;202607;202607;DAT.FIX.FX;00;TU-TX-RIU-F;TLENI;N;185;310,8;0,01275;3,97;0,15;0;4,12;;F;251
621;011;202607;202607;DAT.FIX.FX;00;TU-TX-RL;TNENL;R;317;809,5;0,00425;3,44;0,13;0;3,57;;F;241
621;011;202607;202607;DAT.FIX.FX;00;TU-TX-RIU-F;TLENI;N;10;23,4;0,01275;0,3;0,01;0;0,31;;M;F02
621;011;202607;202607;DAT.FIX.FX;00;TU-TX-RIU-F;TNENI;N;20175;60423,4;0,01275;770,41;29,19;0;799,6;;F;065
621;011;202607;202607;DAT.FIX.FX;00;TU-TX-M;TNENV;N;1;0,5;0,01499;0,01;0;0;0,01;;M;E99
621;011;202607;202607;DAT.FIX.FX;00;TU-TX-RIU-F;TNENI;N;1792;5441,2;0,01275;69,37;2,63;0;72;;F;232
621;011;202607;202607;DAT.FIX.FX;00;TU-TX-M;TLENV;N;1;1;0,01499;0,01;0;0;0,01;;M;F03
621;011;202607;202607;DAT.FIX.FX;00;TU-TX-RL;TLENL;R;182;779,7;0,00423;3,29;0,12;0;3,41;;F;232
621;011;202607;202607;DAT.FIX.FX;00;TU-TX-RL;TLENL;N;1914;6548,1;0,00605;39,6;1,5;0;41,1;;F;031
621;011;202607;202607;DAT.FIX.FX;00;TU-TX-M;TNENV;N;6;13,4;0,01686;0,23;0,01;0;0,24;;M;903
621;011;202607;202607;DAT.FIX.FX;00;TU-TX-RL;TLENL;N;231;494,1;0,00608;3,01;0,11;0;3,12;;F;241
621;011;202607;202607;DAT.FIX.FX;00;TU-TX-M;TNENV;N;3;3,7;0,01499;0,06;0;0;0,06;;M;J32
621;011;202607;202607;DAT.FIX.FX;00;TU-TX-RL;TLENL;N;158805;660142,4;0,00605;3993,87;151,3;0;4145,17;;F;083
621;011;202607;202607;DAT.FIX.FX;00;TU-TX-RL;TLENL;N;6033;33144,7;0,00605;200,52;7,59;0;208,11;;F;027
621;011;202607;202607;DAT.FIX.FX;00;TU-TX-M;TLENV;N;21;38,8;0,01499;0,58;0,02;0;0,6;;M;G74
621;011;202607;202607;DAT.FIX.FX;00;TU-TX-RL;TLENL;R;391;1591,9;0,00423;6,73;0,25;0;6,98;;F;027
621;011;202607;202607;DAT.FIX.FX;00;TU-TX-RIU-F;TNENI;N;4816;4046,1;0,01275;51,59;1,95;0;53,54;;F;160
621;011;202607;202607;DAT.FIX.FX;00;TU-TX-RL;TLENL;N;98;173,1;0,00607;1,05;0,04;0;1,09;;F;242
621;011;202607;202607;DAT.FIX.FX;00;TU-TX-RIU-F;TLENI;N;918;3267,8;0,01275;41,68;1,57;0;43,25;;F;047
621;011;202607;202607;DAT.FIX.FX;00;TU-TX-RL;TNENL;N;3281;7805,6;0,00608;47,46;1,79;0;49,25;;F;093
621;011;202607;202607;DAT.FIX.FX;00;TU-TX-RL;TNENL;N;3588;3847,5;0,00608;23,39;0,88;0;24,27;;F;241
621;011;202607;202607;DAT.FIX.FX;00;TU-TX-M;TNENV;N;3;4,1;0,01686;0,07;0;0;0,07;;M;H96
621;011;202607;202607;DAT.FIX.FX;00;TU-TX-RIU-F;TLENI;N;184393;817183,8;0,01275;10419,1;394,7;0;10813,8;;F;084
621;011;202607;202607;DAT.FIX.FX;00;TU-TX-RIU-F;TLENI;N;70234;268322,4;0,01275;3421,12;129,6;0;3550,72;;F;065
621;011;202607;202607;DAT.FIX.FX;00;TU-TX-RIU-F;TNENI;N;8709;19768,2;0,01275;252,05;9,55;0;261,6;;F;027
621;011;202607;202607;DAT.FIX.FX;00;TU-TX-RIU-F;TLENI;N;247;524,8;0,01275;6,69;0,26;0;6,95;;F;241
621;011;202607;202607;DAT.FIX.FX;00;TU-TX-RL;TNENL;R;17;10,2;0,00423;0,04;0;0;0,04;;F;291
621;011;202607;202607;DAT.FIX.FX;00;TU-TX-RIU-F;TLENI;N;638351;3016458,5;0,01275;38459,86;1456,97;0;39916,83;;F;081
621;011;202607;202607;DAT.FIX.FX;00;TU-TX-RL;TNENL;N;1175;1092,1;0,00607;6,63;0,24;0;6,87;;F;042
621;011;202607;202607;DAT.FIX.FX;00;TU-TX-M;TNENV;N;8;9,1;0,01499;0,14;0,01;0;0,15;;M;F55
621;011;202607;202607;DAT.FIX.FX;00;TU-TX-M;TNENV;R;1;1,7;0,01049;0,02;0;0;0,02;;M;954
621;011;202607;202607;DAT.FIX.FX;00;TU-TX-RIU-F;TNENI;N;44465;111633,2;0,01275;1423,32;53,93;0;1477,25;;F;021
621;011;202607;202607;DAT.FIX.FX;00;TU-TX-RL;TLENL;N;9;15,3;0,00631;0,09;0;0;0,09;;F;035
621;011;202607;202607;DAT.FIX.FX;00;TU-TX-RL;TLENL;R;15;17,1;0,00441;0,08;0;0;0,08;;F;248
621;011;202607;202607;DAT.FIX.FX;00;TU-TX-RL;TNENL;R;581;3422,6;0,00423;14,47;0,55;0;15,02;;F;271
621;011;202607;202607;DAT.FIX.FX;00;TU-TX-RL;TLENL;N;113;517,9;0,00605;3,13;0,12;0;3,25;;F;291
621;011;202607;202607;DAT.FIX.FX;00;TU-TX-RIU-F;TNENI;N;2;15;0,01275;0,19;0,01;0;0,2;;M;903
621;011;202607;202607;DAT.FIX.FX;00;TU-TX-RIU-F;TNENI;N;4356;4894,2;0,01275;62,41;2,35;0;64,76;;F;041
621;011;202607;202607;DAT.FIX.FX;00;TU-TX-RL;TNENL;N;46691;148271,5;0,00608;901,49;34,15;0;935,64;;F;062
621;011;202607;202607;DAT.FIX.FX;00;TU-TX-RL;TNENL;N;2797;13019,1;0,00605;78,76;2,98;0;81,74;;F;286
621;011;202607;202607;DAT.FIX.FX;00;TU-TX-RL;TNENL;N;4680;12809,9;0,00605;77,5;2,94;0;80,44;;F;031
621;011;202607;202607;DAT.FIX.FX;00;TU-TX-RIU-F;TNENI;N;6;12,5;0,01275;0,16;0,01;0;0,17;;M;903
621;011;202607;202607;DAT.FIX.FX;00;TU-TX-RL;TNENL;R;43;299,3;0,00423;1,26;0,05;0;1,31;;F;232
621;011;202607;202607;DAT.FIX.FX;00;TU-TX-RL;TLENL;N;41933;213333,4;0,00605;1290,66;48,9;0;1339,56;;F;085
621;011;202607;202607;DAT.FIX.FX;00;TU-TX-RIU-F;TLENI;N;2126;7147,5;0,01275;91,15;3,45;0;94,6;;F;031
621;011;202607;202607;DAT.FIX.FX;00;TU-TX-RL;TNENL;N;1506;1347;0,00608;8,18;0,31;0;8,49;;F;251
621;011;202607;202607;DAT.FIX.FX;00;TU-TX-RL;TNENL;N;505;358;0,00605;2,17;0,08;0;2,25;;F;091
621;011;202607;202607;DAT.FIX.FX;00;TU-TX-RIU-F;TLENI;N;2615;11079,7;0,01275;141,27;5,35;0;146,62;;F;271
621;011;202607;202607;DAT.FIX.FX;00;TU-TX-RL;TNENL;R;364;917,8;0,00425;3,9;0,15;0;4,05;;F;093
621;011;202607;202607;DAT.FIX.FX;00;TU-TX-M;TLENV;N;2;1;0,01499;0,01;0;0;0,01;;M;F55
621;011;202607;202607;DAT.FIX.FX;00;TU-TX-RL;TNENL;N;102;151,4;0,00631;0,95;0,03;0;0,98;;F;035
621;011;202607;202607;DAT.FIX.FX;00;TU-TX-RIU-F;TNENI;N;1;6,7;0,01275;0,09;0;0;0,09;;M;F01
621;011;202607;202607;DAT.FIX.FX;00;TU-TX-M;TNENV;N;1;14,5;0,01686;0,24;0,01;0;0,25;;M;903
621;011;202607;202607;DAT.FIX.FX;00;TU-TX-RL;TLENL;R;3196;8715,2;0,00425;37,04;1,4;0;38,44;;F;262
621;011;202607;202607;DAT.FIX.FX;00;TU-TX-RL;TLENL;R;12;19,8;0,00424;0,08;0;0;0,08;;F;242
621;011;202607;202607;DAT.FIX.FX;00;TU-TX-RIU-F;TNENI;N;7200;6537;0,01275;83,34;3,16;0;86,5;;F;092
621;011;202607;202607;DAT.FIX.FX;00;TU-TX-RL;TNENL;R;1093;3240,1;0,00425;13,77;0,51;0;14,28;;F;062
621;011;202607;202607;DAT.FIX.FX;00;TU-TX-M;TLENV;N;30;66,8;0,01499;1;0,04;0;1,04;;M;F01
621;011;202607;202607;DAT.FIX.FX;00;TU-TX-RL;TNENL;N;21413;82870,5;0,00605;501,37;19;0;520,37;;F;083
621;011;202607;202607;DAT.FIX.FX;00;TU-TX-RL;TNENL;R;1445;4549,1;0,00423;19,26;0,72;0;19,98;;F;085
621;011;202607;202607;DAT.FIX.FX;00;TU-TX-RL;TNENL;R;1129;3292,9;0,00423;13,93;0,54;0;14,47;;F;005
621;011;202607;202607;DAT.FIX.FX;00;TU-TX-RIU-F;TNENI;N;24307;78640,8;0,01275;1002,67;37,99;0;1040,66;;F;047
621;011;202607;202607;DAT.FIX.FX;00;TU-TX-RL;TLENL;R;18103;57627,2;0,00423;243,77;9,23;0;253;;F;082
621;011;202607;202607;DAT.FIX.FX;00;TU-TX-RL;TNENL;N;3164;7033,4;0,00608;42,77;1,63;0;44,4;;F;041
621;011;202607;202607;DAT.FIX.FX;00;TU-TX-RIU-F;TLENI;N;10637;27409,2;0,01275;349,48;13,25;0;362,73;;F;005
621;011;202607;202607;DAT.FIX.FX;00;TU-TX-RL;TLENL;N;226;725,4;0,00608;4,41;0,17;0;4,58;;F;160
621;011;202607;202607;DAT.FIX.FX;00;TU-TX-RIU-F;TLENI;N;93666;396466,8;0,01275;5054,96;191,49;0;5246,45;;F;049
621;011;202607;202607;DAT.FIX.FX;00;TU-TX-RL;TLENL;R;715;2636,7;0,00423;11,16;0,43;0;11,59;;F;271
621;011;202607;202607;DAT.FIX.FX;00;TU-TX-RL;TNENL;N;18496;52123;0,00608;316,9;12;0;328,9;;F;041
621;011;202607;202607;DAT.FIX.FX;00;TU-TX-RL;TLENL;R;12;9,5;0,00425;0,04;0;0;0,04;;F;251
621;011;202607;202607;DAT.FIX.FX;00;TU-TX-RL;TLENL;N;339;631,1;0,00608;3,84;0,15;0;3,99;;F;251
621;011;202607;202607;DAT.FIX.FX;00;TU-TX-RIU-F;TLENI;N;45833;166387,1;0,01275;2121,44;80,36;0;2201,8;;F;048
621;011;202607;202607;DAT.FIX.FX;00;TU-TX-RL;TNENL;R;24;17,1;0,00425;0,07;0;0;0,07;;F;251
621;011;202607;202607;DAT.FIX.FX;00;TU-TX-RIU-F;TNENI;N;10758;53743,7;0,01275;685,23;25,94;0;711,17;;F;085
621;011;202607;202607;DAT.FIX.FX;00;TU-TX-RIU-F;TNENI;N;16568;63708,6;0,01275;812,29;30,76;0;843,05;;F;071
621;011;202607;202607;DAT.FIX.FX;00;TU-TX-RL;TNENL;N;14966;54001,5;0,00605;326,71;12,38;0;339,09;;F;071
621;011;202607;202607;DAT.FIX.FX;00;TU-TX-RL;TNENL;R;5;2,5;0,00441;0,01;0;0;0,01;;F;049
621;011;202607;202607;DAT.FIX.FX;00;TU-TX-RIU-F;TNENI;N;3712;4086,1;0,01275;52,1;1,97;0;54,07;;F;241
621;011;202607;202607;DAT.FIX.FX;00;TU-TX-RL;TNENL;R;143;224,5;0,00423;0,96;0,04;0;1;;F;221
621;011;202607;202607;DAT.FIX.FX;00;TU-TX-RL;TLENL;N;8831;40632,5;0,00605;245,82;9,31;0;255,13;;F;071
621;011;202607;202607;DAT.FIX.FX;00;TU-TX-RIU-F;TLENI;N;13870;76968,5;0,01275;981,36;37,17;0;1018,53;;F;008
621;011;202607;202607;DAT.FIX.FX;00;TU-TX-RIU-F;TNENI;N;1;6,5;0,01275;0,08;0;0;0,08;;M;J55
621;011;202607;202607;DAT.FIX.FX;00;TU-TX-RL;TNENL;R;1456;2869,3;0,00423;12,14;0,46;0;12,6;;F;271
621;011;202607;202607;DAT.FIX.FX;00;TU-TX-RIU-F;TNENI;N;553;489,8;0,01275;6,25;0,23;0;6,48;;F;296
621;011;202607;202607;DAT.FIX.FX;00;TU-TX-RIU-F;TNENI;N;2;2,8;0,01275;0,04;0;0;0,04;;M;901
621;011;202607;202607;DAT.FIX.FX;00;TU-TX-RIU-F;TNENI;N;12;32,1;0,01275;0,41;0,02;0;0,43;;M;902
621;011;202607;202607;DAT.FIX.FX;00;TU-TX-RL;TLENL;R;203;584,1;0,00423;2,47;0,09;0;2,56;;F;031
621;011;202607;202607;DAT.FIX.FX;00;TU-TX-M;TNENV;N;8;13,5;0,01686;0,23;0,01;0;0,24;;M;060
621;011;202607;202607;DAT.FIX.FX;00;TU-TX-RL;TLENL;N;46;272,5;0,00608;1,66;0,06;0;1,72;;F;241
621;011;202607;202607;DAT.FIX.FX;00;TU-TX-RL;TLENL;R;99;192,7;0,00425;0,83;0,03;0;0,86;;F;247
621;011;202607;202607;DAT.FIX.FX;00;TU-TX-RL;TLENL;R;3401;13717,1;0,00423;58,03;2,2;0;60,23;;F;285
621;011;202607;202607;DAT.FIX.FX;00;TU-TX-RIU-F;TNENI;N;19637;67967,5;0,01275;866,6;32,82;0;899,42;;F;084
621;011;202607;202607;DAT.FIX.FX;00;TU-TX-RL;TNENL;R;463;777,6;0,00425;3,3;0,13;0;3,43;;F;247
621;011;202607;202607;DAT.FIX.FX;00;TU-TX-RL;TLENL;N;32958;114161,3;0,00608;694,11;26,29;0;720,4;;F;093
621;011;202607;202607;DAT.FIX.FX;00;TU-TX-RL;TNENL;N;1186;2171,5;0,00605;13,15;0,5;0;13,65;;F;031
621;011;202607;202607;DAT.FIX.FX;00;TU-TX-RL;TLENL;N;34;33,5;0,00608;0,21;0;0;0,21;;F;241
621;011;202607;202607;DAT.FIX.FX;00;TU-TX-RL;TNENL;R;4106;10376,2;0,00425;44,09;1,67;0;45,76;;F;065
621;011;202607;202607;DAT.FIX.FX;00;TU-TX-RL;TNENL;R;575;1765,5;0,00425;7,51;0,29;0;7,8;;F;241
621;011;202607;202607;DAT.FIX.FX;00;TU-TX-RL;TNENL;N;1;0,5;0,00631;0;0;0;0;;F;B68
621;011;202607;202607;DAT.FIX.FX;00;TU-TX-RIU-F;TNENI;N;28635;100170,6;0,01275;1277,18;48,38;0;1325,56;;F;082
621;011;202607;202607;DAT.FIX.FX;00;TU-TX-M;TNENV;N;6;12,5;0,01686;0,21;0,01;0;0,22;;M;903
621;011;202607;202607;DAT.FIX.FX;00;TU-TX-RL;TNENL;N;3523;5877,3;0,00605;35,57;1,35;0;36,92;;F;031
621;011;202607;202607;DAT.FIX.FX;00;TU-TX-RIU-F;TNENI;N;397;609,6;0,01275;7,76;0,29;0;8,05;;F;227
621;011;202607;202607;DAT.FIX.FX;00;TU-TX-RL;TLENL;N;22923;86817,2;0,00605;525,24;19,9;0;545,14;;F;085
621;011;202607;202607;DAT.FIX.FX;00;TU-TX-RL;TLENL;N;9830;25420,1;0,00605;153,8;5,82;0;159,62;;F;005
621;011;202607;202607;DAT.FIX.FX;00;TU-TX-RL;TLENL;N;42403;157285,4;0,00608;956,31;36,24;0;992,55;;F;062
621;011;202607;202607;DAT.FIX.FX;00;TU-TX-RL;TLENL;R;807;1989,1;0,00423;8,41;0,31;0;8,72;;F;005
621;011;202607;202607;DAT.FIX.FX;00;TU-TX-RL;TNENL;N;3807;3398,9;0,00605;20,57;0,77;0;21,34;;F;091
621;011;202607;202607;DAT.FIX.FX;00;TU-TX-RL;TLENL;R;44;64,7;0,00425;0,28;0,01;0;0,29;;F;241
621;011;202607;202607;DAT.FIX.FX;00;TU-TX-RIU-F;TNENI;N;5846;5115,2;0,01275;65,21;2,47;0;67,68;;F;021
621;011;202607;202607;DAT.FIX.FX;00;TU-TX-RL;TLENL;R;4230;15889,2;0,00423;67,22;2,56;0;69,78;;F;071
621;011;202607;202607;DAT.FIX.FX;00;TU-TX-RIU-F;TLENI;N;2;1;0,01275;0,01;0;0;0,01;;M;F55
621;011;202607;202607;DAT.FIX.FX;00;TU-TX-RL;TLENL;N;408;1361,8;0,00605;8,24;0,31;0;8,55;;F;221
621;011;202607;202607;DAT.FIX.FX;00;TU-TX-RL;TLENL;N;173;290,6;0,00608;1,77;0,07;0;1,84;;F;251
621;011;202607;202607;DAT.FIX.FX;00;TU-TX-RL;TLENL;N;48;130,3;0,00605;0,78;0,03;0;0,81;;F;095
621;011;202607;202607;DAT.FIX.FX;00;TU-TX-RL;TLENL;R;1;0,5;0,00423;0;0;0;0;;F;M61
621;011;202607;202607;DAT.FIX.FX;00;TU-TX-RL;TNENL;N;11435;38642;0,00608;234,93;8,9;0;243,83;;F;062
621;011;202607;202607;DAT.FIX.FX;00;TU-TX-RL;TNENL;R;22;11,3;0,00423;0,05;0;0;0,05;;F;296
621;011;202607;202607;DAT.FIX.FX;00;TU-TX-RIU-F;TLENI;N;188373;745827,4;0,01275;9509,3;360,22;0;9869,52;;F;082
621;011;202607;202607;DAT.FIX.FX;00;TU-TX-RL;TNENL;N;41749;95077,9;0,00605;575,22;21,79;0;597,01;;F;021
621;011;202607;202607;DAT.FIX.FX;00;TU-TX-M;TNENV;N;9;18,2;0,01686;0,31;0,01;0;0,32;;M;902
621;011;202607;202607;DAT.FIX.FX;00;TU-TX-M;TNENV;R;4;5,6;0,01049;0,06;0;0;0,06;;M;F03
621;011;202607;202607;DAT.FIX.FX;00;TU-TX-RL;TLENL;N;48352;213917,3;0,00605;1294,21;49,02;0;1343,23;;F;071
621;011;202607;202607;DAT.FIX.FX;00;TU-TX-RL;TNENL;N;2486;2534;0,00608;15,4;0,58;0;15,98;;F;051
621;011;202607;202607;DAT.FIX.FX;00;TU-TX-RL;TNENL;N;531;478,5;0,00605;2,89;0,1;0;2,99;;F;296
621;011;202607;202607;DAT.FIX.FX;00;TU-TX-M;TNENV;N;18;44,3;0,01499;0,66;0,03;0;0,69;;M;F04
621;011;202607;202607;DAT.FIX.FX;00;TU-TX-RIU-F;TLENI;N;52582;229806,5;0,01275;2930,03;111;0;3041,03;;F;071
621;011;202607;202607;DAT.FIX.FX;00;TU-TX-RL;TNENL;R;410;545,7;0,00441;2,41;0,09;0;2,5;;F;035
621;011;202607;202607;DAT.FIX.FX;00;TU-TX-M;TLENV;N;15;7,6;0,01686;0,13;0;0;0,13;;M;060
621;011;202607;202607;DAT.FIX.FX;00;TU-TX-RL;TLENL;N;9904;29801,7;0,00605;180,3;6,83;0;187,13;;F;271
621;011;202607;202607;DAT.FIX.FX;00;TU-TX-RL;TLENL;R;6266;17281,2;0,00425;73,44;2,78;0;76,22;;F;093
621;011;202607;202607;DAT.FIX.FX;00;TU-TX-RIU-F;TLENI;N;49;130,8;0,01275;1,68;0,06;0;1,74;;F;095
621;011;202607;202607;DAT.FIX.FX;00;TU-TX-RIU-F;TNENI;N;2;6,4;0,01275;0,08;0;0;0,08;;M;903
621;011;202607;202607;DAT.FIX.FX;00;TU-TX-RL;TLENL;R;392;1884,1;0,00423;7,97;0,3;0;8,27;;F;286
621;011;202607;202607;DAT.FIX.FX;00;TU-TX-RL;TLENL;N;393;1128,5;0,00605;6,83;0,26;0;7,09;;F;091
621;011;202607;202607;DAT.FIX.FX;00;TU-TX-RIU-F;TLENI;N;455;1761,6;0,01275;22,47;0,85;0;23,32;;F;232
621;011;202607;202607;DAT.FIX.FX;00;TU-TX-RL;TLENL;N;37211;125137,4;0,00608;760,84;28,82;0;789,66;;F;094
621;011;202607;202607;DAT.FIX.FX;00;TU-TX-RL;TNENL;R;55;201,3;0,00423;0,85;0,03;0;0,88;;F;081
621;011;202607;202607;DAT.FIX.FX;00;TU-TX-RL;TNENL;R;245;878,4;0,00423;3,71;0,14;0;3,85;;F;232
621;011;202607;202607;DAT.FIX.FX;00;TU-TX-RIU-F;TLENI;N;1;6;0,01275;0,08;0;0;0,08;;M;903
621;011;202607;202607;DAT.FIX.FX;00;TU-TX-RIU-F;TNENI;N;1826;1694,5;0,01275;21,61;0,81;0;22,42;;F;047
621;011;202607;202607;DAT.FIX.FX;00;TU-TX-RL;TLENL;R;18268;63867,3;0,00423;270,16;10,23;0;280,39;;F;084
621;011;202607;202607;DAT.FIX.FX;00;TU-TX-RL;TNENL;N;15810;25063,6;0,00608;152,38;5,76;0;158,14;;F;247
621;011;202607;202607;DAT.FIX.FX;00;TU-TX-RIU-F;TLENI;N;87977;425832,6;0,01275;5429,37;205,68;0;5635,05;;F;086
621;011;202607;202607;DAT.FIX.FX;00;TU-TX-RIU-F;TLENI;N;39224;131442,5;0,01275;1675,89;63,48;0;1739,37;;F;093
621;011;202607;202607;DAT.FIX.FX;00;TU-TX-M;TNENV;N;2;2,8;0,01499;0,04;0;0;0,04;;M;901
621;011;202607;202607;DAT.FIX.FX;00;TU-TX-RIU-F;TNENI;N;286;298,7;0,01275;3,8;0,14;0;3,94;;F;091
621;011;202607;202607;DAT.FIX.FX;00;TU-TX-RL;TLENL;N;2328;7464,1;0,00605;45,16;1,71;0;46,87;;F;031
621;011;202607;202607;DAT.FIX.FX;00;TU-TX-M;TLENV;N;10;23,4;0,01499;0,35;0,01;0;0,36;;M;F02
621;011;202607;202607;DAT.FIX.FX;00;TU-TX-RL;TNENL;N;28424;64468;0,00605;390,04;14,79;0;404,83;;F;085
621;011;202607;202607;DAT.FIX.FX;00;TU-TX-RL;TNENL;N;6955;6352,4;0,00605;38,44;1,44;0;39,88;;F;092
621;011;202607;202607;DAT.FIX.FX;00;TU-TX-RIU-F;TLENI;N;7;4,8;0,01275;0,06;0;0;0,06;;M;J24
621;011;202607;202607;DAT.FIX.FX;00;TU-TX-RL;TNENL;R;83;107,4;0,00425;0,46;0,02;0;0,48;;F;251
621;011;202607;202607;DAT.FIX.FX;00;TU-TX-RL;TLENL;N;1;0,5;0,00631;0;0;0;0;;F;049
621;011;202607;202607;DAT.FIX.FX;00;TU-TX-RIU-F;TNENI;N;2981;13900,5;0,01275;177,24;6,7;0;183,94;;F;286
621;011;202607;202607;DAT.FIX.FX;00;TU-TX-RL;TLENL;N;3486;9506,3;0,00605;57,51;2,18;0;59,69;;F;021
621;011;202607;202607;DAT.FIX.FX;00;TU-TX-RL;TNENL;R;9965;15137,7;0,00423;64,03;2,42;0;66,45;;F;081
621;011;202607;202607;DAT.FIX.FX;00;TU-TX-RL;TNENL;N;63088;137500,1;0,00605;831,86;31,53;0;863,39;;F;081
621;011;202607;202607;DAT.FIX.FX;00;TU-TX-RIU-F;TNENI;N;49803;161324,5;0,01275;2056,89;77,92;0;2134,81;;F;062
621;011;202607;202607;DAT.FIX.FX;00;TU-TX-RIU-F;TNENI;N;3481;7842,9;0,01275;100,01;3,79;0;103,8;;F;041
621;011;202607;202607;DAT.FIX.FX;00;TU-TX-RIU-F;TLENI;N;1175;4276,4;0,01275;54,54;2,08;0;56,62;;F;247
621;011;202607;202607;DAT.FIX.FX;00;TU-TX-RIU-F;TLENI;N;421;1392,5;0,01275;17,75;0,66;0;18,41;;F;221
621;011;202607;202607;DAT.FIX.FX;00;TU-TX-RL;TNENL;N;3068;3644,5;0,00608;22,16;0,83;0;22,99;;F;041
621;011;202607;202607;DAT.FIX.FX;00;TU-TX-RL;TLENL;R;12;20,2;0,00425;0,09;0;0;0,09;;F;251
621;011;202607;202607;DAT.FIX.FX;00;TU-TX-M;TNENV;R;1;0,5;0,01049;0,01;0;0;0,01;;M;F55
621;011;202607;202607;DAT.FIX.FX;00;TU-TX-M;TNENV;N;1;6,5;0,01686;0,11;0;0;0,11;;M;J55
621;011;202607;202607;DAT.FIX.FX;00;TU-TX-RIU-F;TLENI;N;225831;839204,6;0,01275;10699,87;405,34;0;11105,21;;F;079
621;011;202607;202607;DAT.FIX.FX;00;TU-TX-RIU-F;TLENI;N;15;7,6;0,01275;0,1;0;0;0,1;;M;060
621;011;202607;202607;DAT.FIX.FX;00;TU-TX-RL;TLENL;R;12;17,8;0,00425;0,08;0;0;0,08;;F;247
621;011;202607;202607;DAT.FIX.FX;00;TU-TX-RL;TNENL;N;251;212,8;0,00631;1,35;0,05;0;1,4;;F;049
621;011;202607;202607;DAT.FIX.FX;00;TU-TX-RIU-F;TNENI;N;29869;69017,1;0,01275;879,98;33,34;0;913,32;;F;085
621;011;202607;202607;DAT.FIX.FX;00;TU-TX-RL;TLENL;N;826;3799,5;0,00631;23,98;0,91;0;24,89;;F;035
621;011;202607;202607;DAT.FIX.FX;00;TU-TX-RL;TNENL;N;18755;38038,5;0,00605;230,14;8,72;0;238,86;;F;208
621;011;202607;202607;DAT.FIX.FX;00;TU-TX-RL;TNENL;R;105;251;0,00423;1,06;0,04;0;1,1;;F;271
621;011;202607;202607;DAT.FIX.FX;00;TU-TX-RIU-F;TNENI;N;4103;4918,1;0,01275;62,71;2,36;0;65,07;;F;098
621;011;202607;202607;DAT.FIX.FX;00;TU-TX-RIU-F;TLENI;N;625;1444,8;0,01275;18,43;0,7;0;19,13;;F;241
621;011;202607;202607;DAT.FIX.FX;00;TU-TX-RIU-F;TNENI;N;9;18,2;0,01275;0,23;0,01;0;0,24;;M;902
621;011;202607;202607;DAT.FIX.FX;00;TU-TX-RL;TLENL;R;54;160,4;0,00423;0,68;0,03;0;0,71;;F;232
621;011;202607;202607;DAT.FIX.FX;00;TU-TX-RL;TNENL;N;19;13,8;0,00605;0,08;0;0;0,08;;F;092
;;;;;01;;;;6484744;24996797,8;;233347,13;8839,16;0;242186,29;;;
