006;003;202607;202607;SMS     ;00; SENS;F;107;0,00;0,050000;5,35;0,20;0,00;5,55;;
;;;;;01;;;107;0,00;;5,35;0,20;0,00;5,55;;
006;004;202607;202607;SMS     ;00; SENS;F;340;0,00;0,050000;17,00;0,64;0,00;17,64;;
;;;;;01;;;340;0,00;;17,00;0,64;0,00;17,64;;
006;010;202607;202607;SMS     ;00; SENS;F;10985;0,00;0,050000;549,25;20,81;0,00;570,06;;
;;;;;01;;;10985;0,00;;549,25;20,81;0,00;570,06;;
006;020;202607;202607;SMS     ;00; SENS;F;2501;0,00;0,050000;125,05;4,74;0,00;129,79;;
;;;;;01;;;2501;0,00;;125,05;4,74;0,00;129,79;;
006;026;202607;202607;SMS     ;00; SENS;F;1055;0,00;0,050000;52,75;2,00;0,00;54,75;;
;;;;;01;;;1055;0,00;;52,75;2,00;0,00;54,75;;
006;030;202607;202607;SMS     ;00; SENS;F;4092;0,00;0,050000;204,60;7,75;0,00;212,35;;
;;;;;01;;;4092;0,00;;204,60;7,75;0,00;212,35;;
006;033;202607;202607;SMS     ;00; SENS;F;2112;0,00;0,050000;105,60;4,00;0,00;109,60;;
;;;;;01;;;2112;0,00;;105,60;4,00;0,00;109,60;;
006;036;202607;202607;SMS     ;00; SENS;F;911;0,00;0,050000;45,55;1,73;0,00;47,28;;
;;;;;01;;;911;0,00;;45,55;1,73;0,00;47,28;;
006;037;202607;202607;SMS     ;00; SENS;F;2937;0,00;0,050000;146,85;5,56;0,00;152,41;;
;;;;;01;;;2937;0,00;;146,85;5,56;0,00;152,41;;
006;038;202607;202607;SMS     ;00; SENS;F;493;0,00;0,050000;24,65;0,93;0,00;25,58;;
;;;;;01;;;493;0,00;;24,65;0,93;0,00;25,58;;
006;039;202607;202607;SMS     ;00; SENS;F;1041;0,00;0,050000;52,05;1,97;0,00;54,02;;
;;;;;01;;;1041;0,00;;52,05;1,97;0,00;54,02;;
006;044;202607;202607;SMS     ;00; SENS;F;2795;0,00;0,050000;139,75;5,29;0,00;145,04;;
;;;;;01;;;2795;0,00;;139,75;5,29;0,00;145,04;;
006;045;202607;202607;SMS     ;00; SENS;F;7624;0,00;0,050000;381,20;14,44;0,00;395,64;;
;;;;;01;;;7624;0,00;;381,20;14,44;0,00;395,64;;
006;050;202607;202607;SMS     ;00; SENS;F;343586;0,00;0,050000;17179,30;650,80;0,00;17830,10;;
;;;;;01;;;343586;0,00;;17179,30;650,80;0,00;17830,10;;
006;056;202607;202607;SMS     ;00; SENS;F;75;0,00;0,050000;3,75;0,14;0,00;3,89;;
;;;;;01;;;75;0,00;;3,75;0,14;0,00;3,89;;
006;060;202607;202607;SMS     ;00; SENS;F;686;0,00;0,050000;34,30;1,30;0,00;35,60;;
;;;;;01;;;686;0,00;;34,30;1,30;0,00;35,60;;
006;064;202607;202607;SMS     ;00; SENS;F;1044;0,00;0,050000;52,20;1,98;0,00;54,18;;
;;;;;01;;;1044;0,00;;52,20;1,98;0,00;54,18;;
006;066;202607;202607;SMS     ;00; SENS;F;686;0,00;0,050000;34,30;1,30;0,00;35,60;;
;;;;;01;;;686;0,00;;34,30;1,30;0,00;35,60;;
006;068;202607;202607;SMS     ;00; SENS;F;476;0,00;0,050000;23,80;0,90;0,00;24,70;;
;;;;;01;;;476;0,00;;23,80;0,90;0,00;24,70;;
006;070;202607;202607;SMS     ;00; SENS;F;1262;0,00;0,050000;63,10;2,39;0,00;65,49;;
;;;;;01;;;1262;0,00;;63,10;2,39;0,00;65,49;;
006;078;202607;202607;SMS     ;00; SENS;F;564;0,00;0,050000;28,20;1,07;0,00;29,27;;
;;;;;01;;;564;0,00;;28,20;1,07;0,00;29,27;;
006;452;202607;202607;SMS     ;00; SENS;F;333;0,00;0,050000;16,65;0,63;0,00;17,28;;
;;;;;01;;;333;0,00;;16,65;0,63;0,00;17,28;;
006;453;202607;202607;SMS     ;00; SENS;F;484;0,00;0,050000;24,20;0,92;0,00;25,12;;
;;;;;01;;;484;0,00;;24,20;0,92;0,00;25,12;;
006;454;202607;202607;SMS     ;00; SENS;F;702;0,00;0,050000;35,10;1,33;0,00;36,43;;
;;;;;01;;;702;0,00;;35,10;1,33;0,00;36,43;;
006;455;202607;202607;SMS     ;00; SENS;F;979;0,00;0,050000;48,95;1,85;0,00;50,80;;
;;;;;01;;;979;0,00;;48,95;1,85;0,00;50,80;;
006;456;202607;202607;SMS     ;00; SENS;F;227;0,00;0,050000;11,35;0,43;0,00;11,78;;
;;;;;01;;;227;0,00;;11,35;0,43;0,00;11,78;;
006;457;202607;202607;SMS     ;00; SENS;F;946;0,00;0,050000;47,30;1,79;0,00;49,09;;
;;;;;01;;;946;0,00;;47,30;1,79;0,00;49,09;;
014;003;202607;202607;SMS     ;00; SENS;F;246;0,00;0,050000;12,30;0,47;0,00;12,77;;
;;;;;01;;;246;0,00;;12,30;0,47;0,00;12,77;;
014;004;202607;202607;SMS     ;00; SENS;F;157;0,00;0,050000;7,85;0,30;0,00;8,15;;
;;;;;01;;;157;0,00;;7,85;0,30;0,00;8,15;;
014;010;202607;202607;SMS     ;00; SENS;F;833619;0,00;0,050000;41680,95;1578,99;0,00;43259,94;;
;;;;;01;;;833619;0,00;;41680,95;1578,99;0,00;43259,94;;
014;020;202607;202607;SMS     ;00; SENS;F;11069;0,00;0,050000;553,45;20,97;0,00;574,42;;
;;;;;01;;;11069;0,00;;553,45;20,97;0,00;574,42;;
014;026;202607;202607;SMS     ;00; SENS;F;3173;0,00;0,050000;158,65;6,01;0,00;164,66;;
;;;;;01;;;3173;0,00;;158,65;6,01;0,00;164,66;;
014;030;202607;202607;SMS     ;00; SENS;F;13242;0,00;0,050000;662,10;25,08;0,00;687,18;;
;;;;;01;;;13242;0,00;;662,10;25,08;0,00;687,18;;
014;033;202607;202607;SMS     ;00; SENS;F;2517;0,00;0,050000;125,85;4,77;0,00;130,62;;
;;;;;01;;;2517;0,00;;125,85;4,77;0,00;130,62;;
014;036;202607;202607;SMS     ;00; SENS;F;195;0,00;0,050000;9,75;0,37;0,00;10,12;;
;;;;;01;;;195;0,00;;9,75;0,37;0,00;10,12;;
014;037;202607;202607;SMS     ;00; SENS;F;1527;0,00;0,050000;76,35;2,89;0,00;79,24;;
;;;;;01;;;1527;0,00;;76,35;2,89;0,00;79,24;;
014;038;202607;202607;SMS     ;00; SENS;F;214;0,00;0,050000;10,70;0,41;0,00;11,11;;
;;;;;01;;;214;0,00;;10,70;0,41;0,00;11,11;;
014;039;202607;202607;SMS     ;00; SENS;F;2066;0,00;0,050000;103,30;3,91;0,00;107,21;;
;;;;;01;;;2066;0,00;;103,30;3,91;0,00;107,21;;
014;044;202607;202607;SMS     ;00; SENS;F;4004;0,00;0,050000;200,20;7,58;0,00;207,78;;
;;;;;01;;;4004;0,00;;200,20;7,58;0,00;207,78;;
014;045;202607;202607;SMS     ;00; SENS;F;2517;0,00;0,050000;125,85;4,77;0,00;130,62;;
;;;;;01;;;2517;0,00;;125,85;4,77;0,00;130,62;;
014;050;202607;202607;SMS     ;00; SENS;F;4239;0,00;0,050000;211,95;8,03;0,00;219,98;;
;;;;;01;;;4239;0,00;;211,95;8,03;0,00;219,98;;
014;056;202607;202607;SMS     ;00; SENS;F;50;0,00;0,050000;2,50;0,09;0,00;2,59;;
;;;;;01;;;50;0,00;;2,50;0,09;0,00;2,59;;
014;060;202607;202607;SMS     ;00; SENS;F;2206;0,00;0,050000;110,30;4,18;0,00;114,48;;
;;;;;01;;;2206;0,00;;110,30;4,18;0,00;114,48;;
014;064;202607;202607;SMS     ;00; SENS;F;1758;0,00;0,050000;87,90;3,33;0,00;91,23;;
;;;;;01;;;1758;0,00;;87,90;3,33;0,00;91,23;;
014;066;202607;202607;SMS     ;00; SENS;F;1506;0,00;0,050000;75,30;2,85;0,00;78,15;;
;;;;;01;;;1506;0,00;;75,30;2,85;0,00;78,15;;
014;068;202607;202607;SMS     ;00; SENS;F;1303;0,00;0,050000;65,15;2,47;0,00;67,62;;
;;;;;01;;;1303;0,00;;65,15;2,47;0,00;67,62;;
014;070;202607;202607;SMS     ;00; SENS;F;8594;0,00;0,050000;429,70;16,28;0,00;445,98;;
;;;;;01;;;8594;0,00;;429,70;16,28;0,00;445,98;;
014;078;202607;202607;SMS     ;00; SENS;F;2617;0,00;0,050000;130,85;4,96;0,00;135,81;;
;;;;;01;;;2617;0,00;;130,85;4,96;0,00;135,81;;
014;452;202607;202607;SMS     ;00; SENS;F;1370;0,00;0,050000;68,50;2,59;0,00;71,09;;
;;;;;01;;;1370;0,00;;68,50;2,59;0,00;71,09;;
014;453;202607;202607;SMS     ;00; SENS;F;1399;0,00;0,050000;69,95;2,65;0,00;72,60;;
;;;;;01;;;1399;0,00;;69,95;2,65;0,00;72,60;;
014;454;202607;202607;SMS     ;00; SENS;F;406;0,00;0,050000;20,30;0,77;0,00;21,07;;
;;;;;01;;;406;0,00;;20,30;0,77;0,00;21,07;;
014;455;202607;202607;SMS     ;00; SENS;F;2700;0,00;0,050000;135,00;5,11;0,00;140,11;;
;;;;;01;;;2700;0,00;;135,00;5,11;0,00;140,11;;
014;456;202607;202607;SMS     ;00; SENS;F;1902;0,00;0,050000;95,10;3,60;0,00;98,70;;
;;;;;01;;;1902;0,00;;95,10;3,60;0,00;98,70;;
014;457;202607;202607;SMS     ;00; SENS;F;1668;0,00;0,050000;83,40;3,16;0,00;86,56;;
;;;;;01;;;1668;0,00;;83,40;3,16;0,00;86,56;;
017;003;202607;202607;SMS     ;00; SENS;F;132;0,00;0,050000;6,60;0,25;0,00;6,85;;
;;;;;01;;;132;0,00;;6,60;0,25;0,00;6,85;;
017;004;202607;202607;SMS     ;00; SENS;F;690;0,00;0,050000;34,50;1,31;0,00;35,81;;
;;;;;01;;;690;0,00;;34,50;1,31;0,00;35,81;;
017;010;202607;202607;SMS     ;00; SENS;F;852959;0,00;0,050000;42647,95;1615,62;0,00;44263,57;;
;;;;;01;;;852959;0,00;;42647,95;1615,62;0,00;44263,57;;
017;020;202607;202607;SMS     ;00; SENS;F;6552;0,00;0,050000;327,60;12,41;0,00;340,01;;
;;;;;01;;;6552;0,00;;327,60;12,41;0,00;340,01;;
017;026;202607;202607;SMS     ;00; SENS;F;1451;0,00;0,050000;72,55;2,75;0,00;75,30;;
;;;;;01;;;1451;0,00;;72,55;2,75;0,00;75,30;;
017;030;202607;202607;SMS     ;00; SENS;F;14970;0,00;0,050000;748,50;28,36;0,00;776,86;;
;;;;;01;;;14970;0,00;;748,50;28,36;0,00;776,86;;
017;033;202607;202607;SMS     ;00; SENS;F;1031;0,00;0,050000;51,55;1,95;0,00;53,50;;
;;;;;01;;;1031;0,00;;51,55;1,95;0,00;53,50;;
017;036;202607;202607;SMS     ;00; SENS;F;105;0,00;0,050000;5,25;0,20;0,00;5,45;;
;;;;;01;;;105;0,00;;5,25;0,20;0,00;5,45;;
017;037;202607;202607;SMS     ;00; SENS;F;1243;0,00;0,050000;62,15;2,35;0,00;64,50;;
;;;;;01;;;1243;0,00;;62,15;2,35;0,00;64,50;;
017;038;202607;202607;SMS     ;00; SENS;F;137;0,00;0,050000;6,85;0,26;0,00;7,11;;
;;;;;01;;;137;0,00;;6,85;0,26;0,00;7,11;;
017;039;202607;202607;SMS     ;00; SENS;F;1431;0,00;0,050000;71,55;2,71;0,00;74,26;;
;;;;;01;;;1431;0,00;;71,55;2,71;0,00;74,26;;
017;044;202607;202607;SMS     ;00; SENS;F;3575;0,00;0,050000;178,75;6,77;0,00;185,52;;
;;;;;01;;;3575;0,00;;178,75;6,77;0,00;185,52;;
017;045;202607;202607;SMS     ;00; SENS;F;1965;0,00;0,050000;98,25;3,72;0,00;101,97;;
;;;;;01;;;1965;0,00;;98,25;3,72;0,00;101,97;;
017;050;202607;202607;SMS     ;00; SENS;F;3548;0,00;0,050000;177,40;6,72;0,00;184,12;;
;;;;;01;;;3548;0,00;;177,40;6,72;0,00;184,12;;
017;056;202607;202607;SMS     ;00; SENS;F;44;0,00;0,050000;2,20;0,08;0,00;2,28;;
;;;;;01;;;44;0,00;;2,20;0,08;0,00;2,28;;
017;060;202607;202607;SMS     ;00; SENS;F;1523;0,00;0,050000;76,15;2,88;0,00;79,03;;
;;;;;01;;;1523;0,00;;76,15;2,88;0,00;79,03;;
017;064;202607;202607;SMS     ;00; SENS;F;1445;0,00;0,050000;72,25;2,74;0,00;74,99;;
;;;;;01;;;1445;0,00;;72,25;2,74;0,00;74,99;;
017;066;202607;202607;SMS     ;00; SENS;F;2191;0,00;0,050000;109,55;4,15;0,00;113,70;;
;;;;;01;;;2191;0,00;;109,55;4,15;0,00;113,70;;
017;068;202607;202607;SMS     ;00; SENS;F;1615;0,00;0,050000;80,75;3,06;0,00;83,81;;
;;;;;01;;;1615;0,00;;80,75;3,06;0,00;83,81;;
017;070;202607;202607;SMS     ;00; SENS;F;3548;0,00;0,050000;177,40;6,72;0,00;184,12;;
;;;;;01;;;3548;0,00;;177,40;6,72;0,00;184,12;;
017;078;202607;202607;SMS     ;00; SENS;F;1132;0,00;0,050000;56,60;2,14;0,00;58,74;;
;;;;;01;;;1132;0,00;;56,60;2,14;0,00;58,74;;
017;452;202607;202607;SMS     ;00; SENS;F;508;0,00;0,050000;25,40;0,96;0,00;26,36;;
;;;;;01;;;508;0,00;;25,40;0,96;0,00;26,36;;
017;453;202607;202607;SMS     ;00; SENS;F;692;0,00;0,050000;34,60;1,31;0,00;35,91;;
;;;;;01;;;692;0,00;;34,60;1,31;0,00;35,91;;
017;454;202607;202607;SMS     ;00; SENS;F;309;0,00;0,050000;15,45;0,59;0,00;16,04;;
;;;;;01;;;309;0,00;;15,45;0,59;0,00;16,04;;
017;455;202607;202607;SMS     ;00; SENS;F;1465;0,00;0,050000;73,25;2,77;0,00;76,02;;
;;;;;01;;;1465;0,00;;73,25;2,77;0,00;76,02;;
017;456;202607;202607;SMS     ;00; SENS;F;428;0,00;0,050000;21,40;0,81;0,00;22,21;;
;;;;;01;;;428;0,00;;21,40;0,81;0,00;22,21;;
017;457;202607;202607;SMS     ;00; SENS;F;1282;0,00;0,050000;64,10;2,43;0,00;66,53;;
;;;;;01;;;1282;0,00;;64,10;2,43;0,00;66,53;;
018;003;202607;202607;SMS     ;00; SENS;F;35;0,00;0,050000;1,75;0,07;0,00;1,82;;
;;;;;01;;;35;0,00;;1,75;0,07;0,00;1,82;;
018;004;202607;202607;SMS     ;00; SENS;F;120;0,00;0,050000;6,00;0,23;0,00;6,23;;
;;;;;01;;;120;0,00;;6,00;0,23;0,00;6,23;;
018;010;202607;202607;SMS     ;00; SENS;F;21686;0,00;0,050000;1084,30;41,08;0,00;1125,38;;
;;;;;01;;;21686;0,00;;1084,30;41,08;0,00;1125,38;;
018;020;202607;202607;SMS     ;00; SENS;F;623577;0,00;0,050000;31178,85;1181,14;0,00;32359,99;;
;;;;;01;;;623577;0,00;;31178,85;1181,14;0,00;32359,99;;
018;026;202607;202607;SMS     ;00; SENS;F;6627;0,00;0,050000;331,35;12,55;0,00;343,90;;
;;;;;01;;;6627;0,00;;331,35;12,55;0,00;343,90;;
018;030;202607;202607;SMS     ;00; SENS;F;10987;0,00;0,050000;549,35;20,81;0,00;570,16;;
;;;;;01;;;10987;0,00;;549,35;20,81;0,00;570,16;;
018;033;202607;202607;SMS     ;00; SENS;F;976;0,00;0,050000;48,80;1,85;0,00;50,65;;
;;;;;01;;;976;0,00;;48,80;1,85;0,00;50,65;;
018;036;202607;202607;SMS     ;00; SENS;F;203;0,00;0,050000;10,15;0,38;0,00;10,53;;
;;;;;01;;;203;0,00;;10,15;0,38;0,00;10,53;;
018;037;202607;202607;SMS     ;00; SENS;F;949;0,00;0,050000;47,45;1,80;0,00;49,25;;
;;;;;01;;;949;0,00;;47,45;1,80;0,00;49,25;;
018;038;202607;202607;SMS     ;00; SENS;F;130;0,00;0,050000;6,50;0,25;0,00;6,75;;
;;;;;01;;;130;0,00;;6,50;0,25;0,00;6,75;;
018;039;202607;202607;SMS     ;00; SENS;F;1139;0,00;0,050000;56,95;2,16;0,00;59,11;;
;;;;;01;;;1139;0,00;;56,95;2,16;0,00;59,11;;
018;044;202607;202607;SMS     ;00; SENS;F;1802;0,00;0,050000;90,10;3,41;0,00;93,51;;
;;;;;01;;;1802;0,00;;90,10;3,41;0,00;93,51;;
018;045;202607;202607;SMS     ;00; SENS;F;1487;0,00;0,050000;74,35;2,82;0,00;77,17;;
;;;;;01;;;1487;0,00;;74,35;2,82;0,00;77,17;;
018;050;202607;202607;SMS     ;00; SENS;F;2467;0,00;0,050000;123,35;4,67;0,00;128,02;;
;;;;;01;;;2467;0,00;;123,35;4,67;0,00;128,02;;
018;056;202607;202607;SMS     ;00; SENS;F;97;0,00;0,050000;4,85;0,18;0,00;5,03;;
;;;;;01;;;97;0,00;;4,85;0,18;0,00;5,03;;
018;060;202607;202607;SMS     ;00; SENS;F;1833;0,00;0,050000;91,65;3,47;0,00;95,12;;
;;;;;01;;;1833;0,00;;91,65;3,47;0,00;95,12;;
018;064;202607;202607;SMS     ;00; SENS;F;894;0,00;0,050000;44,70;1,69;0,00;46,39;;
;;;;;01;;;894;0,00;;44,70;1,69;0,00;46,39;;
018;066;202607;202607;SMS     ;00; SENS;F;466;0,00;0,050000;23,30;0,88;0,00;24,18;;
;;;;;01;;;466;0,00;;23,30;0,88;0,00;24,18;;
018;068;202607;202607;SMS     ;00; SENS;F;850;0,00;0,050000;42,50;1,61;0,00;44,11;;
;;;;;01;;;850;0,00;;42,50;1,61;0,00;44,11;;
018;070;202607;202607;SMS     ;00; SENS;F;2813;0,00;0,050000;140,65;5,33;0,00;145,98;;
;;;;;01;;;2813;0,00;;140,65;5,33;0,00;145,98;;
018;078;202607;202607;SMS     ;00; SENS;F;949;0,00;0,050000;47,45;1,80;0,00;49,25;;
;;;;;01;;;949;0,00;;47,45;1,80;0,00;49,25;;
018;452;202607;202607;SMS     ;00; SENS;F;195;0,00;0,050000;9,75;0,37;0,00;10,12;;
;;;;;01;;;195;0,00;;9,75;0,37;0,00;10,12;;
018;453;202607;202607;SMS     ;00; SENS;F;1685;0,00;0,050000;84,25;3,19;0,00;87,44;;
;;;;;01;;;1685;0,00;;84,25;3,19;0,00;87,44;;
018;454;202607;202607;SMS     ;00; SENS;F;770;0,00;0,050000;38,50;1,46;0,00;39,96;;
;;;;;01;;;770;0,00;;38,50;1,46;0,00;39,96;;
018;455;202607;202607;SMS     ;00; SENS;F;1292;0,00;0,050000;64,60;2,45;0,00;67,05;;
;;;;;01;;;1292;0,00;;64,60;2,45;0,00;67,05;;
018;456;202607;202607;SMS     ;00; SENS;F;413;0,00;0,050000;20,65;0,78;0,00;21,43;;
;;;;;01;;;413;0,00;;20,65;0,78;0,00;21,43;;
018;457;202607;202607;SMS     ;00; SENS;F;891;0,00;0,050000;44,55;1,69;0,00;46,24;;
;;;;;01;;;891;0,00;;44,55;1,69;0,00;46,24;;
019;003;202607;202607;SMS     ;00; SENS;F;52;0,00;0,050000;2,60;0,10;0,00;2,70;;
;;;;;01;;;52;0,00;;2,60;0,10;0,00;2,70;;
019;004;202607;202607;SMS     ;00; SENS;F;7;0,00;0,050000;0,35;0,01;0,00;0,36;;
;;;;;01;;;7;0,00;;0,35;0,01;0,00;0,36;;
019;010;202607;202607;SMS     ;00; SENS;F;3408;0,00;0,050000;170,40;6,46;0,00;176,86;;
;;;;;01;;;3408;0,00;;170,40;6,46;0,00;176,86;;
019;020;202607;202607;SMS     ;00; SENS;F;3457;0,00;0,050000;172,85;6,55;0,00;179,40;;
;;;;;01;;;3457;0,00;;172,85;6,55;0,00;179,40;;
019;026;202607;202607;SMS     ;00; SENS;F;216918;0,00;0,050000;10845,90;410,87;0,00;11256,77;;
;;;;;01;;;216918;0,00;;10845,90;410,87;0,00;11256,77;;
019;030;202607;202607;SMS     ;00; SENS;F;4321;0,00;0,050000;216,05;8,18;0,00;224,23;;
;;;;;01;;;4321;0,00;;216,05;8,18;0,00;224,23;;
019;033;202607;202607;SMS     ;00; SENS;F;81;0,00;0,050000;4,05;0,15;0,00;4,20;;
;;;;;01;;;81;0,00;;4,05;0,15;0,00;4,20;;
019;036;202607;202607;SMS     ;00; SENS;F;17;0,00;0,050000;0,85;0,03;0,00;0,88;;
;;;;;01;;;17;0,00;;0,85;0,03;0,00;0,88;;
019;037;202607;202607;SMS     ;00; SENS;F;80;0,00;0,050000;4,00;0,15;0,00;4,15;;
;;;;;01;;;80;0,00;;4,00;0,15;0,00;4,15;;
019;038;202607;202607;SMS     ;00; SENS;F;4;0,00;0,050000;0,20;0,01;0,00;0,21;;
;;;;;01;;;4;0,00;;0,20;0,01;0,00;0,21;;
019;039;202607;202607;SMS     ;00; SENS;F;46;0,00;0,050000;2,30;0,09;0,00;2,39;;
;;;;;01;;;46;0,00;;2,30;0,09;0,00;2,39;;
019;044;202607;202607;SMS     ;00; SENS;F;207;0,00;0,050000;10,35;0,39;0,00;10,74;;
;;;;;01;;;207;0,00;;10,35;0,39;0,00;10,74;;
019;045;202607;202607;SMS     ;00; SENS;F;46;0,00;0,050000;2,30;0,09;0,00;2,39;;
;;;;;01;;;46;0,00;;2,30;0,09;0,00;2,39;;
019;050;202607;202607;SMS     ;00; SENS;F;328;0,00;0,050000;16,40;0,62;0,00;17,02;;
;;;;;01;;;328;0,00;;16,40;0,62;0,00;17,02;;
019;060;202607;202607;SMS     ;00; SENS;F;196;0,00;0,050000;9,80;0,37;0,00;10,17;;
;;;;;01;;;196;0,00;;9,80;0,37;0,00;10,17;;
019;064;202607;202607;SMS     ;00; SENS;F;108;0,00;0,050000;5,40;0,20;0,00;5,60;;
;;;;;01;;;108;0,00;;5,40;0,20;0,00;5,60;;
019;066;202607;202607;SMS     ;00; SENS;F;70;0,00;0,050000;3,50;0,13;0,00;3,63;;
;;;;;01;;;70;0,00;;3,50;0,13;0,00;3,63;;
019;068;202607;202607;SMS     ;00; SENS;F;26;0,00;0,050000;1,30;0,05;0,00;1,35;;
;;;;;01;;;26;0,00;;1,30;0,05;0,00;1,35;;
019;070;202607;202607;SMS     ;00; SENS;F;1157;0,00;0,050000;57,85;2,19;0,00;60,04;;
;;;;;01;;;1157;0,00;;57,85;2,19;0,00;60,04;;
019;078;202607;202607;SMS     ;00; SENS;F;62;0,00;0,050000;3,10;0,12;0,00;3,22;;
;;;;;01;;;62;0,00;;3,10;0,12;0,00;3,22;;
019;452;202607;202607;SMS     ;00; SENS;F;73;0,00;0,050000;3,65;0,14;0,00;3,79;;
;;;;;01;;;73;0,00;;3,65;0,14;0,00;3,79;;
019;453;202607;202607;SMS     ;00; SENS;F;66;0,00;0,050000;3,30;0,13;0,00;3,43;;
;;;;;01;;;66;0,00;;3,30;0,13;0,00;3,43;;
019;454;202607;202607;SMS     ;00; SENS;F;42;0,00;0,050000;2,10;0,08;0,00;2,18;;
;;;;;01;;;42;0,00;;2,10;0,08;0,00;2,18;;
019;455;202607;202607;SMS     ;00; SENS;F;395;0,00;0,050000;19,75;0,75;0,00;20,50;;
;;;;;01;;;395;0,00;;19,75;0,75;0,00;20,50;;
019;456;202607;202607;SMS     ;00; SENS;F;10;0,00;0,050000;0,50;0,02;0,00;0,52;;
;;;;;01;;;10;0,00;;0,50;0,02;0,00;0,52;;
019;457;202607;202607;SMS     ;00; SENS;F;55;0,00;0,050000;2,75;0,10;0,00;2,85;;
;;;;;01;;;55;0,00;;2,75;0,10;0,00;2,85;;
022;003;202607;202607;SMS     ;00; SENS;F;4;0,00;0,050000;0,20;0,01;0,00;0,21;;
;;;;;01;;;4;0,00;;0,20;0,01;0,00;0,21;;
022;004;202607;202607;SMS     ;00; SENS;F;2;0,00;0,050000;0,10;0,00;0,00;0,10;;
;;;;;01;;;2;0,00;;0,10;0,00;0,00;0,10;;
022;010;202607;202607;SMS     ;00; SENS;F;2233;0,00;0,050000;111,65;4,23;0,00;115,88;;
;;;;;01;;;2233;0,00;;111,65;4,23;0,00;115,88;;
022;020;202607;202607;SMS     ;00; SENS;F;435;0,00;0,050000;21,75;0,82;0,00;22,57;;
;;;;;01;;;435;0,00;;21,75;0,82;0,00;22,57;;
022;026;202607;202607;SMS     ;00; SENS;F;138;0,00;0,050000;6,90;0,26;0,00;7,16;;
;;;;;01;;;138;0,00;;6,90;0,26;0,00;7,16;;
022;030;202607;202607;SMS     ;00; SENS;F;780;0,00;0,050000;39,00;1,48;0,00;40,48;;
;;;;;01;;;780;0,00;;39,00;1,48;0,00;40,48;;
022;033;202607;202607;SMS     ;00; SENS;F;225;0,00;0,050000;11,25;0,43;0,00;11,68;;
;;;;;01;;;225;0,00;;11,25;0,43;0,00;11,68;;
022;036;202607;202607;SMS     ;00; SENS;F;22;0,00;0,050000;1,10;0,04;0,00;1,14;;
;;;;;01;;;22;0,00;;1,10;0,04;0,00;1,14;;
022;037;202607;202607;SMS     ;00; SENS;F;63;0,00;0,050000;3,15;0,12;0,00;3,27;;
;;;;;01;;;63;0,00;;3,15;0,12;0,00;3,27;;
022;038;202607;202607;SMS     ;00; SENS;F;5;0,00;0,050000;0,25;0,01;0,00;0,26;;
;;;;;01;;;5;0,00;;0,25;0,01;0,00;0,26;;
022;039;202607;202607;SMS     ;00; SENS;F;61;0,00;0,050000;3,05;0,12;0,00;3,17;;
;;;;;01;;;61;0,00;;3,05;0,12;0,00;3,17;;
022;044;202607;202607;SMS     ;00; SENS;F;86;0,00;0,050000;4,30;0,16;0,00;4,46;;
;;;;;01;;;86;0,00;;4,30;0,16;0,00;4,46;;
022;045;202607;202607;SMS     ;00; SENS;F;162;0,00;0,050000;8,10;0,31;0,00;8,41;;
;;;;;01;;;162;0,00;;8,10;0,31;0,00;8,41;;
022;050;202607;202607;SMS     ;00; SENS;F;457;0,00;0,050000;22,85;0,87;0,00;23,72;;
;;;;;01;;;457;0,00;;22,85;0,87;0,00;23,72;;
022;056;202607;202607;SMS     ;00; SENS;F;6;0,00;0,050000;0,30;0,01;0,00;0,31;;
;;;;;01;;;6;0,00;;0,30;0,01;0,00;0,31;;
022;060;202607;202607;SMS     ;00; SENS;F;108;0,00;0,050000;5,40;0,20;0,00;5,60;;
;;;;;01;;;108;0,00;;5,40;0,20;0,00;5,60;;
022;064;202607;202607;SMS     ;00; SENS;F;862;0,00;0,050000;43,10;1,63;0,00;44,73;;
;;;;;01;;;862;0,00;;43,10;1,63;0,00;44,73;;
022;066;202607;202607;SMS     ;00; SENS;F;80;0,00;0,050000;4,00;0,15;0,00;4,15;;
;;;;;01;;;80;0,00;;4,00;0,15;0,00;4,15;;
022;068;202607;202607;SMS     ;00; SENS;F;162;0,00;0,050000;8,10;0,31;0,00;8,41;;
;;;;;01;;;162;0,00;;8,10;0,31;0,00;8,41;;
022;070;202607;202607;SMS     ;00; SENS;F;639;0,00;0,050000;31,95;1,21;0,00;33,16;;
;;;;;01;;;639;0,00;;31,95;1,21;0,00;33,16;;
022;078;202607;202607;SMS     ;00; SENS;F;1441;0,00;0,050000;72,05;2,73;0,00;74,78;;
;;;;;01;;;1441;0,00;;72,05;2,73;0,00;74,78;;
022;452;202607;202607;SMS     ;00; SENS;F;32971;0,00;0,050000;1648,55;62,45;0,00;1711,00;;
;;;;;01;;;32971;0,00;;1648,55;62,45;0,00;1711,00;;
022;453;202607;202607;SMS     ;00; SENS;F;163;0,00;0,050000;8,15;0,31;0,00;8,46;;
;;;;;01;;;163;0,00;;8,15;0,31;0,00;8,46;;
022;454;202607;202607;SMS     ;00; SENS;F;150;0,00;0,050000;7,50;0,28;0,00;7,78;;
;;;;;01;;;150;0,00;;7,50;0,28;0,00;7,78;;
022;455;202607;202607;SMS     ;00; SENS;F;101;0,00;0,050000;5,05;0,19;0,00;5,24;;
;;;;;01;;;101;0,00;;5,05;0,19;0,00;5,24;;
022;456;202607;202607;SMS     ;00; SENS;F;25;0,00;0,050000;1,25;0,05;0,00;1,30;;
;;;;;01;;;25;0,00;;1,25;0,05;0,00;1,30;;
022;457;202607;202607;SMS     ;00; SENS;F;1187;0,00;0,050000;59,35;2,25;0,00;61,60;;
;;;;;01;;;1187;0,00;;59,35;2,25;0,00;61,60;;
023;003;202607;202607;SMS     ;00; SENS;F;25;0,00;0,050000;1,25;0,05;0,00;1,30;;
;;;;;01;;;25;0,00;;1,25;0,05;0,00;1,30;;
023;004;202607;202607;SMS     ;00; SENS;F;167;0,00;0,050000;8,35;0,32;0,00;8,67;;
;;;;;01;;;167;0,00;;8,35;0,32;0,00;8,67;;
023;010;202607;202607;SMS     ;00; SENS;F;7270;0,00;0,050000;363,50;13,77;0,00;377,27;;
;;;;;01;;;7270;0,00;;363,50;13,77;0,00;377,27;;
023;020;202607;202607;SMS     ;00; SENS;F;1672;0,00;0,050000;83,60;3,17;0,00;86,77;;
;;;;;01;;;1672;0,00;;83,60;3,17;0,00;86,77;;
023;026;202607;202607;SMS     ;00; SENS;F;690;0,00;0,050000;34,50;1,31;0,00;35,81;;
;;;;;01;;;690;0,00;;34,50;1,31;0,00;35,81;;
023;030;202607;202607;SMS     ;00; SENS;F;1819;0,00;0,050000;90,95;3,45;0,00;94,40;;
;;;;;01;;;1819;0,00;;90,95;3,45;0,00;94,40;;
023;033;202607;202607;SMS     ;00; SENS;F;483;0,00;0,050000;24,15;0,91;0,00;25,06;;
;;;;;01;;;483;0,00;;24,15;0,91;0,00;25,06;;
023;036;202607;202607;SMS     ;00; SENS;F;68;0,00;0,050000;3,40;0,13;0,00;3,53;;
;;;;;01;;;68;0,00;;3,40;0,13;0,00;3,53;;
023;037;202607;202607;SMS     ;00; SENS;F;593;0,00;0,050000;29,65;1,12;0,00;30,77;;
;;;;;01;;;593;0,00;;29,65;1,12;0,00;30,77;;
023;038;202607;202607;SMS     ;00; SENS;F;23;0,00;0,050000;1,15;0,04;0,00;1,19;;
;;;;;01;;;23;0,00;;1,15;0,04;0,00;1,19;;
023;039;202607;202607;SMS     ;00; SENS;F;842;0,00;0,050000;42,10;1,59;0,00;43,69;;
;;;;;01;;;842;0,00;;42,10;1,59;0,00;43,69;;
023;044;202607;202607;SMS     ;00; SENS;F;486;0,00;0,050000;24,30;0,92;0,00;25,22;;
;;;;;01;;;486;0,00;;24,30;0,92;0,00;25,22;;
023;045;202607;202607;SMS     ;00; SENS;F;291;0,00;0,050000;14,55;0,55;0,00;15,10;;
;;;;;01;;;291;0,00;;14,55;0,55;0,00;15,10;;
023;050;202607;202607;SMS     ;00; SENS;F;613;0,00;0,050000;30,65;1,16;0,00;31,81;;
;;;;;01;;;613;0,00;;30,65;1,16;0,00;31,81;;
023;056;202607;202607;SMS     ;00; SENS;F;32;0,00;0,050000;1,60;0,06;0,00;1,66;;
;;;;;01;;;32;0,00;;1,60;0,06;0,00;1,66;;
023;060;202607;202607;SMS     ;00; SENS;F;348;0,00;0,050000;17,40;0,66;0,00;18,06;;
;;;;;01;;;348;0,00;;17,40;0,66;0,00;18,06;;
023;064;202607;202607;SMS     ;00; SENS;F;1245;0,00;0,050000;62,25;2,36;0,00;64,61;;
;;;;;01;;;1245;0,00;;62,25;2,36;0,00;64,61;;
023;066;202607;202607;SMS     ;00; SENS;F;157;0,00;0,050000;7,85;0,30;0,00;8,15;;
;;;;;01;;;157;0,00;;7,85;0,30;0,00;8,15;;
023;068;202607;202607;SMS     ;00; SENS;F;216;0,00;0,050000;10,80;0,41;0,00;11,21;;
;;;;;01;;;216;0,00;;10,80;0,41;0,00;11,21;;
023;070;202607;202607;SMS     ;00; SENS;F;3287;0,00;0,050000;164,35;6,23;0,00;170,58;;
;;;;;01;;;3287;0,00;;164,35;6,23;0,00;170,58;;
023;078;202607;202607;SMS     ;00; SENS;F;1010;0,00;0,050000;50,50;1,91;0,00;52,41;;
;;;;;01;;;1010;0,00;;50,50;1,91;0,00;52,41;;
023;452;202607;202607;SMS     ;00; SENS;F;1452;0,00;0,050000;72,60;2,75;0,00;75,35;;
;;;;;01;;;1452;0,00;;72,60;2,75;0,00;75,35;;
023;453;202607;202607;SMS     ;00; SENS;F;3939;0,00;0,050000;196,95;7,46;0,00;204,41;;
;;;;;01;;;3939;0,00;;196,95;7,46;0,00;204,41;;
023;454;202607;202607;SMS     ;00; SENS;F;492;0,00;0,050000;24,60;0,93;0,00;25,53;;
;;;;;01;;;492;0,00;;24,60;0,93;0,00;25,53;;
023;455;202607;202607;SMS     ;00; SENS;F;1903;0,00;0,050000;95,15;3,60;0,00;98,75;;
;;;;;01;;;1903;0,00;;95,15;3,60;0,00;98,75;;
023;456;202607;202607;SMS     ;00; SENS;F;610;0,00;0,050000;30,50;1,16;0,00;31,66;;
;;;;;01;;;610;0,00;;30,50;1,16;0,00;31,66;;
023;457;202607;202607;SMS     ;00; SENS;F;156959;0,00;0,050000;7847,95;297,30;0,00;8145,25;;
;;;;;01;;;156959;0,00;;7847,95;297,30;0,00;8145,25;;
024;003;202607;202607;SMS     ;00; SENS;F;36;0,00;0,050000;1,80;0,07;0,00;1,87;;
;;;;;01;;;36;0,00;;1,80;0,07;0,00;1,87;;
024;004;202607;202607;SMS     ;00; SENS;F;15;0,00;0,050000;0,75;0,03;0,00;0,78;;
;;;;;01;;;15;0,00;;0,75;0,03;0,00;0,78;;
024;010;202607;202607;SMS     ;00; SENS;F;2290;0,00;0,050000;114,50;4,34;0,00;118,84;;
;;;;;01;;;2290;0,00;;114,50;4,34;0,00;118,84;;
024;020;202607;202607;SMS     ;00; SENS;F;400;0,00;0,050000;20,00;0,76;0,00;20,76;;
;;;;;01;;;400;0,00;;20,00;0,76;0,00;20,76;;
024;026;202607;202607;SMS     ;00; SENS;F;89;0,00;0,050000;4,45;0,17;0,00;4,62;;
;;;;;01;;;89;0,00;;4,45;0,17;0,00;4,62;;
024;030;202607;202607;SMS     ;00; SENS;F;377;0,00;0,050000;18,85;0,71;0,00;19,56;;
;;;;;01;;;377;0,00;;18,85;0,71;0,00;19,56;;
024;033;202607;202607;SMS     ;00; SENS;F;161;0,00;0,050000;8,05;0,30;0,00;8,35;;
;;;;;01;;;161;0,00;;8,05;0,30;0,00;8,35;;
024;036;202607;202607;SMS     ;00; SENS;F;78;0,00;0,050000;3,90;0,15;0,00;4,05;;
;;;;;01;;;78;0,00;;3,90;0,15;0,00;4,05;;
024;037;202607;202607;SMS     ;00; SENS;F;154;0,00;0,050000;7,70;0,29;0,00;7,99;;
;;;;;01;;;154;0,00;;7,70;0,29;0,00;7,99;;
024;038;202607;202607;SMS     ;00; SENS;F;9;0,00;0,050000;0,45;0,02;0,00;0,47;;
;;;;;01;;;9;0,00;;0,45;0,02;0,00;0,47;;
024;039;202607;202607;SMS     ;00; SENS;F;179;0,00;0,050000;8,95;0,34;0,00;9,29;;
;;;;;01;;;179;0,00;;8,95;0,34;0,00;9,29;;
024;044;202607;202607;SMS     ;00; SENS;F;731;0,00;0,050000;36,55;1,38;0,00;37,93;;
;;;;;01;;;731;0,00;;36,55;1,38;0,00;37,93;;
024;045;202607;202607;SMS     ;00; SENS;F;138;0,00;0,050000;6,90;0,26;0,00;7,16;;
;;;;;01;;;138;0,00;;6,90;0,26;0,00;7,16;;
024;050;202607;202607;SMS     ;00; SENS;F;486;0,00;0,050000;24,30;0,92;0,00;25,22;;
;;;;;01;;;486;0,00;;24,30;0,92;0,00;25,22;;
024;056;202607;202607;SMS     ;00; SENS;F;41;0,00;0,050000;2,05;0,08;0,00;2,13;;
;;;;;01;;;41;0,00;;2,05;0,08;0,00;2,13;;
024;060;202607;202607;SMS     ;00; SENS;F;326;0,00;0,050000;16,30;0,62;0,00;16,92;;
;;;;;01;;;326;0,00;;16,30;0,62;0,00;16,92;;
024;064;202607;202607;SMS     ;00; SENS;F;48;0,00;0,050000;2,40;0,09;0,00;2,49;;
;;;;;01;;;48;0,00;;2,40;0,09;0,00;2,49;;
024;066;202607;202607;SMS     ;00; SENS;F;83;0,00;0,050000;4,15;0,16;0,00;4,31;;
;;;;;01;;;83;0,00;;4,15;0,16;0,00;4,31;;
024;068;202607;202607;SMS     ;00; SENS;F;40;0,00;0,050000;2,00;0,08;0,00;2,08;;
;;;;;01;;;40;0,00;;2,00;0,08;0,00;2,08;;
024;070;202607;202607;SMS     ;00; SENS;F;284;0,00;0,050000;14,20;0,54;0,00;14,74;;
;;;;;01;;;284;0,00;;14,20;0,54;0,00;14,74;;
024;078;202607;202607;SMS     ;00; SENS;F;156;0,00;0,050000;7,80;0,30;0,00;8,10;;
;;;;;01;;;156;0,00;;7,80;0,30;0,00;8,10;;
024;452;202607;202607;SMS     ;00; SENS;F;77;0,00;0,050000;3,85;0,15;0,00;4,00;;
;;;;;01;;;77;0,00;;3,85;0,15;0,00;4,00;;
024;453;202607;202607;SMS     ;00; SENS;F;54786;0,00;0,050000;2739,30;103,77;0,00;2843,07;;
;;;;;01;;;54786;0,00;;2739,30;103,77;0,00;2843,07;;
024;454;202607;202607;SMS     ;00; SENS;F;349;0,00;0,050000;17,45;0,66;0,00;18,11;;
;;;;;01;;;349;0,00;;17,45;0,66;0,00;18,11;;
024;455;202607;202607;SMS     ;00; SENS;F;721;0,00;0,050000;36,05;1,37;0,00;37,42;;
;;;;;01;;;721;0,00;;36,05;1,37;0,00;37,42;;
024;456;202607;202607;SMS     ;00; SENS;F;33;0,00;0,050000;1,65;0,06;0,00;1,71;;
;;;;;01;;;33;0,00;;1,65;0,06;0,00;1,71;;
024;457;202607;202607;SMS     ;00; SENS;F;1575;0,00;0,050000;78,75;2,98;0,00;81,73;;
;;;;;01;;;1575;0,00;;78,75;2,98;0,00;81,73;;
028;003;202607;202607;SMS     ;00; SENS;F;151;0,00;0,050000;7,55;0,29;0,00;7,84;;
;;;;;01;;;151;0,00;;7,55;0,29;0,00;7,84;;
028;004;202607;202607;SMS     ;00; SENS;F;30;0,00;0,050000;1,50;0,06;0,00;1,56;;
;;;;;01;;;30;0,00;;1,50;0,06;0,00;1,56;;
028;010;202607;202607;SMS     ;00; SENS;F;4281;0,00;0,050000;214,05;8,11;0,00;222,16;;
;;;;;01;;;4281;0,00;;214,05;8,11;0,00;222,16;;
028;020;202607;202607;SMS     ;00; SENS;F;1396;0,00;0,050000;69,80;2,64;0,00;72,44;;
;;;;;01;;;1396;0,00;;69,80;2,64;0,00;72,44;;
028;026;202607;202607;SMS     ;00; SENS;F;811;0,00;0,050000;40,55;1,54;0,00;42,09;;
;;;;;01;;;811;0,00;;40,55;1,54;0,00;42,09;;
028;030;202607;202607;SMS     ;00; SENS;F;1131;0,00;0,050000;56,55;2,14;0,00;58,69;;
;;;;;01;;;1131;0,00;;56,55;2,14;0,00;58,69;;
028;033;202607;202607;SMS     ;00; SENS;F;432;0,00;0,050000;21,60;0,82;0,00;22,42;;
;;;;;01;;;432;0,00;;21,60;0,82;0,00;22,42;;
028;036;202607;202607;SMS     ;00; SENS;F;15;0,00;0,050000;0,75;0,03;0,00;0,78;;
;;;;;01;;;15;0,00;;0,75;0,03;0,00;0,78;;
028;037;202607;202607;SMS     ;00; SENS;F;532;0,00;0,050000;26,60;1,01;0,00;27,61;;
;;;;;01;;;532;0,00;;26,60;1,01;0,00;27,61;;
028;038;202607;202607;SMS     ;00; SENS;F;93;0,00;0,050000;4,65;0,18;0,00;4,83;;
;;;;;01;;;93;0,00;;4,65;0,18;0,00;4,83;;
028;039;202607;202607;SMS     ;00; SENS;F;820;0,00;0,050000;41,00;1,55;0,00;42,55;;
;;;;;01;;;820;0,00;;41,00;1,55;0,00;42,55;;
028;044;202607;202607;SMS     ;00; SENS;F;173;0,00;0,050000;8,65;0,33;0,00;8,98;;
;;;;;01;;;173;0,00;;8,65;0,33;0,00;8,98;;
028;045;202607;202607;SMS     ;00; SENS;F;181;0,00;0,050000;9,05;0,34;0,00;9,39;;
;;;;;01;;;181;0,00;;9,05;0,34;0,00;9,39;;
028;050;202607;202607;SMS     ;00; SENS;F;473;0,00;0,050000;23,65;0,90;0,00;24,55;;
;;;;;01;;;473;0,00;;23,65;0,90;0,00;24,55;;
028;056;202607;202607;SMS     ;00; SENS;F;6;0,00;0,050000;0,30;0,01;0,00;0,31;;
;;;;;01;;;6;0,00;;0,30;0,01;0,00;0,31;;
028;060;202607;202607;SMS     ;00; SENS;F;183;0,00;0,050000;9,15;0,35;0,00;9,50;;
;;;;;01;;;183;0,00;;9,15;0,35;0,00;9,50;;
028;064;202607;202607;SMS     ;00; SENS;F;151;0,00;0,050000;7,55;0,29;0,00;7,84;;
;;;;;01;;;151;0,00;;7,55;0,29;0,00;7,84;;
028;066;202607;202607;SMS     ;00; SENS;F;68;0,00;0,050000;3,40;0,13;0,00;3,53;;
;;;;;01;;;68;0,00;;3,40;0,13;0,00;3,53;;
028;068;202607;202607;SMS     ;00; SENS;F;236;0,00;0,050000;11,80;0,45;0,00;12,25;;
;;;;;01;;;236;0,00;;11,80;0,45;0,00;12,25;;
028;070;202607;202607;SMS     ;00; SENS;F;839;0,00;0,050000;41,95;1,59;0,00;43,54;;
;;;;;01;;;839;0,00;;41,95;1,59;0,00;43,54;;
028;078;202607;202607;SMS     ;00; SENS;F;618;0,00;0,050000;30,90;1,17;0,00;32,07;;
;;;;;01;;;618;0,00;;30,90;1,17;0,00;32,07;;
028;452;202607;202607;SMS     ;00; SENS;F;93;0,00;0,050000;4,65;0,18;0,00;4,83;;
;;;;;01;;;93;0,00;;4,65;0,18;0,00;4,83;;
028;453;202607;202607;SMS     ;00; SENS;F;473;0,00;0,050000;23,65;0,90;0,00;24,55;;
;;;;;01;;;473;0,00;;23,65;0,90;0,00;24,55;;
028;454;202607;202607;SMS     ;00; SENS;F;319;0,00;0,050000;15,95;0,60;0,00;16,55;;
;;;;;01;;;319;0,00;;15,95;0,60;0,00;16,55;;
028;455;202607;202607;SMS     ;00; SENS;F;131801;0,00;0,050000;6590,05;249,65;0,00;6839,70;;
;;;;;01;;;131801;0,00;;6590,05;249,65;0,00;6839,70;;
028;456;202607;202607;SMS     ;00; SENS;F;846;0,00;0,050000;42,30;1,60;0,00;43,90;;
;;;;;01;;;846;0,00;;42,30;1,60;0,00;43,90;;
028;457;202607;202607;SMS     ;00; SENS;F;511;0,00;0,050000;25,55;0,97;0,00;26,52;;
;;;;;01;;;511;0,00;;25,55;0,97;0,00;26,52;;
029;003;202607;202607;SMS     ;00; SENS;F;12;0,00;0,050000;0,60;0,02;0,00;0,62;;
;;;;;01;;;12;0,00;;0,60;0,02;0,00;0,62;;
029;004;202607;202607;SMS     ;00; SENS;F;4;0,00;0,050000;0,20;0,01;0,00;0,21;;
;;;;;01;;;4;0,00;;0,20;0,01;0,00;0,21;;
029;010;202607;202607;SMS     ;00; SENS;F;2126;0,00;0,050000;106,30;4,03;0,00;110,33;;
;;;;;01;;;2126;0,00;;106,30;4,03;0,00;110,33;;
029;020;202607;202607;SMS     ;00; SENS;F;1471;0,00;0,050000;73,55;2,79;0,00;76,34;;
;;;;;01;;;1471;0,00;;73,55;2,79;0,00;76,34;;
029;026;202607;202607;SMS     ;00; SENS;F;118;0,00;0,050000;5,90;0,22;0,00;6,12;;
;;;;;01;;;118;0,00;;5,90;0,22;0,00;6,12;;
029;030;202607;202607;SMS     ;00; SENS;F;725;0,00;0,050000;36,25;1,37;0,00;37,62;;
;;;;;01;;;725;0,00;;36,25;1,37;0,00;37,62;;
029;033;202607;202607;SMS     ;00; SENS;F;120;0,00;0,050000;6,00;0,23;0,00;6,23;;
;;;;;01;;;120;0,00;;6,00;0,23;0,00;6,23;;
029;036;202607;202607;SMS     ;00; SENS;F;18;0,00;0,050000;0,90;0,03;0,00;0,93;;
;;;;;01;;;18;0,00;;0,90;0,03;0,00;0,93;;
029;037;202607;202607;SMS     ;00; SENS;F;456;0,00;0,050000;22,80;0,86;0,00;23,66;;
;;;;;01;;;456;0,00;;22,80;0,86;0,00;23,66;;
029;038;202607;202607;SMS     ;00; SENS;F;19;0,00;0,050000;0,95;0,04;0,00;0,99;;
;;;;;01;;;19;0,00;;0,95;0,04;0,00;0,99;;
029;039;202607;202607;SMS     ;00; SENS;F;2091;0,00;0,050000;104,55;3,96;0,00;108,51;;
;;;;;01;;;2091;0,00;;104,55;3,96;0,00;108,51;;
029;044;202607;202607;SMS     ;00; SENS;F;63;0,00;0,050000;3,15;0,12;0,00;3,27;;
;;;;;01;;;63;0,00;;3,15;0,12;0,00;3,27;;
029;045;202607;202607;SMS     ;00; SENS;F;94;0,00;0,050000;4,70;0,18;0,00;4,88;;
;;;;;01;;;94;0,00;;4,70;0,18;0,00;4,88;;
029;050;202607;202607;SMS     ;00; SENS;F;216;0,00;0,050000;10,80;0,41;0,00;11,21;;
;;;;;01;;;216;0,00;;10,80;0,41;0,00;11,21;;
029;056;202607;202607;SMS     ;00; SENS;F;32;0,00;0,050000;1,60;0,06;0,00;1,66;;
;;;;;01;;;32;0,00;;1,60;0,06;0,00;1,66;;
029;060;202607;202607;SMS     ;00; SENS;F;433;0,00;0,050000;21,65;0,82;0,00;22,47;;
;;;;;01;;;433;0,00;;21,65;0,82;0,00;22,47;;
029;064;202607;202607;SMS     ;00; SENS;F;128;0,00;0,050000;6,40;0,24;0,00;6,64;;
;;;;;01;;;128;0,00;;6,40;0,24;0,00;6,64;;
029;066;202607;202607;SMS     ;00; SENS;F;110;0,00;0,050000;5,50;0,21;0,00;5,71;;
;;;;;01;;;110;0,00;;5,50;0,21;0,00;5,71;;
029;068;202607;202607;SMS     ;00; SENS;F;203;0,00;0,050000;10,15;0,38;0,00;10,53;;
;;;;;01;;;203;0,00;;10,15;0,38;0,00;10,53;;
029;070;202607;202607;SMS     ;00; SENS;F;558;0,00;0,050000;27,90;1,06;0,00;28,96;;
;;;;;01;;;558;0,00;;27,90;1,06;0,00;28,96;;
029;078;202607;202607;SMS     ;00; SENS;F;41;0,00;0,050000;2,05;0,08;0,00;2,13;;
;;;;;01;;;41;0,00;;2,05;0,08;0,00;2,13;;
029;452;202607;202607;SMS     ;00; SENS;F;21;0,00;0,050000;1,05;0,04;0,00;1,09;;
;;;;;01;;;21;0,00;;1,05;0,04;0,00;1,09;;
029;453;202607;202607;SMS     ;00; SENS;F;85;0,00;0,050000;4,25;0,16;0,00;4,41;;
;;;;;01;;;85;0,00;;4,25;0,16;0,00;4,41;;
029;454;202607;202607;SMS     ;00; SENS;F;205;0,00;0,050000;10,25;0,39;0,00;10,64;;
;;;;;01;;;205;0,00;;10,25;0,39;0,00;10,64;;
029;455;202607;202607;SMS     ;00; SENS;F;634;0,00;0,050000;31,70;1,20;0,00;32,90;;
;;;;;01;;;634;0,00;;31,70;1,20;0,00;32,90;;
029;456;202607;202607;SMS     ;00; SENS;F;33340;0,00;0,050000;1667,00;63,15;0,00;1730,15;;
;;;;;01;;;33340;0,00;;1667,00;63,15;0,00;1730,15;;
029;457;202607;202607;SMS     ;00; SENS;F;484;0,00;0,050000;24,20;0,92;0,00;25,12;;
;;;;;01;;;484;0,00;;24,20;0,92;0,00;25,12;;
032;003;202607;202607;SMS     ;00; SENS;F;27;0,00;0,050000;1,35;0,05;0,00;1,40;;
;;;;;01;;;27;0,00;;1,35;0,05;0,00;1,40;;
032;004;202607;202607;SMS     ;00; SENS;F;3;0,00;0,050000;0,15;0,01;0,00;0,16;;
;;;;;01;;;3;0,00;;0,15;0,01;0,00;0,16;;
032;010;202607;202607;SMS     ;00; SENS;F;1675;0,00;0,050000;83,75;3,17;0,00;86,92;;
;;;;;01;;;1675;0,00;;83,75;3,17;0,00;86,92;;
032;020;202607;202607;SMS     ;00; SENS;F;1689;0,00;0,050000;84,45;3,20;0,00;87,65;;
;;;;;01;;;1689;0,00;;84,45;3,20;0,00;87,65;;
032;026;202607;202607;SMS     ;00; SENS;F;88;0,00;0,050000;4,40;0,17;0,00;4,57;;
;;;;;01;;;88;0,00;;4,40;0,17;0,00;4,57;;
032;030;202607;202607;SMS     ;00; SENS;F;647;0,00;0,050000;32,35;1,23;0,00;33,58;;
;;;;;01;;;647;0,00;;32,35;1,23;0,00;33,58;;
032;033;202607;202607;SMS     ;00; SENS;F;97;0,00;0,050000;4,85;0,18;0,00;5,03;;
;;;;;01;;;97;0,00;;4,85;0,18;0,00;5,03;;
032;036;202607;202607;SMS     ;00; SENS;F;23;0,00;0,050000;1,15;0,04;0,00;1,19;;
;;;;;01;;;23;0,00;;1,15;0,04;0,00;1,19;;
032;037;202607;202607;SMS     ;00; SENS;F;79;0,00;0,050000;3,95;0,15;0,00;4,10;;
;;;;;01;;;79;0,00;;3,95;0,15;0,00;4,10;;
032;038;202607;202607;SMS     ;00; SENS;F;11;0,00;0,050000;0,55;0,02;0,00;0,57;;
;;;;;01;;;11;0,00;;0,55;0,02;0,00;0,57;;
032;039;202607;202607;SMS     ;00; SENS;F;113;0,00;0,050000;5,65;0,21;0,00;5,86;;
;;;;;01;;;113;0,00;;5,65;0,21;0,00;5,86;;
032;044;202607;202607;SMS     ;00; SENS;F;188;0,00;0,050000;9,40;0,36;0,00;9,76;;
;;;;;01;;;188;0,00;;9,40;0,36;0,00;9,76;;
032;045;202607;202607;SMS     ;00; SENS;F;72;0,00;0,050000;3,60;0,14;0,00;3,74;;
;;;;;01;;;72;0,00;;3,60;0,14;0,00;3,74;;
032;050;202607;202607;SMS     ;00; SENS;F;207;0,00;0,050000;10,35;0,39;0,00;10,74;;
;;;;;01;;;207;0,00;;10,35;0,39;0,00;10,74;;
032;060;202607;202607;SMS     ;00; SENS;F;76;0,00;0,050000;3,80;0,14;0,00;3,94;;
;;;;;01;;;76;0,00;;3,80;0,14;0,00;3,94;;
032;064;202607;202607;SMS     ;00; SENS;F;181;0,00;0,050000;9,05;0,34;0,00;9,39;;
;;;;;01;;;181;0,00;;9,05;0,34;0,00;9,39;;
032;066;202607;202607;SMS     ;00; SENS;F;115;0,00;0,050000;5,75;0,22;0,00;5,97;;
;;;;;01;;;115;0,00;;5,75;0,22;0,00;5,97;;
032;068;202607;202607;SMS     ;00; SENS;F;58;0,00;0,050000;2,90;0,11;0,00;3,01;;
;;;;;01;;;58;0,00;;2,90;0,11;0,00;3,01;;
032;070;202607;202607;SMS     ;00; SENS;F;460;0,00;0,050000;23,00;0,87;0,00;23,87;;
;;;;;01;;;460;0,00;;23,00;0,87;0,00;23,87;;
032;078;202607;202607;SMS     ;00; SENS;F;79;0,00;0,050000;3,95;0,15;0,00;4,10;;
;;;;;01;;;79;0,00;;3,95;0,15;0,00;4,10;;
032;452;202607;202607;SMS     ;00; SENS;F;81;0,00;0,050000;4,05;0,15;0,00;4,20;;
;;;;;01;;;81;0,00;;4,05;0,15;0,00;4,20;;
032;453;202607;202607;SMS     ;00; SENS;F;601;0,00;0,050000;30,05;1,14;0,00;31,19;;
;;;;;01;;;601;0,00;;30,05;1,14;0,00;31,19;;
032;454;202607;202607;SMS     ;00; SENS;F;28582;0,00;0,050000;1429,10;54,14;0,00;1483,24;;
;;;;;01;;;28582;0,00;;1429,10;54,14;0,00;1483,24;;
032;455;202607;202607;SMS     ;00; SENS;F;813;0,00;0,050000;40,65;1,54;0,00;42,19;;
;;;;;01;;;813;0,00;;40,65;1,54;0,00;42,19;;
032;456;202607;202607;SMS     ;00; SENS;F;41;0,00;0,050000;2,05;0,08;0,00;2,13;;
;;;;;01;;;41;0,00;;2,05;0,08;0,00;2,13;;
032;457;202607;202607;SMS     ;00; SENS;F;495;0,00;0,050000;24,75;0,94;0,00;25,69;;
;;;;;01;;;495;0,00;;24,75;0,94;0,00;25,69;;
054;003;202607;202607;SMS     ;00; SENS;F;28;0,00;0,050000;1,40;0,05;0,00;1,45;;
;;;;;01;;;28;0,00;;1,40;0,05;0,00;1,45;;
054;004;202607;202607;SMS     ;00; SENS;F;56;0,00;0,050000;2,80;0,11;0,00;2,91;;
;;;;;01;;;56;0,00;;2,80;0,11;0,00;2,91;;
054;010;202607;202607;SMS     ;00; SENS;F;6869;0,00;0,050000;343,45;13,01;0,00;356,46;;
;;;;;01;;;6869;0,00;;343,45;13,01;0,00;356,46;;
054;020;202607;202607;SMS     ;00; SENS;F;472;0,00;0,050000;23,60;0,89;0,00;24,49;;
;;;;;01;;;472;0,00;;23,60;0,89;0,00;24,49;;
054;026;202607;202607;SMS     ;00; SENS;F;293;0,00;0,050000;14,65;0,55;0,00;15,20;;
;;;;;01;;;293;0,00;;14,65;0,55;0,00;15,20;;
054;030;202607;202607;SMS     ;00; SENS;F;1346;0,00;0,050000;67,30;2,55;0,00;69,85;;
;;;;;01;;;1346;0,00;;67,30;2,55;0,00;69,85;;
054;033;202607;202607;SMS     ;00; SENS;F;162;0,00;0,050000;8,10;0,31;0,00;8,41;;
;;;;;01;;;162;0,00;;8,10;0,31;0,00;8,41;;
054;036;202607;202607;SMS     ;00; SENS;F;27;0,00;0,050000;1,35;0,05;0,00;1,40;;
;;;;;01;;;27;0,00;;1,35;0,05;0,00;1,40;;
054;037;202607;202607;SMS     ;00; SENS;F;152;0,00;0,050000;7,60;0,29;0,00;7,89;;
;;;;;01;;;152;0,00;;7,60;0,29;0,00;7,89;;
054;038;202607;202607;SMS     ;00; SENS;F;7;0,00;0,050000;0,35;0,01;0,00;0,36;;
;;;;;01;;;7;0,00;;0,35;0,01;0,00;0,36;;
054;039;202607;202607;SMS     ;00; SENS;F;85;0,00;0,050000;4,25;0,16;0,00;4,41;;
;;;;;01;;;85;0,00;;4,25;0,16;0,00;4,41;;
054;044;202607;202607;SMS     ;00; SENS;F;1484;0,00;0,050000;74,20;2,81;0,00;77,01;;
;;;;;01;;;1484;0,00;;74,20;2,81;0,00;77,01;;
054;045;202607;202607;SMS     ;00; SENS;F;442;0,00;0,050000;22,10;0,84;0,00;22,94;;
;;;;;01;;;442;0,00;;22,10;0,84;0,00;22,94;;
054;050;202607;202607;SMS     ;00; SENS;F;488;0,00;0,050000;24,40;0,92;0,00;25,32;;
;;;;;01;;;488;0,00;;24,40;0,92;0,00;25,32;;
054;056;202607;202607;SMS     ;00; SENS;F;18;0,00;0,050000;0,90;0,03;0,00;0,93;;
;;;;;01;;;18;0,00;;0,90;0,03;0,00;0,93;;
054;060;202607;202607;SMS     ;00; SENS;F;367;0,00;0,050000;18,35;0,70;0,00;19,05;;
;;;;;01;;;367;0,00;;18,35;0,70;0,00;19,05;;
054;064;202607;202607;SMS     ;00; SENS;F;1691;0,00;0,050000;84,55;3,20;0,00;87,75;;
;;;;;01;;;1691;0,00;;84,55;3,20;0,00;87,75;;
054;066;202607;202607;SMS     ;00; SENS;F;87514;0,00;0,050000;4375,70;165,76;0,00;4541,46;;
;;;;;01;;;87514;0,00;;4375,70;165,76;0,00;4541,46;;
054;068;202607;202607;SMS     ;00; SENS;F;273;0,00;0,050000;13,65;0,52;0,00;14,17;;
;;;;;01;;;273;0,00;;13,65;0,52;0,00;14,17;;
054;070;202607;202607;SMS     ;00; SENS;F;276;0,00;0,050000;13,80;0,52;0,00;14,32;;
;;;;;01;;;276;0,00;;13,80;0,52;0,00;14,32;;
054;078;202607;202607;SMS     ;00; SENS;F;23;0,00;0,050000;1,15;0,04;0,00;1,19;;
;;;;;01;;;23;0,00;;1,15;0,04;0,00;1,19;;
054;452;202607;202607;SMS     ;00; SENS;F;49;0,00;0,050000;2,45;0,09;0,00;2,54;;
;;;;;01;;;49;0,00;;2,45;0,09;0,00;2,54;;
054;453;202607;202607;SMS     ;00; SENS;F;132;0,00;0,050000;6,60;0,25;0,00;6,85;;
;;;;;01;;;132;0,00;;6,60;0,25;0,00;6,85;;
054;454;202607;202607;SMS     ;00; SENS;F;18;0,00;0,050000;0,90;0,03;0,00;0,93;;
;;;;;01;;;18;0,00;;0,90;0,03;0,00;0,93;;
054;455;202607;202607;SMS     ;00; SENS;F;76;0,00;0,050000;3,80;0,14;0,00;3,94;;
;;;;;01;;;76;0,00;;3,80;0,14;0,00;3,94;;
054;456;202607;202607;SMS     ;00; SENS;F;29;0,00;0,050000;1,45;0,05;0,00;1,50;;
;;;;;01;;;29;0,00;;1,45;0,05;0,00;1,50;;
054;457;202607;202607;SMS     ;00; SENS;F;77;0,00;0,050000;3,85;0,15;0,00;4,00;;
;;;;;01;;;77;0,00;;3,85;0,15;0,00;4,00;;
057;003;202607;202607;SMS     ;00; SENS;F;248;0,00;0,050000;12,40;0,47;0,00;12,87;;
;;;;;01;;;248;0,00;;12,40;0,47;0,00;12,87;;
057;004;202607;202607;SMS     ;00; SENS;F;261;0,00;0,050000;13,05;0,49;0,00;13,54;;
;;;;;01;;;261;0,00;;13,05;0,49;0,00;13,54;;
057;010;202607;202607;SMS     ;00; SENS;F;3872;0,00;0,050000;193,60;7,33;0,00;200,93;;
;;;;;01;;;3872;0,00;;193,60;7,33;0,00;200,93;;
057;020;202607;202607;SMS     ;00; SENS;F;1265;0,00;0,050000;63,25;2,40;0,00;65,65;;
;;;;;01;;;1265;0,00;;63,25;2,40;0,00;65,65;;
057;026;202607;202607;SMS     ;00; SENS;F;332;0,00;0,050000;16,60;0,63;0,00;17,23;;
;;;;;01;;;332;0,00;;16,60;0,63;0,00;17,23;;
057;030;202607;202607;SMS     ;00; SENS;F;1702;0,00;0,050000;85,10;3,22;0,00;88,32;;
;;;;;01;;;1702;0,00;;85,10;3,22;0,00;88,32;;
057;033;202607;202607;SMS     ;00; SENS;F;396;0,00;0,050000;19,80;0,75;0,00;20,55;;
;;;;;01;;;396;0,00;;19,80;0,75;0,00;20,55;;
057;036;202607;202607;SMS     ;00; SENS;F;69;0,00;0,050000;3,45;0,13;0,00;3,58;;
;;;;;01;;;69;0,00;;3,45;0,13;0,00;3,58;;
057;037;202607;202607;SMS     ;00; SENS;F;1367;0,00;0,050000;68,35;2,59;0,00;70,94;;
;;;;;01;;;1367;0,00;;68,35;2,59;0,00;70,94;;
057;038;202607;202607;SMS     ;00; SENS;F;92;0,00;0,050000;4,60;0,17;0,00;4,77;;
;;;;;01;;;92;0,00;;4,60;0,17;0,00;4,77;;
057;039;202607;202607;SMS     ;00; SENS;F;536;0,00;0,050000;26,80;1,02;0,00;27,82;;
;;;;;01;;;536;0,00;;26,80;1,02;0,00;27,82;;
057;044;202607;202607;SMS     ;00; SENS;F;775;0,00;0,050000;38,75;1,47;0,00;40,22;;
;;;;;01;;;775;0,00;;38,75;1,47;0,00;40,22;;
057;045;202607;202607;SMS     ;00; SENS;F;685;0,00;0,050000;34,25;1,30;0,00;35,55;;
;;;;;01;;;685;0,00;;34,25;1,30;0,00;35,55;;
057;050;202607;202607;SMS     ;00; SENS;F;1080;0,00;0,050000;54,00;2,05;0,00;56,05;;
;;;;;01;;;1080;0,00;;54,00;2,05;0,00;56,05;;
057;056;202607;202607;SMS     ;00; SENS;F;467;0,00;0,050000;23,35;0,88;0,00;24,23;;
;;;;;01;;;467;0,00;;23,35;0,88;0,00;24,23;;
057;060;202607;202607;SMS     ;00; SENS;F;319;0,00;0,050000;15,95;0,60;0,00;16,55;;
;;;;;01;;;319;0,00;;15,95;0,60;0,00;16,55;;
057;064;202607;202607;SMS     ;00; SENS;F;104168;0,00;0,050000;5208,40;197,31;0,00;5405,71;;
;;;;;01;;;104168;0,00;;5208,40;197,31;0,00;5405,71;;
057;066;202607;202607;SMS     ;00; SENS;F;2747;0,00;0,050000;137,35;5,20;0,00;142,55;;
;;;;;01;;;2747;0,00;;137,35;5,20;0,00;142,55;;
057;068;202607;202607;SMS     ;00; SENS;F;1889;0,00;0,050000;94,45;3,58;0,00;98,03;;
;;;;;01;;;1889;0,00;;94,45;3,58;0,00;98,03;;
057;070;202607;202607;SMS     ;00; SENS;F;486;0,00;0,050000;24,30;0,92;0,00;25,22;;
;;;;;01;;;486;0,00;;24,30;0,92;0,00;25,22;;
057;078;202607;202607;SMS     ;00; SENS;F;218;0,00;0,050000;10,90;0,41;0,00;11,31;;
;;;;;01;;;218;0,00;;10,90;0,41;0,00;11,31;;
057;452;202607;202607;SMS     ;00; SENS;F;193;0,00;0,050000;9,65;0,37;0,00;10,02;;
;;;;;01;;;193;0,00;;9,65;0,37;0,00;10,02;;
057;453;202607;202607;SMS     ;00; SENS;F;202;0,00;0,050000;10,10;0,38;0,00;10,48;;
;;;;;01;;;202;0,00;;10,10;0,38;0,00;10,48;;
057;454;202607;202607;SMS     ;00; SENS;F;35;0,00;0,050000;1,75;0,07;0,00;1,82;;
;;;;;01;;;35;0,00;;1,75;0,07;0,00;1,82;;
057;455;202607;202607;SMS     ;00; SENS;F;157;0,00;0,050000;7,85;0,30;0,00;8,15;;
;;;;;01;;;157;0,00;;7,85;0,30;0,00;8,15;;
057;456;202607;202607;SMS     ;00; SENS;F;217;0,00;0,050000;10,85;0,41;0,00;11,26;;
;;;;;01;;;217;0,00;;10,85;0,41;0,00;11,26;;
057;457;202607;202607;SMS     ;00; SENS;F;426;0,00;0,050000;21,30;0,81;0,00;22,11;;
;;;;;01;;;426;0,00;;21,30;0,81;0,00;22,11;;
058;003;202607;202607;SMS     ;00; SENS;F;695;0,00;0,050000;34,75;1,32;0,00;36,07;;
;;;;;01;;;695;0,00;;34,75;1,32;0,00;36,07;;
058;004;202607;202607;SMS     ;00; SENS;F;21951;0,00;0,050000;1097,55;41,58;0,00;1139,13;;
;;;;;01;;;21951;0,00;;1097,55;41,58;0,00;1139,13;;
058;010;202607;202607;SMS     ;00; SENS;F;1231;0,00;0,050000;61,55;2,33;0,00;63,88;;
;;;;;01;;;1231;0,00;;61,55;2,33;0,00;63,88;;
058;020;202607;202607;SMS     ;00; SENS;F;254;0,00;0,050000;12,70;0,48;0,00;13,18;;
;;;;;01;;;254;0,00;;12,70;0,48;0,00;13,18;;
058;026;202607;202607;SMS     ;00; SENS;F;327;0,00;0,050000;16,35;0,62;0,00;16,97;;
;;;;;01;;;327;0,00;;16,35;0,62;0,00;16,97;;
058;030;202607;202607;SMS     ;00; SENS;F;742;0,00;0,050000;37,10;1,41;0,00;38,51;;
;;;;;01;;;742;0,00;;37,10;1,41;0,00;38,51;;
058;033;202607;202607;SMS     ;00; SENS;F;1306;0,00;0,050000;65,30;2,47;0,00;67,77;;
;;;;;01;;;1306;0,00;;65,30;2,47;0,00;67,77;;
058;036;202607;202607;SMS     ;00; SENS;F;67;0,00;0,050000;3,35;0,13;0,00;3,48;;
;;;;;01;;;67;0,00;;3,35;0,13;0,00;3,48;;
058;037;202607;202607;SMS     ;00; SENS;F;224;0,00;0,050000;11,20;0,42;0,00;11,62;;
;;;;;01;;;224;0,00;;11,20;0,42;0,00;11,62;;
058;038;202607;202607;SMS     ;00; SENS;F;11;0,00;0,050000;0,55;0,02;0,00;0,57;;
;;;;;01;;;11;0,00;;0,55;0,02;0,00;0,57;;
058;039;202607;202607;SMS     ;00; SENS;F;54;0,00;0,050000;2,70;0,10;0,00;2,80;;
;;;;;01;;;54;0,00;;2,70;0,10;0,00;2,80;;
058;044;202607;202607;SMS     ;00; SENS;F;365;0,00;0,050000;18,25;0,69;0,00;18,94;;
;;;;;01;;;365;0,00;;18,25;0,69;0,00;18,94;;
058;045;202607;202607;SMS     ;00; SENS;F;383;0,00;0,050000;19,15;0,73;0,00;19,88;;
;;;;;01;;;383;0,00;;19,15;0,73;0,00;19,88;;
058;050;202607;202607;SMS     ;00; SENS;F;289;0,00;0,050000;14,45;0,55;0,00;15,00;;
;;;;;01;;;289;0,00;;14,45;0,55;0,00;15,00;;
058;056;202607;202607;SMS     ;00; SENS;F;19;0,00;0,050000;0,95;0,04;0,00;0,99;;
;;;;;01;;;19;0,00;;0,95;0,04;0,00;0,99;;
058;060;202607;202607;SMS     ;00; SENS;F;73;0,00;0,050000;3,65;0,14;0,00;3,79;;
;;;;;01;;;73;0,00;;3,65;0,14;0,00;3,79;;
058;064;202607;202607;SMS     ;00; SENS;F;1416;0,00;0,050000;70,80;2,68;0,00;73,48;;
;;;;;01;;;1416;0,00;;70,80;2,68;0,00;73,48;;
058;066;202607;202607;SMS     ;00; SENS;F;732;0,00;0,050000;36,60;1,39;0,00;37,99;;
;;;;;01;;;732;0,00;;36,60;1,39;0,00;37,99;;
058;068;202607;202607;SMS     ;00; SENS;F;256;0,00;0,050000;12,80;0,48;0,00;13,28;;
;;;;;01;;;256;0,00;;12,80;0,48;0,00;13,28;;
058;070;202607;202607;SMS     ;00; SENS;F;494;0,00;0,050000;24,70;0,94;0,00;25,64;;
;;;;;01;;;494;0,00;;24,70;0,94;0,00;25,64;;
058;078;202607;202607;SMS     ;00; SENS;F;16;0,00;0,050000;0,80;0,03;0,00;0,83;;
;;;;;01;;;16;0,00;;0,80;0,03;0,00;0,83;;
058;452;202607;202607;SMS     ;00; SENS;F;9;0,00;0,050000;0,45;0,02;0,00;0,47;;
;;;;;01;;;9;0,00;;0,45;0,02;0,00;0,47;;
058;453;202607;202607;SMS     ;00; SENS;F;112;0,00;0,050000;5,60;0,21;0,00;5,81;;
;;;;;01;;;112;0,00;;5,60;0,21;0,00;5,81;;
058;454;202607;202607;SMS     ;00; SENS;F;217;0,00;0,050000;10,85;0,41;0,00;11,26;;
;;;;;01;;;217;0,00;;10,85;0,41;0,00;11,26;;
058;455;202607;202607;SMS     ;00; SENS;F;146;0,00;0,050000;7,30;0,28;0,00;7,58;;
;;;;;01;;;146;0,00;;7,30;0,28;0,00;7,58;;
058;456;202607;202607;SMS     ;00; SENS;F;31;0,00;0,050000;1,55;0,06;0,00;1,61;;
;;;;;01;;;31;0,00;;1,55;0,06;0,00;1,61;;
058;457;202607;202607;SMS     ;00; SENS;F;114;0,00;0,050000;5,70;0,22;0,00;5,92;;
;;;;;01;;;114;0,00;;5,70;0,22;0,00;5,92;;
059;003;202607;202607;SMS     ;00; SENS;F;40998;0,00;0,050000;2049,90;77,66;0,00;2127,56;;
;;;;;01;;;40998;0,00;;2049,90;77,66;0,00;2127,56;;
059;004;202607;202607;SMS     ;00; SENS;F;178;0,00;0,050000;8,90;0,34;0,00;9,24;;
;;;;;01;;;178;0,00;;8,90;0,34;0,00;9,24;;
059;010;202607;202607;SMS     ;00; SENS;F;491;0,00;0,050000;24,55;0,93;0,00;25,48;;
;;;;;01;;;491;0,00;;24,55;0,93;0,00;25,48;;
059;020;202607;202607;SMS     ;00; SENS;F;173;0,00;0,050000;8,65;0,33;0,00;8,98;;
;;;;;01;;;173;0,00;;8,65;0,33;0,00;8,98;;
059;026;202607;202607;SMS     ;00; SENS;F;116;0,00;0,050000;5,80;0,22;0,00;6,02;;
;;;;;01;;;116;0,00;;5,80;0,22;0,00;6,02;;
059;030;202607;202607;SMS     ;00; SENS;F;233;0,00;0,050000;11,65;0,44;0,00;12,09;;
;;;;;01;;;233;0,00;;11,65;0,44;0,00;12,09;;
059;033;202607;202607;SMS     ;00; SENS;F;647;0,00;0,050000;32,35;1,23;0,00;33,58;;
;;;;;01;;;647;0,00;;32,35;1,23;0,00;33,58;;
059;036;202607;202607;SMS     ;00; SENS;F;28;0,00;0,050000;1,40;0,05;0,00;1,45;;
;;;;;01;;;28;0,00;;1,40;0,05;0,00;1,45;;
059;037;202607;202607;SMS     ;00; SENS;F;25;0,00;0,050000;1,25;0,05;0,00;1,30;;
;;;;;01;;;25;0,00;;1,25;0,05;0,00;1,30;;
059;038;202607;202607;SMS     ;00; SENS;F;5;0,00;0,050000;0,25;0,01;0,00;0,26;;
;;;;;01;;;5;0,00;;0,25;0,01;0,00;0,26;;
059;039;202607;202607;SMS     ;00; SENS;F;39;0,00;0,050000;1,95;0,07;0,00;2,02;;
;;;;;01;;;39;0,00;;1,95;0,07;0,00;2,02;;
059;044;202607;202607;SMS     ;00; SENS;F;45;0,00;0,050000;2,25;0,09;0,00;2,34;;
;;;;;01;;;45;0,00;;2,25;0,09;0,00;2,34;;
059;045;202607;202607;SMS     ;00; SENS;F;340;0,00;0,050000;17,00;0,64;0,00;17,64;;
;;;;;01;;;340;0,00;;17,00;0,64;0,00;17,64;;
059;050;202607;202607;SMS     ;00; SENS;F;158;0,00;0,050000;7,90;0,30;0,00;8,20;;
;;;;;01;;;158;0,00;;7,90;0,30;0,00;8,20;;
059;056;202607;202607;SMS     ;00; SENS;F;15;0,00;0,050000;0,75;0,03;0,00;0,78;;
;;;;;01;;;15;0,00;;0,75;0,03;0,00;0,78;;
059;060;202607;202607;SMS     ;00; SENS;F;26;0,00;0,050000;1,30;0,05;0,00;1,35;;
;;;;;01;;;26;0,00;;1,30;0,05;0,00;1,35;;
059;064;202607;202607;SMS     ;00; SENS;F;194;0,00;0,050000;9,70;0,37;0,00;10,07;;
;;;;;01;;;194;0,00;;9,70;0,37;0,00;10,07;;
059;066;202607;202607;SMS     ;00; SENS;F;32;0,00;0,050000;1,60;0,06;0,00;1,66;;
;;;;;01;;;32;0,00;;1,60;0,06;0,00;1,66;;
059;068;202607;202607;SMS     ;00; SENS;F;271;0,00;0,050000;13,55;0,51;0,00;14,06;;
;;;;;01;;;271;0,00;;13,55;0,51;0,00;14,06;;
059;070;202607;202607;SMS     ;00; SENS;F;26;0,00;0,050000;1,30;0,05;0,00;1,35;;
;;;;;01;;;26;0,00;;1,30;0,05;0,00;1,35;;
059;078;202607;202607;SMS     ;00; SENS;F;4;0,00;0,050000;0,20;0,01;0,00;0,21;;
;;;;;01;;;4;0,00;;0,20;0,01;0,00;0,21;;
059;452;202607;202607;SMS     ;00; SENS;F;12;0,00;0,050000;0,60;0,02;0,00;0,62;;
;;;;;01;;;12;0,00;;0,60;0,02;0,00;0,62;;
059;453;202607;202607;SMS     ;00; SENS;F;62;0,00;0,050000;3,10;0,12;0,00;3,22;;
;;;;;01;;;62;0,00;;3,10;0,12;0,00;3,22;;
059;454;202607;202607;SMS     ;00; SENS;F;6;0,00;0,050000;0,30;0,01;0,00;0,31;;
;;;;;01;;;6;0,00;;0,30;0,01;0,00;0,31;;
059;455;202607;202607;SMS     ;00; SENS;F;28;0,00;0,050000;1,40;0,05;0,00;1,45;;
;;;;;01;;;28;0,00;;1,40;0,05;0,00;1,45;;
059;456;202607;202607;SMS     ;00; SENS;F;35;0,00;0,050000;1,75;0,07;0,00;1,82;;
;;;;;01;;;35;0,00;;1,75;0,07;0,00;1,82;;
059;457;202607;202607;SMS     ;00; SENS;F;20;0,00;0,050000;1,00;0,04;0,00;1,04;;
;;;;;01;;;20;0,00;;1,00;0,04;0,00;1,04;;
063;003;202607;202607;SMS     ;00; SENS;F;24;0,00;0,050000;1,20;0,05;0,00;1,25;;
;;;;;01;;;24;0,00;;1,20;0,05;0,00;1,25;;
063;004;202607;202607;SMS     ;00; SENS;F;488;0,00;0,050000;24,40;0,92;0,00;25,32;;
;;;;;01;;;488;0,00;;24,40;0,92;0,00;25,32;;
063;010;202607;202607;SMS     ;00; SENS;F;5058;0,00;0,050000;252,90;9,58;0,00;262,48;;
;;;;;01;;;5058;0,00;;252,90;9,58;0,00;262,48;;
063;020;202607;202607;SMS     ;00; SENS;F;2708;0,00;0,050000;135,40;5,13;0,00;140,53;;
;;;;;01;;;2708;0,00;;135,40;5,13;0,00;140,53;;
063;026;202607;202607;SMS     ;00; SENS;F;504;0,00;0,050000;25,20;0,95;0,00;26,15;;
;;;;;01;;;504;0,00;;25,20;0,95;0,00;26,15;;
063;030;202607;202607;SMS     ;00; SENS;F;5441;0,00;0,050000;272,05;10,31;0,00;282,36;;
;;;;;01;;;5441;0,00;;272,05;10,31;0,00;282,36;;
063;033;202607;202607;SMS     ;00; SENS;F;153;0,00;0,050000;7,65;0,29;0,00;7,94;;
;;;;;01;;;153;0,00;;7,65;0,29;0,00;7,94;;
063;036;202607;202607;SMS     ;00; SENS;F;21;0,00;0,050000;1,05;0,04;0,00;1,09;;
;;;;;01;;;21;0,00;;1,05;0,04;0,00;1,09;;
063;037;202607;202607;SMS     ;00; SENS;F;652;0,00;0,050000;32,60;1,23;0,00;33,83;;
;;;;;01;;;652;0,00;;32,60;1,23;0,00;33,83;;
063;038;202607;202607;SMS     ;00; SENS;F;52;0,00;0,050000;2,60;0,10;0,00;2,70;;
;;;;;01;;;52;0,00;;2,60;0,10;0,00;2,70;;
063;039;202607;202607;SMS     ;00; SENS;F;682;0,00;0,050000;34,10;1,29;0,00;35,39;;
;;;;;01;;;682;0,00;;34,10;1,29;0,00;35,39;;
063;044;202607;202607;SMS     ;00; SENS;F;868;0,00;0,050000;43,40;1,64;0,00;45,04;;
;;;;;01;;;868;0,00;;43,40;1,64;0,00;45,04;;
063;045;202607;202607;SMS     ;00; SENS;F;524;0,00;0,050000;26,20;0,99;0,00;27,19;;
;;;;;01;;;524;0,00;;26,20;0,99;0,00;27,19;;
063;050;202607;202607;SMS     ;00; SENS;F;460;0,00;0,050000;23,00;0,87;0,00;23,87;;
;;;;;01;;;460;0,00;;23,00;0,87;0,00;23,87;;
063;056;202607;202607;SMS     ;00; SENS;F;631;0,00;0,050000;31,55;1,20;0,00;32,75;;
;;;;;01;;;631;0,00;;31,55;1,20;0,00;32,75;;
063;060;202607;202607;SMS     ;00; SENS;F;125202;0,00;0,050000;6260,10;237,15;0,00;6497,25;;
;;;;;01;;;125202;0,00;;6260,10;237,15;0,00;6497,25;;
063;064;202607;202607;SMS     ;00; SENS;F;310;0,00;0,050000;15,50;0,59;0,00;16,09;;
;;;;;01;;;310;0,00;;15,50;0,59;0,00;16,09;;
063;066;202607;202607;SMS     ;00; SENS;F;373;0,00;0,050000;18,65;0,71;0,00;19,36;;
;;;;;01;;;373;0,00;;18,65;0,71;0,00;19,36;;
063;068;202607;202607;SMS     ;00; SENS;F;3439;0,00;0,050000;171,95;6,51;0,00;178,46;;
;;;;;01;;;3439;0,00;;171,95;6,51;0,00;178,46;;
063;070;202607;202607;SMS     ;00; SENS;F;1779;0,00;0,050000;88,95;3,37;0,00;92,32;;
;;;;;01;;;1779;0,00;;88,95;3,37;0,00;92,32;;
063;078;202607;202607;SMS     ;00; SENS;F;306;0,00;0,050000;15,30;0,58;0,00;15,88;;
;;;;;01;;;306;0,00;;15,30;0,58;0,00;15,88;;
063;452;202607;202607;SMS     ;00; SENS;F;48;0,00;0,050000;2,40;0,09;0,00;2,49;;
;;;;;01;;;48;0,00;;2,40;0,09;0,00;2,49;;
063;453;202607;202607;SMS     ;00; SENS;F;463;0,00;0,050000;23,15;0,88;0,00;24,03;;
;;;;;01;;;463;0,00;;23,15;0,88;0,00;24,03;;
063;454;202607;202607;SMS     ;00; SENS;F;1677;0,00;0,050000;83,85;3,18;0,00;87,03;;
;;;;;01;;;1677;0,00;;83,85;3,18;0,00;87,03;;
063;455;202607;202607;SMS     ;00; SENS;F;495;0,00;0,050000;24,75;0,94;0,00;25,69;;
;;;;;01;;;495;0,00;;24,75;0,94;0,00;25,69;;
063;456;202607;202607;SMS     ;00; SENS;F;695;0,00;0,050000;34,75;1,32;0,00;36,07;;
;;;;;01;;;695;0,00;;34,75;1,32;0,00;36,07;;
063;457;202607;202607;SMS     ;00; SENS;F;359;0,00;0,050000;17,95;0,68;0,00;18,63;;
;;;;;01;;;359;0,00;;17,95;0,68;0,00;18,63;;
069;003;202607;202607;SMS     ;00; SENS;F;29;0,00;0,050000;1,45;0,05;0,00;1,50;;
;;;;;01;;;29;0,00;;1,45;0,05;0,00;1,50;;
069;004;202607;202607;SMS     ;00; SENS;F;3;0,00;0,050000;0,15;0,01;0,00;0,16;;
;;;;;01;;;3;0,00;;0,15;0,01;0,00;0,16;;
069;010;202607;202607;SMS     ;00; SENS;F;3662;0,00;0,050000;183,10;6,94;0,00;190,04;;
;;;;;01;;;3662;0,00;;183,10;6,94;0,00;190,04;;
069;020;202607;202607;SMS     ;00; SENS;F;286;0,00;0,050000;14,30;0,54;0,00;14,84;;
;;;;;01;;;286;0,00;;14,30;0,54;0,00;14,84;;
069;026;202607;202607;SMS     ;00; SENS;F;46;0,00;0,050000;2,30;0,09;0,00;2,39;;
;;;;;01;;;46;0,00;;2,30;0,09;0,00;2,39;;
069;030;202607;202607;SMS     ;00; SENS;F;1060;0,00;0,050000;53,00;2,01;0,00;55,01;;
;;;;;01;;;1060;0,00;;53,00;2,01;0,00;55,01;;
069;033;202607;202607;SMS     ;00; SENS;F;55;0,00;0,050000;2,75;0,10;0,00;2,85;;
;;;;;01;;;55;0,00;;2,75;0,10;0,00;2,85;;
069;036;202607;202607;SMS     ;00; SENS;F;15;0,00;0,050000;0,75;0,03;0,00;0,78;;
;;;;;01;;;15;0,00;;0,75;0,03;0,00;0,78;;
069;037;202607;202607;SMS     ;00; SENS;F;1652;0,00;0,050000;82,60;3,13;0,00;85,73;;
;;;;;01;;;1652;0,00;;82,60;3,13;0,00;85,73;;
069;038;202607;202607;SMS     ;00; SENS;F;15;0,00;0,050000;0,75;0,03;0,00;0,78;;
;;;;;01;;;15;0,00;;0,75;0,03;0,00;0,78;;
069;039;202607;202607;SMS     ;00; SENS;F;853;0,00;0,050000;42,65;1,62;0,00;44,27;;
;;;;;01;;;853;0,00;;42,65;1,62;0,00;44,27;;
069;044;202607;202607;SMS     ;00; SENS;F;88;0,00;0,050000;4,40;0,17;0,00;4,57;;
;;;;;01;;;88;0,00;;4,40;0,17;0,00;4,57;;
069;045;202607;202607;SMS     ;00; SENS;F;96;0,00;0,050000;4,80;0,18;0,00;4,98;;
;;;;;01;;;96;0,00;;4,80;0,18;0,00;4,98;;
069;050;202607;202607;SMS     ;00; SENS;F;273;0,00;0,050000;13,65;0,52;0,00;14,17;;
;;;;;01;;;273;0,00;;13,65;0,52;0,00;14,17;;
069;056;202607;202607;SMS     ;00; SENS;F;9574;0,00;0,050000;478,70;18,13;0,00;496,83;;
;;;;;01;;;9574;0,00;;478,70;18,13;0,00;496,83;;
069;060;202607;202607;SMS     ;00; SENS;F;612;0,00;0,050000;30,60;1,16;0,00;31,76;;
;;;;;01;;;612;0,00;;30,60;1,16;0,00;31,76;;
069;064;202607;202607;SMS     ;00; SENS;F;240;0,00;0,050000;12,00;0,45;0,00;12,45;;
;;;;;01;;;240;0,00;;12,00;0,45;0,00;12,45;;
069;066;202607;202607;SMS     ;00; SENS;F;117;0,00;0,050000;5,85;0,22;0,00;6,07;;
;;;;;01;;;117;0,00;;5,85;0,22;0,00;6,07;;
069;068;202607;202607;SMS     ;00; SENS;F;1110;0,00;0,050000;55,50;2,10;0,00;57,60;;
;;;;;01;;;1110;0,00;;55,50;2,10;0,00;57,60;;
069;070;202607;202607;SMS     ;00; SENS;F;743;0,00;0,050000;37,15;1,41;0,00;38,56;;
;;;;;01;;;743;0,00;;37,15;1,41;0,00;38,56;;
069;078;202607;202607;SMS     ;00; SENS;F;15;0,00;0,050000;0,75;0,03;0,00;0,78;;
;;;;;01;;;15;0,00;;0,75;0,03;0,00;0,78;;
069;452;202607;202607;SMS     ;00; SENS;F;168;0,00;0,050000;8,40;0,32;0,00;8,72;;
;;;;;01;;;168;0,00;;8,40;0,32;0,00;8,72;;
069;453;202607;202607;SMS     ;00; SENS;F;57;0,00;0,050000;2,85;0,11;0,00;2,96;;
;;;;;01;;;57;0,00;;2,85;0,11;0,00;2,96;;
069;454;202607;202607;SMS     ;00; SENS;F;33;0,00;0,050000;1,65;0,06;0,00;1,71;;
;;;;;01;;;33;0,00;;1,65;0,06;0,00;1,71;;
069;455;202607;202607;SMS     ;00; SENS;F;266;0,00;0,050000;13,30;0,50;0,00;13,80;;
;;;;;01;;;266;0,00;;13,30;0,50;0,00;13,80;;
069;456;202607;202607;SMS     ;00; SENS;F;190;0,00;0,050000;9,50;0,36;0,00;9,86;;
;;;;;01;;;190;0,00;;9,50;0,36;0,00;9,86;;
069;457;202607;202607;SMS     ;00; SENS;F;97;0,00;0,050000;4,85;0,18;0,00;5,03;;
;;;;;01;;;97;0,00;;4,85;0,18;0,00;5,03;;
077;003;202607;202607;SMS     ;00; SENS;F;193;0,00;0,050000;9,65;0,37;0,00;10,02;;
;;;;;01;;;193;0,00;;9,65;0,37;0,00;10,02;;
077;004;202607;202607;SMS     ;00; SENS;F;61;0,00;0,050000;3,05;0,12;0,00;3,17;;
;;;;;01;;;61;0,00;;3,05;0,12;0,00;3,17;;
077;010;202607;202607;SMS     ;00; SENS;F;8819;0,00;0,050000;440,95;16,70;0,00;457,65;;
;;;;;01;;;8819;0,00;;440,95;16,70;0,00;457,65;;
077;020;202607;202607;SMS     ;00; SENS;F;1122;0,00;0,050000;56,10;2,13;0,00;58,23;;
;;;;;01;;;1122;0,00;;56,10;2,13;0,00;58,23;;
077;026;202607;202607;SMS     ;00; SENS;F;432;0,00;0,050000;21,60;0,82;0,00;22,42;;
;;;;;01;;;432;0,00;;21,60;0,82;0,00;22,42;;
077;030;202607;202607;SMS     ;00; SENS;F;4916;0,00;0,050000;245,80;9,31;0,00;255,11;;
;;;;;01;;;4916;0,00;;245,80;9,31;0,00;255,11;;
077;033;202607;202607;SMS     ;00; SENS;F;478;0,00;0,050000;23,90;0,91;0,00;24,81;;
;;;;;01;;;478;0,00;;23,90;0,91;0,00;24,81;;
077;036;202607;202607;SMS     ;00; SENS;F;46;0,00;0,050000;2,30;0,09;0,00;2,39;;
;;;;;01;;;46;0,00;;2,30;0,09;0,00;2,39;;
077;037;202607;202607;SMS     ;00; SENS;F;2759;0,00;0,050000;137,95;5,23;0,00;143,18;;
;;;;;01;;;2759;0,00;;137,95;5,23;0,00;143,18;;
077;038;202607;202607;SMS     ;00; SENS;F;25;0,00;0,050000;1,25;0,05;0,00;1,30;;
;;;;;01;;;25;0,00;;1,25;0,05;0,00;1,30;;
077;039;202607;202607;SMS     ;00; SENS;F;1922;0,00;0,050000;96,10;3,64;0,00;99,74;;
;;;;;01;;;1922;0,00;;96,10;3,64;0,00;99,74;;
077;044;202607;202607;SMS     ;00; SENS;F;974;0,00;0,050000;48,70;1,84;0,00;50,54;;
;;;;;01;;;974;0,00;;48,70;1,84;0,00;50,54;;
077;045;202607;202607;SMS     ;00; SENS;F;543;0,00;0,050000;27,15;1,03;0,00;28,18;;
;;;;;01;;;543;0,00;;27,15;1,03;0,00;28,18;;
077;050;202607;202607;SMS     ;00; SENS;F;675;0,00;0,050000;33,75;1,28;0,00;35,03;;
;;;;;01;;;675;0,00;;33,75;1,28;0,00;35,03;;
077;056;202607;202607;SMS     ;00; SENS;F;314;0,00;0,050000;15,70;0,59;0,00;16,29;;
;;;;;01;;;314;0,00;;15,70;0,59;0,00;16,29;;
077;060;202607;202607;SMS     ;00; SENS;F;3227;0,00;0,050000;161,35;6,11;0,00;167,46;;
;;;;;01;;;3227;0,00;;161,35;6,11;0,00;167,46;;
077;064;202607;202607;SMS     ;00; SENS;F;1612;0,00;0,050000;80,60;3,05;0,00;83,65;;
;;;;;01;;;1612;0,00;;80,60;3,05;0,00;83,65;;
077;066;202607;202607;SMS     ;00; SENS;F;520;0,00;0,050000;26,00;0,98;0,00;26,98;;
;;;;;01;;;520;0,00;;26,00;0,98;0,00;26,98;;
077;068;202607;202607;SMS     ;00; SENS;F;94871;0,00;0,050000;4743,55;179,70;0,00;4923,25;;
;;;;;01;;;94871;0,00;;4743,55;179,70;0,00;4923,25;;
077;070;202607;202607;SMS     ;00; SENS;F;2007;0,00;0,050000;100,35;3,80;0,00;104,15;;
;;;;;01;;;2007;0,00;;100,35;3,80;0,00;104,15;;
077;078;202607;202607;SMS     ;00; SENS;F;217;0,00;0,050000;10,85;0,41;0,00;11,26;;
;;;;;01;;;217;0,00;;10,85;0,41;0,00;11,26;;
077;452;202607;202607;SMS     ;00; SENS;F;57;0,00;0,050000;2,85;0,11;0,00;2,96;;
;;;;;01;;;57;0,00;;2,85;0,11;0,00;2,96;;
077;453;202607;202607;SMS     ;00; SENS;F;466;0,00;0,050000;23,30;0,88;0,00;24,18;;
;;;;;01;;;466;0,00;;23,30;0,88;0,00;24,18;;
077;454;202607;202607;SMS     ;00; SENS;F;150;0,00;0,050000;7,50;0,28;0,00;7,78;;
;;;;;01;;;150;0,00;;7,50;0,28;0,00;7,78;;
077;455;202607;202607;SMS     ;00; SENS;F;532;0,00;0,050000;26,60;1,01;0,00;27,61;;
;;;;;01;;;532;0,00;;26,60;1,01;0,00;27,61;;
077;456;202607;202607;SMS     ;00; SENS;F;305;0,00;0,050000;15,25;0,58;0,00;15,83;;
;;;;;01;;;305;0,00;;15,25;0,58;0,00;15,83;;
077;457;202607;202607;SMS     ;00; SENS;F;231;0,00;0,050000;11,55;0,44;0,00;11,99;;
;;;;;01;;;231;0,00;;11,55;0,44;0,00;11,99;;
430;003;202607;202607;SMS     ;00; SENS;F;8;0,00;0,050000;0,40;0,02;0,00;0,42;;
;;;;;01;;;8;0,00;;0,40;0,02;0,00;0,42;;
430;004;202607;202607;SMS     ;00; SENS;F;117;0,00;0,050000;5,85;0,22;0,00;6,07;;
;;;;;01;;;117;0,00;;5,85;0,22;0,00;6,07;;
430;010;202607;202607;SMS     ;00; SENS;F;17479;0,00;0,050000;873,95;33,11;0,00;907,06;;
;;;;;01;;;17479;0,00;;873,95;33,11;0,00;907,06;;
430;020;202607;202607;SMS     ;00; SENS;F;9578;0,00;0,050000;478,90;18,14;0,00;497,04;;
;;;;;01;;;9578;0,00;;478,90;18,14;0,00;497,04;;
430;026;202607;202607;SMS     ;00; SENS;F;6400;0,00;0,050000;320,00;12,12;0,00;332,12;;
;;;;;01;;;6400;0,00;;320,00;12,12;0,00;332,12;;
430;030;202607;202607;SMS     ;00; SENS;F;502600;0,00;0,050000;25130,00;951,99;0,00;26081,99;;
;;;;;01;;;502600;0,00;;25130,00;951,99;0,00;26081,99;;
430;033;202607;202607;SMS     ;00; SENS;F;407;0,00;0,050000;20,35;0,77;0,00;21,12;;
;;;;;01;;;407;0,00;;20,35;0,77;0,00;21,12;;
430;036;202607;202607;SMS     ;00; SENS;F;119;0,00;0,050000;5,95;0,23;0,00;6,18;;
;;;;;01;;;119;0,00;;5,95;0,23;0,00;6,18;;
430;037;202607;202607;SMS     ;00; SENS;F;527;0,00;0,050000;26,35;1,00;0,00;27,35;;
;;;;;01;;;527;0,00;;26,35;1,00;0,00;27,35;;
430;038;202607;202607;SMS     ;00; SENS;F;70;0,00;0,050000;3,50;0,13;0,00;3,63;;
;;;;;01;;;70;0,00;;3,50;0,13;0,00;3,63;;
430;039;202607;202607;SMS     ;00; SENS;F;300;0,00;0,050000;15,00;0,57;0,00;15,57;;
;;;;;01;;;300;0,00;;15,00;0,57;0,00;15,57;;
430;044;202607;202607;SMS     ;00; SENS;F;853;0,00;0,050000;42,65;1,62;0,00;44,27;;
;;;;;01;;;853;0,00;;42,65;1,62;0,00;44,27;;
430;045;202607;202607;SMS     ;00; SENS;F;939;0,00;0,050000;46,95;1,78;0,00;48,73;;
;;;;;01;;;939;0,00;;46,95;1,78;0,00;48,73;;
430;050;202607;202607;SMS     ;00; SENS;F;1000;0,00;0,050000;50,00;1,89;0,00;51,89;;
;;;;;01;;;1000;0,00;;50,00;1,89;0,00;51,89;;
430;056;202607;202607;SMS     ;00; SENS;F;41;0,00;0,050000;2,05;0,08;0,00;2,13;;
;;;;;01;;;41;0,00;;2,05;0,08;0,00;2,13;;
430;060;202607;202607;SMS     ;00; SENS;F;899;0,00;0,050000;44,95;1,70;0,00;46,65;;
;;;;;01;;;899;0,00;;44,95;1,70;0,00;46,65;;
430;064;202607;202607;SMS     ;00; SENS;F;573;0,00;0,050000;28,65;1,09;0,00;29,74;;
;;;;;01;;;573;0,00;;28,65;1,09;0,00;29,74;;
430;066;202607;202607;SMS     ;00; SENS;F;405;0,00;0,050000;20,25;0,77;0,00;21,02;;
;;;;;01;;;405;0,00;;20,25;0,77;0,00;21,02;;
430;068;202607;202607;SMS     ;00; SENS;F;929;0,00;0,050000;46,45;1,76;0,00;48,21;;
;;;;;01;;;929;0,00;;46,45;1,76;0,00;48,21;;
430;070;202607;202607;SMS     ;00; SENS;F;3103;0,00;0,050000;155,15;5,88;0,00;161,03;;
;;;;;01;;;3103;0,00;;155,15;5,88;0,00;161,03;;
430;078;202607;202607;SMS     ;00; SENS;F;384;0,00;0,050000;19,20;0,73;0,00;19,93;;
;;;;;01;;;384;0,00;;19,20;0,73;0,00;19,93;;
430;452;202607;202607;SMS     ;00; SENS;F;115;0,00;0,050000;5,75;0,22;0,00;5,97;;
;;;;;01;;;115;0,00;;5,75;0,22;0,00;5,97;;
430;453;202607;202607;SMS     ;00; SENS;F;1254;0,00;0,050000;62,70;2,38;0,00;65,08;;
;;;;;01;;;1254;0,00;;62,70;2,38;0,00;65,08;;
430;454;202607;202607;SMS     ;00; SENS;F;1322;0,00;0,050000;66,10;2,50;0,00;68,60;;
;;;;;01;;;1322;0,00;;66,10;2,50;0,00;68,60;;
430;455;202607;202607;SMS     ;00; SENS;F;274;0,00;0,050000;13,70;0,52;0,00;14,22;;
;;;;;01;;;274;0,00;;13,70;0,52;0,00;14,22;;
430;456;202607;202607;SMS     ;00; SENS;F;185;0,00;0,050000;9,25;0,35;0,00;9,60;;
;;;;;01;;;185;0,00;;9,25;0,35;0,00;9,60;;
430;457;202607;202607;SMS     ;00; SENS;F;495;0,00;0,050000;24,75;0,94;0,00;25,69;;
;;;;;01;;;495;0,00;;24,75;0,94;0,00;25,69;;
441;003;202607;202607;SMS     ;00; SENS;F;35;0,00;0,050000;1,75;0,07;0,00;1,82;;
;;;;;01;;;35;0,00;;1,75;0,07;0,00;1,82;;
441;004;202607;202607;SMS     ;00; SENS;F;46;0,00;0,050000;2,30;0,09;0,00;2,39;;
;;;;;01;;;46;0,00;;2,30;0,09;0,00;2,39;;
441;010;202607;202607;SMS     ;00; SENS;F;9470;0,00;0,050000;473,50;17,94;0,00;491,44;;
;;;;;01;;;9470;0,00;;473,50;17,94;0,00;491,44;;
441;020;202607;202607;SMS     ;00; SENS;F;1191;0,00;0,050000;59,55;2,26;0,00;61,81;;
;;;;;01;;;1191;0,00;;59,55;2,26;0,00;61,81;;
441;026;202607;202607;SMS     ;00; SENS;F;464;0,00;0,050000;23,20;0,88;0,00;24,08;;
;;;;;01;;;464;0,00;;23,20;0,88;0,00;24,08;;
441;030;202607;202607;SMS     ;00; SENS;F;1623;0,00;0,050000;81,15;3,07;0,00;84,22;;
;;;;;01;;;1623;0,00;;81,15;3,07;0,00;84,22;;
441;033;202607;202607;SMS     ;00; SENS;F;499;0,00;0,050000;24,95;0,95;0,00;25,90;;
;;;;;01;;;499;0,00;;24,95;0,95;0,00;25,90;;
441;036;202607;202607;SMS     ;00; SENS;F;311;0,00;0,050000;15,55;0,59;0,00;16,14;;
;;;;;01;;;311;0,00;;15,55;0,59;0,00;16,14;;
441;037;202607;202607;SMS     ;00; SENS;F;613;0,00;0,050000;30,65;1,16;0,00;31,81;;
;;;;;01;;;613;0,00;;30,65;1,16;0,00;31,81;;
441;038;202607;202607;SMS     ;00; SENS;F;66;0,00;0,050000;3,30;0,13;0,00;3,43;;
;;;;;01;;;66;0,00;;3,30;0,13;0,00;3,43;;
441;039;202607;202607;SMS     ;00; SENS;F;78;0,00;0,050000;3,90;0,15;0,00;4,05;;
;;;;;01;;;78;0,00;;3,90;0,15;0,00;4,05;;
441;044;202607;202607;SMS     ;00; SENS;F;71239;0,00;0,050000;3561,95;134,94;0,00;3696,89;;
;;;;;01;;;71239;0,00;;3561,95;134,94;0,00;3696,89;;
441;045;202607;202607;SMS     ;00; SENS;F;2376;0,00;0,050000;118,80;4,50;0,00;123,30;;
;;;;;01;;;2376;0,00;;118,80;4,50;0,00;123,30;;
441;050;202607;202607;SMS     ;00; SENS;F;1457;0,00;0,050000;72,85;2,76;0,00;75,61;;
;;;;;01;;;1457;0,00;;72,85;2,76;0,00;75,61;;
441;056;202607;202607;SMS     ;00; SENS;F;77;0,00;0,050000;3,85;0,15;0,00;4,00;;
;;;;;01;;;77;0,00;;3,85;0,15;0,00;4,00;;
441;060;202607;202607;SMS     ;00; SENS;F;251;0,00;0,050000;12,55;0,48;0,00;13,03;;
;;;;;01;;;251;0,00;;12,55;0,48;0,00;13,03;;
441;064;202607;202607;SMS     ;00; SENS;F;1580;0,00;0,050000;79,00;2,99;0,00;81,99;;
;;;;;01;;;1580;0,00;;79,00;2,99;0,00;81,99;;
441;066;202607;202607;SMS     ;00; SENS;F;637;0,00;0,050000;31,85;1,21;0,00;33,06;;
;;;;;01;;;637;0,00;;31,85;1,21;0,00;33,06;;
441;068;202607;202607;SMS     ;00; SENS;F;210;0,00;0,050000;10,50;0,40;0,00;10,90;;
;;;;;01;;;210;0,00;;10,50;0,40;0,00;10,90;;
441;070;202607;202607;SMS     ;00; SENS;F;751;0,00;0,050000;37,55;1,42;0,00;38,97;;
;;;;;01;;;751;0,00;;37,55;1,42;0,00;38,97;;
441;078;202607;202607;SMS     ;00; SENS;F;185;0,00;0,050000;9,25;0,35;0,00;9,60;;
;;;;;01;;;185;0,00;;9,25;0,35;0,00;9,60;;
441;452;202607;202607;SMS     ;00; SENS;F;95;0,00;0,050000;4,75;0,18;0,00;4,93;;
;;;;;01;;;95;0,00;;4,75;0,18;0,00;4,93;;
441;453;202607;202607;SMS     ;00; SENS;F;113;0,00;0,050000;5,65;0,21;0,00;5,86;;
;;;;;01;;;113;0,00;;5,65;0,21;0,00;5,86;;
441;454;202607;202607;SMS     ;00; SENS;F;83;0,00;0,050000;4,15;0,16;0,00;4,31;;
;;;;;01;;;83;0,00;;4,15;0,16;0,00;4,31;;
441;455;202607;202607;SMS     ;00; SENS;F;240;0,00;0,050000;12,00;0,45;0,00;12,45;;
;;;;;01;;;240;0,00;;12,00;0,45;0,00;12,45;;
441;456;202607;202607;SMS     ;00; SENS;F;30;0,00;0,050000;1,50;0,06;0,00;1,56;;
;;;;;01;;;30;0,00;;1,50;0,06;0,00;1,56;;
441;457;202607;202607;SMS     ;00; SENS;F;283;0,00;0,050000;14,15;0,54;0,00;14,69;;
;;;;;01;;;283;0,00;;14,15;0,54;0,00;14,69;;
447;003;202607;202607;SMS     ;00; SENS;F;178;0,00;0,050000;8,90;0,34;0,00;9,24;;
;;;;;01;;;178;0,00;;8,90;0,34;0,00;9,24;;
447;004;202607;202607;SMS     ;00; SENS;F;93;0,00;0,050000;4,65;0,18;0,00;4,83;;
;;;;;01;;;93;0,00;;4,65;0,18;0,00;4,83;;
447;010;202607;202607;SMS     ;00; SENS;F;5008;0,00;0,050000;250,40;9,49;0,00;259,89;;
;;;;;01;;;5008;0,00;;250,40;9,49;0,00;259,89;;
447;020;202607;202607;SMS     ;00; SENS;F;1097;0,00;0,050000;54,85;2,08;0,00;56,93;;
;;;;;01;;;1097;0,00;;54,85;2,08;0,00;56,93;;
447;026;202607;202607;SMS     ;00; SENS;F;482;0,00;0,050000;24,10;0,91;0,00;25,01;;
;;;;;01;;;482;0,00;;24,10;0,91;0,00;25,01;;
447;030;202607;202607;SMS     ;00; SENS;F;856;0,00;0,050000;42,80;1,62;0,00;44,42;;
;;;;;01;;;856;0,00;;42,80;1,62;0,00;44,42;;
447;033;202607;202607;SMS     ;00; SENS;F;727;0,00;0,050000;36,35;1,38;0,00;37,73;;
;;;;;01;;;727;0,00;;36,35;1,38;0,00;37,73;;
447;036;202607;202607;SMS     ;00; SENS;F;224;0,00;0,050000;11,20;0,42;0,00;11,62;;
;;;;;01;;;224;0,00;;11,20;0,42;0,00;11,62;;
447;037;202607;202607;SMS     ;00; SENS;F;670;0,00;0,050000;33,50;1,27;0,00;34,77;;
;;;;;01;;;670;0,00;;33,50;1,27;0,00;34,77;;
447;038;202607;202607;SMS     ;00; SENS;F;55;0,00;0,050000;2,75;0,10;0,00;2,85;;
;;;;;01;;;55;0,00;;2,75;0,10;0,00;2,85;;
447;039;202607;202607;SMS     ;00; SENS;F;138;0,00;0,050000;6,90;0,26;0,00;7,16;;
;;;;;01;;;138;0,00;;6,90;0,26;0,00;7,16;;
447;044;202607;202607;SMS     ;00; SENS;F;1539;0,00;0,050000;76,95;2,92;0,00;79,87;;
;;;;;01;;;1539;0,00;;76,95;2,92;0,00;79,87;;
447;045;202607;202607;SMS     ;00; SENS;F;57857;0,00;0,050000;2892,85;109,59;0,00;3002,44;;
;;;;;01;;;57857;0,00;;2892,85;109,59;0,00;3002,44;;
447;050;202607;202607;SMS     ;00; SENS;F;5675;0,00;0,050000;283,75;10,75;0,00;294,50;;
;;;;;01;;;5675;0,00;;283,75;10,75;0,00;294,50;;
447;056;202607;202607;SMS     ;00; SENS;F;17;0,00;0,050000;0,85;0,03;0,00;0,88;;
;;;;;01;;;17;0,00;;0,85;0,03;0,00;0,88;;
447;060;202607;202607;SMS     ;00; SENS;F;171;0,00;0,050000;8,55;0,32;0,00;8,87;;
;;;;;01;;;171;0,00;;8,55;0,32;0,00;8,87;;
447;064;202607;202607;SMS     ;00; SENS;F;486;0,00;0,050000;24,30;0,92;0,00;25,22;;
;;;;;01;;;486;0,00;;24,30;0,92;0,00;25,22;;
447;066;202607;202607;SMS     ;00; SENS;F;268;0,00;0,050000;13,40;0,51;0,00;13,91;;
;;;;;01;;;268;0,00;;13,40;0,51;0,00;13,91;;
447;068;202607;202607;SMS     ;00; SENS;F;189;0,00;0,050000;9,45;0,36;0,00;9,81;;
;;;;;01;;;189;0,00;;9,45;0,36;0,00;9,81;;
447;070;202607;202607;SMS     ;00; SENS;F;689;0,00;0,050000;34,45;1,31;0,00;35,76;;
;;;;;01;;;689;0,00;;34,45;1,31;0,00;35,76;;
447;078;202607;202607;SMS     ;00; SENS;F;362;0,00;0,050000;18,10;0,69;0,00;18,79;;
;;;;;01;;;362;0,00;;18,10;0,69;0,00;18,79;;
447;452;202607;202607;SMS     ;00; SENS;F;43;0,00;0,050000;2,15;0,08;0,00;2,23;;
;;;;;01;;;43;0,00;;2,15;0,08;0,00;2,23;;
447;453;202607;202607;SMS     ;00; SENS;F;294;0,00;0,050000;14,70;0,56;0,00;15,26;;
;;;;;01;;;294;0,00;;14,70;0,56;0,00;15,26;;
447;454;202607;202607;SMS     ;00; SENS;F;36;0,00;0,050000;1,80;0,07;0,00;1,87;;
;;;;;01;;;36;0,00;;1,80;0,07;0,00;1,87;;
447;455;202607;202607;SMS     ;00; SENS;F;197;0,00;0,050000;9,85;0,37;0,00;10,22;;
;;;;;01;;;197;0,00;;9,85;0,37;0,00;10,22;;
447;456;202607;202607;SMS     ;00; SENS;F;43;0,00;0,050000;2,15;0,08;0,00;2,23;;
;;;;;01;;;43;0,00;;2,15;0,08;0,00;2,23;;
447;457;202607;202607;SMS     ;00; SENS;F;561;0,00;0,050000;28,05;1,06;0,00;29,11;;
;;;;;01;;;561;0,00;;28,05;1,06;0,00;29,11;;
471;003;202607;202607;SMS     ;00; SENS;F;377;0,00;0,050000;18,85;0,71;0,00;19,56;;
;;;;;01;;;377;0,00;;18,85;0,71;0,00;19,56;;
471;004;202607;202607;SMS     ;00; SENS;F;28;0,00;0,050000;1,40;0,05;0,00;1,45;;
;;;;;01;;;28;0,00;;1,40;0,05;0,00;1,45;;
471;010;202607;202607;SMS     ;00; SENS;F;13986;0,00;0,050000;699,30;26,49;0,00;725,79;;
;;;;;01;;;13986;0,00;;699,30;26,49;0,00;725,79;;
471;020;202607;202607;SMS     ;00; SENS;F;2620;0,00;0,050000;131,00;4,96;0,00;135,96;;
;;;;;01;;;2620;0,00;;131,00;4,96;0,00;135,96;;
471;026;202607;202607;SMS     ;00; SENS;F;3266;0,00;0,050000;163,30;6,19;0,00;169,49;;
;;;;;01;;;3266;0,00;;163,30;6,19;0,00;169,49;;
471;030;202607;202607;SMS     ;00; SENS;F;4452;0,00;0,050000;222,60;8,43;0,00;231,03;;
;;;;;01;;;4452;0,00;;222,60;8,43;0,00;231,03;;
471;033;202607;202607;SMS     ;00; SENS;F;301;0,00;0,050000;15,05;0,57;0,00;15,62;;
;;;;;01;;;301;0,00;;15,05;0,57;0,00;15,62;;
471;036;202607;202607;SMS     ;00; SENS;F;47;0,00;0,050000;2,35;0,09;0,00;2,44;;
;;;;;01;;;47;0,00;;2,35;0,09;0,00;2,44;;
471;037;202607;202607;SMS     ;00; SENS;F;618;0,00;0,050000;30,90;1,17;0,00;32,07;;
;;;;;01;;;618;0,00;;30,90;1,17;0,00;32,07;;
471;038;202607;202607;SMS     ;00; SENS;F;32;0,00;0,050000;1,60;0,06;0,00;1,66;;
;;;;;01;;;32;0,00;;1,60;0,06;0,00;1,66;;
471;039;202607;202607;SMS     ;00; SENS;F;355;0,00;0,050000;17,75;0,67;0,00;18,42;;
;;;;;01;;;355;0,00;;17,75;0,67;0,00;18,42;;
471;044;202607;202607;SMS     ;00; SENS;F;472;0,00;0,050000;23,60;0,89;0,00;24,49;;
;;;;;01;;;472;0,00;;23,60;0,89;0,00;24,49;;
471;045;202607;202607;SMS     ;00; SENS;F;523;0,00;0,050000;26,15;0,99;0,00;27,14;;
;;;;;01;;;523;0,00;;26,15;0,99;0,00;27,14;;
471;050;202607;202607;SMS     ;00; SENS;F;1250;0,00;0,050000;62,50;2,37;0,00;64,87;;
;;;;;01;;;1250;0,00;;62,50;2,37;0,00;64,87;;
471;056;202607;202607;SMS     ;00; SENS;F;18;0,00;0,050000;0,90;0,03;0,00;0,93;;
;;;;;01;;;18;0,00;;0,90;0,03;0,00;0,93;;
471;060;202607;202607;SMS     ;00; SENS;F;897;0,00;0,050000;44,85;1,70;0,00;46,55;;
;;;;;01;;;897;0,00;;44,85;1,70;0,00;46,55;;
471;064;202607;202607;SMS     ;00; SENS;F;585;0,00;0,050000;29,25;1,11;0,00;30,36;;
;;;;;01;;;585;0,00;;29,25;1,11;0,00;30,36;;
471;066;202607;202607;SMS     ;00; SENS;F;219;0,00;0,050000;10,95;0,41;0,00;11,36;;
;;;;;01;;;219;0,00;;10,95;0,41;0,00;11,36;;
471;068;202607;202607;SMS     ;00; SENS;F;1188;0,00;0,050000;59,40;2,25;0,00;61,65;;
;;;;;01;;;1188;0,00;;59,40;2,25;0,00;61,65;;
471;070;202607;202607;SMS     ;00; SENS;F;209791;0,00;0,050000;10489,55;397,37;0,00;10886,92;;
;;;;;01;;;209791;0,00;;10489,55;397,37;0,00;10886,92;;
471;078;202607;202607;SMS     ;00; SENS;F;4599;0,00;0,050000;229,95;8,71;0,00;238,66;;
;;;;;01;;;4599;0,00;;229,95;8,71;0,00;238,66;;
471;452;202607;202607;SMS     ;00; SENS;F;582;0,00;0,050000;29,10;1,10;0,00;30,20;;
;;;;;01;;;582;0,00;;29,10;1,10;0,00;30,20;;
471;453;202607;202607;SMS     ;00; SENS;F;473;0,00;0,050000;23,65;0,90;0,00;24,55;;
;;;;;01;;;473;0,00;;23,65;0,90;0,00;24,55;;
471;454;202607;202607;SMS     ;00; SENS;F;264;0,00;0,050000;13,20;0,50;0,00;13,70;;
;;;;;01;;;264;0,00;;13,20;0,50;0,00;13,70;;
471;455;202607;202607;SMS     ;00; SENS;F;637;0,00;0,050000;31,85;1,21;0,00;33,06;;
;;;;;01;;;637;0,00;;31,85;1,21;0,00;33,06;;
471;456;202607;202607;SMS     ;00; SENS;F;363;0,00;0,050000;18,15;0,69;0,00;18,84;;
;;;;;01;;;363;0,00;;18,15;0,69;0,00;18,84;;
471;457;202607;202607;SMS     ;00; SENS;F;1757;0,00;0,050000;87,85;3,33;0,00;91,18;;
;;;;;01;;;1757;0,00;;87,85;3,33;0,00;91,18;;
479;004;202607;202607;SMS     ;00; SENS;F;1;0,00;0,050000;0,05;0,00;0,00;0,05;;
;;;;;01;;;1;0,00;;0,05;0,00;0,00;0,05;;
479;010;202607;202607;SMS     ;00; SENS;F;767;0,00;0,050000;38,35;1,45;0,00;39,80;;
;;;;;01;;;767;0,00;;38,35;1,45;0,00;39,80;;
479;020;202607;202607;SMS     ;00; SENS;F;158;0,00;0,050000;7,90;0,30;0,00;8,20;;
;;;;;01;;;158;0,00;;7,90;0,30;0,00;8,20;;
479;026;202607;202607;SMS     ;00; SENS;F;153;0,00;0,050000;7,65;0,29;0,00;7,94;;
;;;;;01;;;153;0,00;;7,65;0,29;0,00;7,94;;
479;030;202607;202607;SMS     ;00; SENS;F;356;0,00;0,050000;17,80;0,67;0,00;18,47;;
;;;;;01;;;356;0,00;;17,80;0,67;0,00;18,47;;
479;033;202607;202607;SMS     ;00; SENS;F;93;0,00;0,050000;4,65;0,18;0,00;4,83;;
;;;;;01;;;93;0,00;;4,65;0,18;0,00;4,83;;
479;036;202607;202607;SMS     ;00; SENS;F;4;0,00;0,050000;0,20;0,01;0,00;0,21;;
;;;;;01;;;4;0,00;;0,20;0,01;0,00;0,21;;
479;037;202607;202607;SMS     ;00; SENS;F;20;0,00;0,050000;1,00;0,04;0,00;1,04;;
;;;;;01;;;20;0,00;;1,00;0,04;0,00;1,04;;
479;038;202607;202607;SMS     ;00; SENS;F;146;0,00;0,050000;7,30;0,28;0,00;7,58;;
;;;;;01;;;146;0,00;;7,30;0,28;0,00;7,58;;
479;039;202607;202607;SMS     ;00; SENS;F;47;0,00;0,050000;2,35;0,09;0,00;2,44;;
;;;;;01;;;47;0,00;;2,35;0,09;0,00;2,44;;
479;044;202607;202607;SMS     ;00; SENS;F;482;0,00;0,050000;24,10;0,91;0,00;25,01;;
;;;;;01;;;482;0,00;;24,10;0,91;0,00;25,01;;
479;045;202607;202607;SMS     ;00; SENS;F;122;0,00;0,050000;6,10;0,23;0,00;6,33;;
;;;;;01;;;122;0,00;;6,10;0,23;0,00;6,33;;
479;050;202607;202607;SMS     ;00; SENS;F;39;0,00;0,050000;1,95;0,07;0,00;2,02;;
;;;;;01;;;39;0,00;;1,95;0,07;0,00;2,02;;
479;056;202607;202607;SMS     ;00; SENS;F;6;0,00;0,050000;0,30;0,01;0,00;0,31;;
;;;;;01;;;6;0,00;;0,30;0,01;0,00;0,31;;
479;060;202607;202607;SMS     ;00; SENS;F;26;0,00;0,050000;1,30;0,05;0,00;1,35;;
;;;;;01;;;26;0,00;;1,30;0,05;0,00;1,35;;
479;064;202607;202607;SMS     ;00; SENS;F;14;0,00;0,050000;0,70;0,03;0,00;0,73;;
;;;;;01;;;14;0,00;;0,70;0,03;0,00;0,73;;
479;066;202607;202607;SMS     ;00; SENS;F;164;0,00;0,050000;8,20;0,31;0,00;8,51;;
;;;;;01;;;164;0,00;;8,20;0,31;0,00;8,51;;
479;068;202607;202607;SMS     ;00; SENS;F;30;0,00;0,050000;1,50;0,06;0,00;1,56;;
;;;;;01;;;30;0,00;;1,50;0,06;0,00;1,56;;
479;070;202607;202607;SMS     ;00; SENS;F;1857;0,00;0,050000;92,85;3,52;0,00;96,37;;
;;;;;01;;;1857;0,00;;92,85;3,52;0,00;96,37;;
479;078;202607;202607;SMS     ;00; SENS;F;69661;0,00;0,050000;3483,05;131,95;0,00;3615,00;;
;;;;;01;;;69661;0,00;;3483,05;131,95;0,00;3615,00;;
479;452;202607;202607;SMS     ;00; SENS;F;1046;0,00;0,050000;52,30;1,98;0,00;54,28;;
;;;;;01;;;1046;0,00;;52,30;1,98;0,00;54,28;;
479;453;202607;202607;SMS     ;00; SENS;F;70;0,00;0,050000;3,50;0,13;0,00;3,63;;
;;;;;01;;;70;0,00;;3,50;0,13;0,00;3,63;;
479;454;202607;202607;SMS     ;00; SENS;F;8;0,00;0,050000;0,40;0,02;0,00;0,42;;
;;;;;01;;;8;0,00;;0,40;0,02;0,00;0,42;;
479;455;202607;202607;SMS     ;00; SENS;F;39;0,00;0,050000;1,95;0,07;0,00;2,02;;
;;;;;01;;;39;0,00;;1,95;0,07;0,00;2,02;;
479;456;202607;202607;SMS     ;00; SENS;F;5;0,00;0,050000;0,25;0,01;0,00;0,26;;
;;;;;01;;;5;0,00;;0,25;0,01;0,00;0,26;;
479;457;202607;202607;SMS     ;00; SENS;F;249;0,00;0,050000;12,45;0,47;0,00;12,92;;
;;;;;01;;;249;0,00;;12,45;0,47;0,00;12,92;;
490;003;202607;202607;SMS     ;00; SENS;F;35;0,00;0,050000;1,75;0,07;0,00;1,82;;
;;;;;01;;;35;0,00;;1,75;0,07;0,00;1,82;;
490;004;202607;202607;SMS     ;00; SENS;F;4;0,00;0,050000;0,20;0,01;0,00;0,21;;
;;;;;01;;;4;0,00;;0,20;0,01;0,00;0,21;;
490;010;202607;202607;SMS     ;00; SENS;F;350;0,00;0,050000;17,50;0,66;0,00;18,16;;
;;;;;01;;;350;0,00;;17,50;0,66;0,00;18,16;;
490;020;202607;202607;SMS     ;00; SENS;F;201;0,00;0,050000;10,05;0,38;0,00;10,43;;
;;;;;01;;;201;0,00;;10,05;0,38;0,00;10,43;;
490;026;202607;202607;SMS     ;00; SENS;F;20;0,00;0,050000;1,00;0,04;0,00;1,04;;
;;;;;01;;;20;0,00;;1,00;0,04;0,00;1,04;;
490;030;202607;202607;SMS     ;00; SENS;F;58;0,00;0,050000;2,90;0,11;0,00;3,01;;
;;;;;01;;;58;0,00;;2,90;0,11;0,00;3,01;;
490;033;202607;202607;SMS     ;00; SENS;F;362;0,00;0,050000;18,10;0,69;0,00;18,79;;
;;;;;01;;;362;0,00;;18,10;0,69;0,00;18,79;;
490;036;202607;202607;SMS     ;00; SENS;F;9;0,00;0,050000;0,45;0,02;0,00;0,47;;
;;;;;01;;;9;0,00;;0,45;0,02;0,00;0,47;;
490;037;202607;202607;SMS     ;00; SENS;F;692;0,00;0,050000;34,60;1,31;0,00;35,91;;
;;;;;01;;;692;0,00;;34,60;1,31;0,00;35,91;;
490;038;202607;202607;SMS     ;00; SENS;F;25253;0,00;0,050000;1262,65;47,83;0,00;1310,48;;
;;;;;01;;;25253;0,00;;1262,65;47,83;0,00;1310,48;;
490;039;202607;202607;SMS     ;00; SENS;F;23;0,00;0,050000;1,15;0,04;0,00;1,19;;
;;;;;01;;;23;0,00;;1,15;0,04;0,00;1,19;;
490;044;202607;202607;SMS     ;00; SENS;F;54;0,00;0,050000;2,70;0,10;0,00;2,80;;
;;;;;01;;;54;0,00;;2,70;0,10;0,00;2,80;;
490;045;202607;202607;SMS     ;00; SENS;F;13;0,00;0,050000;0,65;0,02;0,00;0,67;;
;;;;;01;;;13;0,00;;0,65;0,02;0,00;0,67;;
490;050;202607;202607;SMS     ;00; SENS;F;75;0,00;0,050000;3,75;0,14;0,00;3,89;;
;;;;;01;;;75;0,00;;3,75;0,14;0,00;3,89;;
490;056;202607;202607;SMS     ;00; SENS;F;5;0,00;0,050000;0,25;0,01;0,00;0,26;;
;;;;;01;;;5;0,00;;0,25;0,01;0,00;0,26;;
490;060;202607;202607;SMS     ;00; SENS;F;6;0,00;0,050000;0,30;0,01;0,00;0,31;;
;;;;;01;;;6;0,00;;0,30;0,01;0,00;0,31;;
490;064;202607;202607;SMS     ;00; SENS;F;71;0,00;0,050000;3,55;0,13;0,00;3,68;;
;;;;;01;;;71;0,00;;3,55;0,13;0,00;3,68;;
490;066;202607;202607;SMS     ;00; SENS;F;17;0,00;0,050000;0,85;0,03;0,00;0,88;;
;;;;;01;;;17;0,00;;0,85;0,03;0,00;0,88;;
490;068;202607;202607;SMS     ;00; SENS;F;53;0,00;0,050000;2,65;0,10;0,00;2,75;;
;;;;;01;;;53;0,00;;2,65;0,10;0,00;2,75;;
490;070;202607;202607;SMS     ;00; SENS;F;10;0,00;0,050000;0,50;0,02;0,00;0,52;;
;;;;;01;;;10;0,00;;0,50;0,02;0,00;0,52;;
490;078;202607;202607;SMS     ;00; SENS;F;11;0,00;0,050000;0,55;0,02;0,00;0,57;;
;;;;;01;;;11;0,00;;0,55;0,02;0,00;0,57;;
490;452;202607;202607;SMS     ;00; SENS;F;10;0,00;0,050000;0,50;0,02;0,00;0,52;;
;;;;;01;;;10;0,00;;0,50;0,02;0,00;0,52;;
490;453;202607;202607;SMS     ;00; SENS;F;50;0,00;0,050000;2,50;0,09;0,00;2,59;;
;;;;;01;;;50;0,00;;2,50;0,09;0,00;2,59;;
490;454;202607;202607;SMS     ;00; SENS;F;7;0,00;0,050000;0,35;0,01;0,00;0,36;;
;;;;;01;;;7;0,00;;0,35;0,01;0,00;0,36;;
490;455;202607;202607;SMS     ;00; SENS;F;24;0,00;0,050000;1,20;0,05;0,00;1,25;;
;;;;;01;;;24;0,00;;1,20;0,05;0,00;1,25;;
490;456;202607;202607;SMS     ;00; SENS;F;17;0,00;0,050000;0,85;0,03;0,00;0,88;;
;;;;;01;;;17;0,00;;0,85;0,03;0,00;0,88;;
490;457;202607;202607;SMS     ;00; SENS;F;2;0,00;0,050000;0,10;0,00;0,00;0,10;;
;;;;;01;;;2;0,00;;0,10;0,00;0,00;0,10;;
493;003;202607;202607;SMS     ;00; SENS;F;394;0,00;0,050000;19,70;0,75;0,00;20,45;;
;;;;;01;;;394;0,00;;19,70;0,75;0,00;20,45;;
493;004;202607;202607;SMS     ;00; SENS;F;307;0,00;0,050000;15,35;0,58;0,00;15,93;;
;;;;;01;;;307;0,00;;15,35;0,58;0,00;15,93;;
493;010;202607;202607;SMS     ;00; SENS;F;3737;0,00;0,050000;186,85;7,08;0,00;193,93;;
;;;;;01;;;3737;0,00;;186,85;7,08;0,00;193,93;;
493;020;202607;202607;SMS     ;00; SENS;F;781;0,00;0,050000;39,05;1,48;0,00;40,53;;
;;;;;01;;;781;0,00;;39,05;1,48;0,00;40,53;;
493;026;202607;202607;SMS     ;00; SENS;F;820;0,00;0,050000;41,00;1,55;0,00;42,55;;
;;;;;01;;;820;0,00;;41,00;1,55;0,00;42,55;;
493;030;202607;202607;SMS     ;00; SENS;F;1083;0,00;0,050000;54,15;2,05;0,00;56,20;;
;;;;;01;;;1083;0,00;;54,15;2,05;0,00;56,20;;
493;033;202607;202607;SMS     ;00; SENS;F;321521;0,00;0,050000;16076,05;609,00;0,00;16685,05;;
;;;;;01;;;321521;0,00;;16076,05;609,00;0,00;16685,05;;
493;036;202607;202607;SMS     ;00; SENS;F;1608;0,00;0,050000;80,40;3,05;0,00;83,45;;
;;;;;01;;;1608;0,00;;80,40;3,05;0,00;83,45;;
493;037;202607;202607;SMS     ;00; SENS;F;5018;0,00;0,050000;250,90;9,50;0,00;260,40;;
;;;;;01;;;5018;0,00;;250,90;9,50;0,00;260,40;;
493;038;202607;202607;SMS     ;00; SENS;F;97;0,00;0,050000;4,85;0,18;0,00;5,03;;
;;;;;01;;;97;0,00;;4,85;0,18;0,00;5,03;;
493;039;202607;202607;SMS     ;00; SENS;F;428;0,00;0,050000;21,40;0,81;0,00;22,21;;
;;;;;01;;;428;0,00;;21,40;0,81;0,00;22,21;;
493;044;202607;202607;SMS     ;00; SENS;F;1082;0,00;0,050000;54,10;2,05;0,00;56,15;;
;;;;;01;;;1082;0,00;;54,10;2,05;0,00;56,15;;
493;045;202607;202607;SMS     ;00; SENS;F;420;0,00;0,050000;21,00;0,80;0,00;21,80;;
;;;;;01;;;420;0,00;;21,00;0,80;0,00;21,80;;
493;050;202607;202607;SMS     ;00; SENS;F;555;0,00;0,050000;27,75;1,05;0,00;28,80;;
;;;;;01;;;555;0,00;;27,75;1,05;0,00;28,80;;
493;056;202607;202607;SMS     ;00; SENS;F;1;0,00;0,050000;0,05;0,00;0,00;0,05;;
;;;;;01;;;1;0,00;;0,05;0,00;0,00;0,05;;
493;060;202607;202607;SMS     ;00; SENS;F;199;0,00;0,050000;9,95;0,38;0,00;10,33;;
;;;;;01;;;199;0,00;;9,95;0,38;0,00;10,33;;
493;064;202607;202607;SMS     ;00; SENS;F;571;0,00;0,050000;28,55;1,08;0,00;29,63;;
;;;;;01;;;571;0,00;;28,55;1,08;0,00;29,63;;
493;066;202607;202607;SMS     ;00; SENS;F;243;0,00;0,050000;12,15;0,46;0,00;12,61;;
;;;;;01;;;243;0,00;;12,15;0,46;0,00;12,61;;
493;068;202607;202607;SMS     ;00; SENS;F;77;0,00;0,050000;3,85;0,15;0,00;4,00;;
;;;;;01;;;77;0,00;;3,85;0,15;0,00;4,00;;
493;070;202607;202607;SMS     ;00; SENS;F;298;0,00;0,050000;14,90;0,56;0,00;15,46;;
;;;;;01;;;298;0,00;;14,90;0,56;0,00;15,46;;
493;078;202607;202607;SMS     ;00; SENS;F;86;0,00;0,050000;4,30;0,16;0,00;4,46;;
;;;;;01;;;86;0,00;;4,30;0,16;0,00;4,46;;
493;452;202607;202607;SMS     ;00; SENS;F;19;0,00;0,050000;0,95;0,04;0,00;0,99;;
;;;;;01;;;19;0,00;;0,95;0,04;0,00;0,99;;
493;453;202607;202607;SMS     ;00; SENS;F;79;0,00;0,050000;3,95;0,15;0,00;4,10;;
;;;;;01;;;79;0,00;;3,95;0,15;0,00;4,10;;
493;454;202607;202607;SMS     ;00; SENS;F;81;0,00;0,050000;4,05;0,15;0,00;4,20;;
;;;;;01;;;81;0,00;;4,05;0,15;0,00;4,20;;
493;455;202607;202607;SMS     ;00; SENS;F;371;0,00;0,050000;18,55;0,70;0,00;19,25;;
;;;;;01;;;371;0,00;;18,55;0,70;0,00;19,25;;
493;456;202607;202607;SMS     ;00; SENS;F;61;0,00;0,050000;3,05;0,12;0,00;3,17;;
;;;;;01;;;61;0,00;;3,05;0,12;0,00;3,17;;
493;457;202607;202607;SMS     ;00; SENS;F;257;0,00;0,050000;12,85;0,49;0,00;13,34;;
;;;;;01;;;257;0,00;;12,85;0,49;0,00;13,34;;
494;003;202607;202607;SMS     ;00; SENS;F;37;0,00;0,050000;1,85;0,07;0,00;1,92;;
;;;;;01;;;37;0,00;;1,85;0,07;0,00;1,92;;
494;004;202607;202607;SMS     ;00; SENS;F;25;0,00;0,050000;1,25;0,05;0,00;1,30;;
;;;;;01;;;25;0,00;;1,25;0,05;0,00;1,30;;
494;010;202607;202607;SMS     ;00; SENS;F;4082;0,00;0,050000;204,10;7,73;0,00;211,83;;
;;;;;01;;;4082;0,00;;204,10;7,73;0,00;211,83;;
494;020;202607;202607;SMS     ;00; SENS;F;1343;0,00;0,050000;67,15;2,54;0,00;69,69;;
;;;;;01;;;1343;0,00;;67,15;2,54;0,00;69,69;;
494;026;202607;202607;SMS     ;00; SENS;F;391;0,00;0,050000;19,55;0,74;0,00;20,29;;
;;;;;01;;;391;0,00;;19,55;0,74;0,00;20,29;;
494;030;202607;202607;SMS     ;00; SENS;F;1039;0,00;0,050000;51,95;1,97;0,00;53,92;;
;;;;;01;;;1039;0,00;;51,95;1,97;0,00;53,92;;
494;033;202607;202607;SMS     ;00; SENS;F;1760;0,00;0,050000;88,00;3,33;0,00;91,33;;
;;;;;01;;;1760;0,00;;88,00;3,33;0,00;91,33;;
494;036;202607;202607;SMS     ;00; SENS;F;93;0,00;0,050000;4,65;0,18;0,00;4,83;;
;;;;;01;;;93;0,00;;4,65;0,18;0,00;4,83;;
494;037;202607;202607;SMS     ;00; SENS;F;139871;0,00;0,050000;6993,55;264,93;0,00;7258,48;;
;;;;;01;;;139871;0,00;;6993,55;264,93;0,00;7258,48;;
494;038;202607;202607;SMS     ;00; SENS;F;1924;0,00;0,050000;96,20;3,64;0,00;99,84;;
;;;;;01;;;1924;0,00;;96,20;3,64;0,00;99,84;;
494;039;202607;202607;SMS     ;00; SENS;F;2650;0,00;0,050000;132,50;5,02;0,00;137,52;;
;;;;;01;;;2650;0,00;;132,50;5,02;0,00;137,52;;
494;044;202607;202607;SMS     ;00; SENS;F;390;0,00;0,050000;19,50;0,74;0,00;20,24;;
;;;;;01;;;390;0,00;;19,50;0,74;0,00;20,24;;
494;045;202607;202607;SMS     ;00; SENS;F;1802;0,00;0,050000;90,10;3,41;0,00;93,51;;
;;;;;01;;;1802;0,00;;90,10;3,41;0,00;93,51;;
494;050;202607;202607;SMS     ;00; SENS;F;662;0,00;0,050000;33,10;1,25;0,00;34,35;;
;;;;;01;;;662;0,00;;33,10;1,25;0,00;34,35;;
494;056;202607;202607;SMS     ;00; SENS;F;726;0,00;0,050000;36,30;1,38;0,00;37,68;;
;;;;;01;;;726;0,00;;36,30;1,38;0,00;37,68;;
494;060;202607;202607;SMS     ;00; SENS;F;229;0,00;0,050000;11,45;0,43;0,00;11,88;;
;;;;;01;;;229;0,00;;11,45;0,43;0,00;11,88;;
494;064;202607;202607;SMS     ;00; SENS;F;615;0,00;0,050000;30,75;1,16;0,00;31,91;;
;;;;;01;;;615;0,00;;30,75;1,16;0,00;31,91;;
494;066;202607;202607;SMS     ;00; SENS;F;139;0,00;0,050000;6,95;0,26;0,00;7,21;;
;;;;;01;;;139;0,00;;6,95;0,26;0,00;7,21;;
494;068;202607;202607;SMS     ;00; SENS;F;720;0,00;0,050000;36,00;1,36;0,00;37,36;;
;;;;;01;;;720;0,00;;36,00;1,36;0,00;37,36;;
494;070;202607;202607;SMS     ;00; SENS;F;355;0,00;0,050000;17,75;0,67;0,00;18,42;;
;;;;;01;;;355;0,00;;17,75;0,67;0,00;18,42;;
494;078;202607;202607;SMS     ;00; SENS;F;93;0,00;0,050000;4,65;0,18;0,00;4,83;;
;;;;;01;;;93;0,00;;4,65;0,18;0,00;4,83;;
494;452;202607;202607;SMS     ;00; SENS;F;37;0,00;0,050000;1,85;0,07;0,00;1,92;;
;;;;;01;;;37;0,00;;1,85;0,07;0,00;1,92;;
494;453;202607;202607;SMS     ;00; SENS;F;181;0,00;0,050000;9,05;0,34;0,00;9,39;;
;;;;;01;;;181;0,00;;9,05;0,34;0,00;9,39;;
494;454;202607;202607;SMS     ;00; SENS;F;29;0,00;0,050000;1,45;0,05;0,00;1,50;;
;;;;;01;;;29;0,00;;1,45;0,05;0,00;1,50;;
494;455;202607;202607;SMS     ;00; SENS;F;814;0,00;0,050000;40,70;1,54;0,00;42,24;;
;;;;;01;;;814;0,00;;40,70;1,54;0,00;42,24;;
494;456;202607;202607;SMS     ;00; SENS;F;154;0,00;0,050000;7,70;0,29;0,00;7,99;;
;;;;;01;;;154;0,00;;7,70;0,29;0,00;7,99;;
494;457;202607;202607;SMS     ;00; SENS;F;531;0,00;0,050000;26,55;1,01;0,00;27,56;;
;;;;;01;;;531;0,00;;26,55;1,01;0,00;27,56;;
497;003;202607;202607;SMS     ;00; SENS;F;50;0,00;0,050000;2,50;0,09;0,00;2,59;;
;;;;;01;;;50;0,00;;2,50;0,09;0,00;2,59;;
497;004;202607;202607;SMS     ;00; SENS;F;23;0,00;0,050000;1,15;0,04;0,00;1,19;;
;;;;;01;;;23;0,00;;1,15;0,04;0,00;1,19;;
497;010;202607;202607;SMS     ;00; SENS;F;357;0,00;0,050000;17,85;0,68;0,00;18,53;;
;;;;;01;;;357;0,00;;17,85;0,68;0,00;18,53;;
497;020;202607;202607;SMS     ;00; SENS;F;288;0,00;0,050000;14,40;0,55;0,00;14,95;;
;;;;;01;;;288;0,00;;14,40;0,55;0,00;14,95;;
497;026;202607;202607;SMS     ;00; SENS;F;29;0,00;0,050000;1,45;0,05;0,00;1,50;;
;;;;;01;;;29;0,00;;1,45;0,05;0,00;1,50;;
497;030;202607;202607;SMS     ;00; SENS;F;180;0,00;0,050000;9,00;0,34;0,00;9,34;;
;;;;;01;;;180;0,00;;9,00;0,34;0,00;9,34;;
497;033;202607;202607;SMS     ;00; SENS;F;683;0,00;0,050000;34,15;1,29;0,00;35,44;;
;;;;;01;;;683;0,00;;34,15;1,29;0,00;35,44;;
497;036;202607;202607;SMS     ;00; SENS;F;15644;0,00;0,050000;782,20;29,63;0,00;811,83;;
;;;;;01;;;15644;0,00;;782,20;29,63;0,00;811,83;;
497;037;202607;202607;SMS     ;00; SENS;F;164;0,00;0,050000;8,20;0,31;0,00;8,51;;
;;;;;01;;;164;0,00;;8,20;0,31;0,00;8,51;;
497;038;202607;202607;SMS     ;00; SENS;F;45;0,00;0,050000;2,25;0,09;0,00;2,34;;
;;;;;01;;;45;0,00;;2,25;0,09;0,00;2,34;;
497;039;202607;202607;SMS     ;00; SENS;F;28;0,00;0,050000;1,40;0,05;0,00;1,45;;
;;;;;01;;;28;0,00;;1,40;0,05;0,00;1,45;;
497;044;202607;202607;SMS     ;00; SENS;F;229;0,00;0,050000;11,45;0,43;0,00;11,88;;
;;;;;01;;;229;0,00;;11,45;0,43;0,00;11,88;;
497;045;202607;202607;SMS     ;00; SENS;F;748;0,00;0,050000;37,40;1,42;0,00;38,82;;
;;;;;01;;;748;0,00;;37,40;1,42;0,00;38,82;;
497;050;202607;202607;SMS     ;00; SENS;F;295;0,00;0,050000;14,75;0,56;0,00;15,31;;
;;;;;01;;;295;0,00;;14,75;0,56;0,00;15,31;;
497;056;202607;202607;SMS     ;00; SENS;F;3;0,00;0,050000;0,15;0,01;0,00;0,16;;
;;;;;01;;;3;0,00;;0,15;0,01;0,00;0,16;;
497;060;202607;202607;SMS     ;00; SENS;F;10;0,00;0,050000;0,50;0,02;0,00;0,52;;
;;;;;01;;;10;0,00;;0,50;0,02;0,00;0,52;;
497;064;202607;202607;SMS     ;00; SENS;F;173;0,00;0,050000;8,65;0,33;0,00;8,98;;
;;;;;01;;;173;0,00;;8,65;0,33;0,00;8,98;;
497;066;202607;202607;SMS     ;00; SENS;F;25;0,00;0,050000;1,25;0,05;0,00;1,30;;
;;;;;01;;;25;0,00;;1,25;0,05;0,00;1,30;;
497;068;202607;202607;SMS     ;00; SENS;F;490;0,00;0,050000;24,50;0,93;0,00;25,43;;
;;;;;01;;;490;0,00;;24,50;0,93;0,00;25,43;;
497;070;202607;202607;SMS     ;00; SENS;F;42;0,00;0,050000;2,10;0,08;0,00;2,18;;
;;;;;01;;;42;0,00;;2,10;0,08;0,00;2,18;;
497;078;202607;202607;SMS     ;00; SENS;F;3;0,00;0,050000;0,15;0,01;0,00;0,16;;
;;;;;01;;;3;0,00;;0,15;0,01;0,00;0,16;;
497;452;202607;202607;SMS     ;00; SENS;F;1;0,00;0,050000;0,05;0,00;0,00;0,05;;
;;;;;01;;;1;0,00;;0,05;0,00;0,00;0,05;;
497;453;202607;202607;SMS     ;00; SENS;F;35;0,00;0,050000;1,75;0,07;0,00;1,82;;
;;;;;01;;;35;0,00;;1,75;0,07;0,00;1,82;;
497;454;202607;202607;SMS     ;00; SENS;F;15;0,00;0,050000;0,75;0,03;0,00;0,78;;
;;;;;01;;;15;0,00;;0,75;0,03;0,00;0,78;;
497;455;202607;202607;SMS     ;00; SENS;F;14;0,00;0,050000;0,70;0,03;0,00;0,73;;
;;;;;01;;;14;0,00;;0,70;0,03;0,00;0,73;;
497;456;202607;202607;SMS     ;00; SENS;F;1;0,00;0,050000;0,05;0,00;0,00;0,05;;
;;;;;01;;;1;0,00;;0,05;0,00;0,00;0,05;;
497;457;202607;202607;SMS     ;00; SENS;F;2;0,00;0,050000;0,10;0,00;0,00;0,10;;
;;;;;01;;;2;0,00;;0,10;0,00;0,00;0,10;;
499;003;202607;202607;SMS     ;00; SENS;F;25;0,00;0,050000;1,25;0,05;0,00;1,30;;
;;;;;01;;;25;0,00;;1,25;0,05;0,00;1,30;;
499;004;202607;202607;SMS     ;00; SENS;F;50;0,00;0,050000;2,50;0,09;0,00;2,59;;
;;;;;01;;;50;0,00;;2,50;0,09;0,00;2,59;;
499;010;202607;202607;SMS     ;00; SENS;F;3613;0,00;0,050000;180,65;6,84;0,00;187,49;;
;;;;;01;;;3613;0,00;;180,65;6,84;0,00;187,49;;
499;020;202607;202607;SMS     ;00; SENS;F;1471;0,00;0,050000;73,55;2,79;0,00;76,34;;
;;;;;01;;;1471;0,00;;73,55;2,79;0,00;76,34;;
499;026;202607;202607;SMS     ;00; SENS;F;482;0,00;0,050000;24,10;0,91;0,00;25,01;;
;;;;;01;;;482;0,00;;24,10;0,91;0,00;25,01;;
499;030;202607;202607;SMS     ;00; SENS;F;1475;0,00;0,050000;73,75;2,79;0,00;76,54;;
;;;;;01;;;1475;0,00;;73,75;2,79;0,00;76,54;;
499;033;202607;202607;SMS     ;00; SENS;F;591;0,00;0,050000;29,55;1,12;0,00;30,67;;
;;;;;01;;;591;0,00;;29,55;1,12;0,00;30,67;;
499;036;202607;202607;SMS     ;00; SENS;F;90;0,00;0,050000;4,50;0,17;0,00;4,67;;
;;;;;01;;;90;0,00;;4,50;0,17;0,00;4,67;;
499;037;202607;202607;SMS     ;00; SENS;F;3659;0,00;0,050000;182,95;6,93;0,00;189,88;;
;;;;;01;;;3659;0,00;;182,95;6,93;0,00;189,88;;
499;038;202607;202607;SMS     ;00; SENS;F;133;0,00;0,050000;6,65;0,25;0,00;6,90;;
;;;;;01;;;133;0,00;;6,65;0,25;0,00;6,90;;
499;039;202607;202607;SMS     ;00; SENS;F;112644;0,00;0,050000;5632,20;213,36;0,00;5845,56;;
;;;;;01;;;112644;0,00;;5632,20;213,36;0,00;5845,56;;
499;044;202607;202607;SMS     ;00; SENS;F;413;0,00;0,050000;20,65;0,78;0,00;21,43;;
;;;;;01;;;413;0,00;;20,65;0,78;0,00;21,43;;
499;045;202607;202607;SMS     ;00; SENS;F;232;0,00;0,050000;11,60;0,44;0,00;12,04;;
;;;;;01;;;232;0,00;;11,60;0,44;0,00;12,04;;
499;050;202607;202607;SMS     ;00; SENS;F;566;0,00;0,050000;28,30;1,07;0,00;29,37;;
;;;;;01;;;566;0,00;;28,30;1,07;0,00;29,37;;
499;056;202607;202607;SMS     ;00; SENS;F;383;0,00;0,050000;19,15;0,73;0,00;19,88;;
;;;;;01;;;383;0,00;;19,15;0,73;0,00;19,88;;
499;060;202607;202607;SMS     ;00; SENS;F;726;0,00;0,050000;36,30;1,38;0,00;37,68;;
;;;;;01;;;726;0,00;;36,30;1,38;0,00;37,68;;
499;064;202607;202607;SMS     ;00; SENS;F;711;0,00;0,050000;35,55;1,35;0,00;36,90;;
;;;;;01;;;711;0,00;;35,55;1,35;0,00;36,90;;
499;066;202607;202607;SMS     ;00; SENS;F;338;0,00;0,050000;16,90;0,64;0,00;17,54;;
;;;;;01;;;338;0,00;;16,90;0,64;0,00;17,54;;
499;068;202607;202607;SMS     ;00; SENS;F;665;0,00;0,050000;33,25;1,26;0,00;34,51;;
;;;;;01;;;665;0,00;;33,25;1,26;0,00;34,51;;
499;070;202607;202607;SMS     ;00; SENS;F;537;0,00;0,050000;26,85;1,02;0,00;27,87;;
;;;;;01;;;537;0,00;;26,85;1,02;0,00;27,87;;
499;078;202607;202607;SMS     ;00; SENS;F;296;0,00;0,050000;14,80;0,56;0,00;15,36;;
;;;;;01;;;296;0,00;;14,80;0,56;0,00;15,36;;
499;452;202607;202607;SMS     ;00; SENS;F;376;0,00;0,050000;18,80;0,71;0,00;19,51;;
;;;;;01;;;376;0,00;;18,80;0,71;0,00;19,51;;
499;453;202607;202607;SMS     ;00; SENS;F;181;0,00;0,050000;9,05;0,34;0,00;9,39;;
;;;;;01;;;181;0,00;;9,05;0,34;0,00;9,39;;
499;454;202607;202607;SMS     ;00; SENS;F;15;0,00;0,050000;0,75;0,03;0,00;0,78;;
;;;;;01;;;15;0,00;;0,75;0,03;0,00;0,78;;
499;455;202607;202607;SMS     ;00; SENS;F;1130;0,00;0,050000;56,50;2,14;0,00;58,64;;
;;;;;01;;;1130;0,00;;56,50;2,14;0,00;58,64;;
499;456;202607;202607;SMS     ;00; SENS;F;983;0,00;0,050000;49,15;1,86;0,00;51,01;;
;;;;;01;;;983;0,00;;49,15;1,86;0,00;51,01;;
499;457;202607;202607;SMS     ;00; SENS;F;228;0,00;0,050000;11,40;0,43;0,00;11,83;;
;;;;;01;;;228;0,00;;11,40;0,43;0,00;11,83;;
;;;;;01;;;5969881;0,00;;298494,05;11307,82;0,00;309801,87;;
