Credora;Devedora;Período de referência;Período de tráfego;POI;Tipo;Descritor;GH;Quantidade de chamadas;Duração;Tarifa;Valor líquido;Pis/Cofins;ICMS;Valor Bruto
E90;11;202607;202607;SP_VV08;0;GS3L;N;1;1,4;0,0061;0,01;0;0;0,01
E90;11;202607;202607;VV_SP19A;0;GS8L;N;2;4,5;0,0061;0,03;0;0,01;0,04
E90;11;202607;202607;VV_SP15A;0;NENL;R;23;14,9;0,00427;0,06;0;0,01;0,07
E90;11;202607;202607;SP_VV06;0;GS3L;N;4;31,2;0,0061;0,19;0,01;0,04;0,24
E90;11;202607;202607;SP_VV08;0;GS8L;R;39;88,6;0,00427;0,38;0,01;0,08;0,47
E90;11;202607;202607;SP_VV06;0;GS8L;R;38;104,7;0,00427;0,45;0,02;0,1;0,57
E90;11;202607;202607;VV_SP15A;0;GS8L;N;4;82;0,0061;0,5;0,02;0,11;0,63
E90;11;202607;202607;VV_SP19A;0;NENL;R;140;177,6;0,00427;0,76;0,03;0,17;0,96
E90;11;202607;202607;VV_SP11A;0;NENL;R;347;1.156,91;0,00427;4,94;0,18;1,08;6,2
E90;11;202607;202607;SP_VV08;0;NENL;R;330;1.208,43;0,00427;5,16;0,19;1,13;6,48
E90;11;202607;202607;SP_VV06;0;NENL;R;316;1.309,13;0,00427;5,59;0,2;1,23;7,02
E90;11;202607;202607;SP_VV08;0;GS8L;N;446;2.081,97;0,0061;12,7;0,46;2,79;15,95
E90;11;202607;202607;SP_VV06;0;GS8L;N;464;2.226,23;0,0061;13,58;0,5;2,98;17,06
E90;11;202607;202607;VV_SP15A;0;NENL;N;2601;3.296,72;0,0061;20,11;0,73;4,42;25,26
E90;11;202607;202607;VV_SP19A;0;NENL;N;2626;7.193,44;0,0061;43,88;1,6;9,63;55,11
E90;11;202607;202607;VV_SP11A;0;NENL;N;8429;23.685,25;0,0061;144,48;5,27;31,72;181,47
E90;11;202607;202607;SP_VV06;0;NENL;N;9905;27.701,64;0,0061;168,98;6,16;37,09;212,23
E90;11;202607;202607;SP_VV08;0;NENL;N;10658;27.734,43;0,0061;169,18;6,17;37,14;212,49
E91;11;202607;202607;RS_VV07;0;GS8L;N;2;2;0,00608;0,01;0;0;0,01
E91;11;202607;202607;OI_RS55;0;NENL;R;4;6,9;0,00425;0,03;0;0,01;0,04
E91;11;202607;202607;OI_RS54;0;NENL;N;6;6,4;0,00608;0,04;0;0,01;0,05
E91;11;202607;202607;OI_RS53;0;NENL;R;13;11,8;0,00425;0,05;0;0,01;0,06
E91;11;202607;202607;RS_VV09;0;GS8L;N;1;11,4;0,00608;0,07;0;0,02;0,09
E91;11;202607;202607;RS51_OI01;0;NENL;N;19;14,5;0,00608;0,09;0;0,02;0,11
E91;11;202607;202607;RS53_OI01;0;NENL;N;10;21,3;0,00608;0,13;0;0,03;0,16
E91;11;202607;202607;RS_VV09;0;NENL;R;49;43,8;0,00425;0,19;0,01;0,04;0,24
E91;11;202607;202607;RS_VV07;0;NENL;R;44;88,3;0,00425;0,38;0,01;0,08;0,47
E91;11;202607;202607;OI_RS51;0;NENL;N;123;88,8;0,00608;0,54;0,02;0,12;0,68
E91;11;202607;202607;RS55_OI01;0;NENL;N;28;93;0,00608;0,57;0,02;0,12;0,71
E91;11;202607;202607;OI_RS53;0;NENL;N;142;302,63;0,00608;1,84;0,07;0,4;2,31
E91;11;202607;202607;OI_RS55;0;NENL;N;241;460,53;0,00608;2,8;0,1;0,61;3,51
E91;11;202607;202607;RS51_OI01;0;GS8L;N;141;560,86;0,00608;3,41;0,12;0,75;4,28
E91;11;202607;202607;RS_OI01;0;GS8L;N;240;963,82;0,00608;5,86;0,21;1,29;7,36
E91;11;202607;202607;RS_VV09;0;NENL;N;1828;4.449,01;0,00608;27,05;0,99;5,94;33,98
E91;11;202607;202607;RS_VV07;0;NENL;N;1872;4.521,38;0,00608;27,49;1;6,04;34,53
E92;11;202607;202607;MG31_OI01;0;NENL;R;1;3;0,00423;0,01;0;0;0,01
E92;11;202607;202607;MG34_OI01;0;NENL;R;2;1,6;0,00423;0,01;0;0;0,01
E92;11;202607;202607;OI_MG33;0;NENL;R;1;4,3;0,00423;0,02;0;0;0,02
E92;11;202607;202607;MG_OI01;0;GS8L;R;3;8,2;0,00423;0,03;0;0,01;0,04
E92;11;202607;202607;OI_MG38;0;GS8L;N;1;5,3;0,00605;0,03;0;0,01;0,04
E92;11;202607;202607;MG_VV09;0;GS8L;R;18;20,7;0,00423;0,09;0;0,02;0,11
E92;11;202607;202607;MG37_OI01;0;NENL;N;10;17,3;0,00605;0,1;0;0,02;0,12
E92;11;202607;202607;OI_MG31;0;NENL;R;20;39,1;0,00423;0,17;0,01;0,04;0,22
E92;11;202607;202607;MG35_OI01;0;NENL;R;13;55;0,00423;0,23;0,01;0,05;0,29
E92;11;202607;202607;MG_VV07;0;GS3L;N;6;38;0,00605;0,23;0,01;0,05;0,29
E92;11;202607;202607;MG33_OI01;0;NENL;N;30;57;0,00605;0,34;0,01;0,08;0,43
E92;11;202607;202607;MG34_OI01;0;NENL;N;48;66,8;0,00605;0,4;0,01;0,09;0,5
E92;11;202607;202607;MG_VV09;0;GS3L;N;4;68,6;0,00605;0,42;0,02;0,09;0,53
E92;11;202607;202607;OI_MG37;0;NENL;N;75;83;0,00605;0,5;0,02;0,11;0,63
E92;11;202607;202607;MG31_OI01;0;NENL;N;37;97,8;0,00605;0,59;0,02;0,13;0,74
E92;11;202607;202607;MG_VV07;0;GS8L;R;74;147,1;0,00423;0,62;0,02;0,14;0,78
E92;11;202607;202607;OI_MG32;0;NENL;R;40;193,7;0,00423;0,82;0,03;0,18;1,03
E92;11;202607;202607;OI_MG37;0;GS8L;N;36;149;0,00605;0,9;0,03;0,2;1,13
E92;11;202607;202607;MG31_OI01;0;GS8L;N;24;160,33;0,00605;0,97;0,04;0,21;1,22
E92;11;202607;202607;MG_OI01;0;GS8L;N;23;176,86;0,00605;1,07;0,04;0,24;1,35
E92;11;202607;202607;OI_MG38;0;NENL;R;83;260,05;0,00423;1,1;0,04;0,24;1,38
E92;11;202607;202607;OI_MG34;0;NENL;N;144;206,61;0,00605;1,25;0,05;0,28;1,58
E92;11;202607;202607;OI_MG31;0;GS8L;N;61;353,72;0,00605;2,14;0,08;0,47;2,69
E92;11;202607;202607;OI_MG35;0;NENL;R;277;756,5;0,00423;3,2;0,12;0,7;4,02
E92;11;202607;202607;OI_MG33;0;NENL;N;221;590,08;0,00605;3,57;0,13;0,78;4,48
E92;11;202607;202607;MG32_OI01;0;NENL;N;286;900,83;0,00605;5,45;0,2;1,2;6,85
E92;11;202607;202607;OI_MG31;0;NENL;N;584;1.046,28;0,00605;6,33;0,23;1,39;7,95
E92;11;202607;202607;MG38_OI01;0;NENL;N;428;1.390,08;0,00605;8,41;0,31;1,85;10,57
E92;11;202607;202607;MG_VV07;0;NENL;R;1036;2.567,38;0,00423;10,86;0,4;2,38;13,64
E92;11;202607;202607;MG_VV09;0;NENL;R;1029;2.645,39;0,00423;11,19;0,41;2,46;14,06
E92;11;202607;202607;MG35_OI01;0;NENL;N;910;2.021,49;0,00605;12,23;0,45;2,68;15,36
E92;11;202607;202607;MG_VV09;0;GS8L;N;325;2.031,40;0,00605;12,29;0,45;2,7;15,44
E92;11;202607;202607;MG_VV07;0;GS8L;N;946;4.945,45;0,00605;29,92;1,09;6,57;37,58
E92;11;202607;202607;OI_MG32;0;NENL;N;2441;7.447,93;0,00605;45,06;1,64;9,89;56,59
E92;11;202607;202607;OI_MG38;0;NENL;N;4168;13.183,47;0,00605;79,76;2,91;17,5;100,17
E92;11;202607;202607;OI_MG35;0;NENL;N;6637;13.876,03;0,00605;83,95;3,06;18,42;105,43
E92;11;202607;202607;MG_VV07;0;NENL;N;38687;152.310,74;0,00605;921,48;33,63;202,25;1.157,36
E92;11;202607;202607;MG_VV09;0;NENL;N;38852;155.117,36;0,00605;938,46;34,25;205,98;1.178,69
G79;11;202607;202607;DF_OI03;0;NENL;N;17;16,1;0,00608;0,1;0;0,02;0,12
G79;11;202607;202607;DF_VV09;0;NENL;R;148;174,6;0,00425;0,74;0,03;0,16;0,93
G79;11;202607;202607;DF_VV07;0;NENL;R;163;189,1;0,00425;0,8;0,03;0,18;1,01
G79;11;202607;202607;DF_VV09;0;GS8L;N;138;565,79;0,00608;3,44;0,13;0,75;4,32
G79;11;202607;202607;DF_VV07;0;GS8L;N;367;1.394,74;0,00608;8,48;0,31;1,86;10,65
G79;11;202607;202607;DF_VV07;0;NENL;N;5942;17.501,64;0,00608;106,41;3,88;23,36;133,65
G79;11;202607;202607;DF_VV09;0;NENL;N;5905;17.547,70;0,00608;106,69;3,89;23,43;134,01
M78;11;202607;202607;RJ22_OI01;0;NENL;R;1;1,7;0,00423;0,01;0;0;0,01
M78;11;202607;202607;RJ_VV09;0;GS8L;R;3;4,9;0,00423;0,02;0;0;0,02
M78;11;202607;202607;OI_RJ21;0;NENL;R;8;10,5;0,00423;0,04;0;0,01;0,05
M78;11;202607;202607;RJ_VV07;0;GS8L;R;6;27,7;0,00423;0,12;0;0,03;0,15
M78;11;202607;202607;OI_RJ22;0;NENL;R;24;33;0,00423;0,14;0,01;0,03;0,18
M78;11;202607;202607;RJ_VV07;0;GS3L;N;3;34,9;0,00605;0,21;0,01;0,05;0,27
M78;11;202607;202607;RJ24_OI01;0;NENL;R;21;51,6;0,00423;0,22;0,01;0,05;0,28
M78;11;202607;202607;RJ21_OI01;0;GS8L;N;10;44,7;0,00605;0,27;0,01;0,06;0,34
M78;11;202607;202607;RJ21_OI01;0;NENL;N;33;57,9;0,00605;0,35;0,01;0,08;0,44
M78;11;202607;202607;RJ_OI01;0;GS8L;N;9;117;0,00605;0,71;0,03;0,16;0,9
M78;11;202607;202607;RJ_VV07;0;NENL;R;308;180,3;0,00423;0,76;0,03;0,17;0,96
M78;11;202607;202607;RJ_VV09;0;NENL;R;320;222,22;0,00423;0,94;0,04;0,21;1,19
M78;11;202607;202607;RJ_VV09;0;GS8L;N;69;246,28;0,00605;1,49;0,05;0,33;1,87
M78;11;202607;202607;RJ22_OI01;0;NENL;N;161;360,33;0,00605;2,18;0,08;0,48;2,74
M78;11;202607;202607;OI_RJ24;0;NENL;R;181;567,38;0,00423;2,4;0,09;0,53;3,02
M78;11;202607;202607;OI_RJ21;0;NENL;N;238;398,35;0,00605;2,41;0,09;0,53;3,03
M78;11;202607;202607;RJ_VV07;0;GS8L;N;244;1.016,53;0,00605;6,15;0,22;1,35;7,72
M78;11;202607;202607;RJ24_OI01;0;NENL;N;944;2.436,36;0,00605;14,74;0,54;3,24;18,52
M78;11;202607;202607;OI_RJ22;0;NENL;N;1067;2.583,47;0,00605;15,63;0,57;3,43;19,63
M78;11;202607;202607;RJ_VV09;0;NENL;N;2704;5.758,68;0,00605;34,84;1,27;7,64;43,75
M78;11;202607;202607;RJ_VV07;0;NENL;N;2745;5.930,58;0,00605;35,88;1,31;7,87;45,06
M78;11;202607;202607;OI_RJ24;0;NENL;N;6100;16.895,87;0,00605;102,22;3,73;22,44;128,39
