34,11,202603,202603,NKLA_0651,0, LENV,N,11,"27,4","0,01499","0,42","0,01",0,"0,43",0,M,430
34,11,202603,202603,ULA070134,0, LENV,N,2,"1,2","0,01499","0,02",0,0,"0,02",0,M,34
34,11,202603,202603,URAN_0902,0, LENV,N,5,"2,5","0,01499","0,04",0,0,"0,04",0,M,34
34,11,202603,202603,NSH34URA,0, LENV,N,3,"1,5","0,01499","0,03",0,0,"0,03",0,M,30
34,11,202603,202603,ULAN_1040,0, LENV,N,9,"6,2","0,01499","0,09",0,0,"0,09",0,M,30
34,11,202603,202603,ULAN_1041,0, LENV,R,10,"13,3","0,01049","0,14",0,0,"0,14",0,M,34
34,11,202603,202603,NSH34ULA,0, LENV,N,348,"273,2","0,01499","4,07","0,12",0,"4,19",0,M,430
34,11,202603,202603,ULAN_1041,0, LENV,N,275,"428,9","0,01499","6,45","0,22",0,"6,67",0,M,34
34,11,202603,202603,NKRA_0651,0, LENV,R,4,"42,7","0,01049","0,45","0,01",0,"0,46",0,M,430
34,11,202603,202603,ULAN_0902,0, LENV,N,6,3,"0,01499","0,05",0,0,"0,05",0,M,34
34,11,202603,202603,NSH34URA,0, LENV,R,8,"68,3","0,01049","0,72","0,02",0,"0,74",0,M,430
34,11,202603,202603,ULAN_1040,0, LENV,N,8,4,"0,01499","0,08",0,0,"0,08",0,M,430
34,11,202603,202603,NKLA_0651,0, LENV,R,1,68,"0,01049","0,71","0,02",0,"0,73",0,M,430
34,11,202603,202603,ULA070137,0, LENV,N,1,"0,5","0,01499","0,01",0,0,"0,01",0,M,34
34,11,202603,202603,NSH34URA,0, LENV,N,3,"1,5","0,01499","0,03",0,0,"0,03",0,M,76
34,11,202603,202603,ULAN_1040,0, LENV,N,21887,"13235,5","0,01499","198,39","7,45",0,"205,84",0,M,34
34,11,202603,202603,NURA_0901,0, LENV,N,1,"0,5","0,01499","0,01",0,0,"0,01",0,M,34
34,11,202603,202603,URA070134,0, LENV,N,3,"1,5","0,01499","0,03",0,0,"0,03",0,M,34
34,11,202603,202603,NSH34ULA,0, LENV,R,13,"15,1","0,01049","0,19",0,0,"0,19",0,M,430
34,11,202603,202603,ULAN_1035,0, LENV,N,5,"2,5","0,01499","0,05",0,0,"0,05",0,M,34
34,11,202603,202603,ULAN_1041,0, LENV,N,11,"17,7","0,01499","0,26",0,0,"0,26",0,M,430
34,11,202603,202603,NSH34ULA,0, LENV,N,3,"1,5","0,01499","0,03",0,0,"0,03",0,M,76
34,11,202603,202603,ULAN_1040,0, LENV,R,154,"311,5","0,01049","3,4","0,1",0,"3,5",0,M,34
34,11,202603,202603,NKRA_0651,0, LENV,N,10,"31,5","0,01499","0,48","0,01",0,"0,49",0,M,430
34,11,202603,202603,ULA070137,0, LENV,R,1,"0,5","0,01049","0,01",0,0,"0,01",0,M,34
34,11,202603,202603,NSH34URA,0, LENV,N,340,"247,9","0,01499","3,75","0,12",0,"3,87",0,M,430
34,11,202603,202603,ULAN_1040,0, LENV,N,5,"2,5","0,01499","0,05",0,0,"0,05",0,M,76
34,11,202603,202603,ULAN_1040,0, LENV,R,309,"697,2","0,01049","7,41","0,25",0,"7,66",0,M,34
34,11,202603,202603,NSH34URA,0, LENV,N,533,"430,7","0,01499","6,45","0,21",0,"6,66",0,M,430
34,11,202603,202603,ULAN_1040,0, LENV,N,2,1,"0,01499","0,02",0,0,"0,02",0,M,76
34,11,202603,202603,NSH34ULA,0, LENV,N,547,"537,2","0,01499","8,04","0,26",0,"8,3",0,M,430
34,11,202603,202603,NSH34URA,0, LENV,N,3,3,"0,01499","0,04",0,0,"0,04",0,M,30
34,11,202603,202603,ULAN_1040,0, LENV,N,17,"37,5","0,01499","0,56","0,01",0,"0,57",0,M,30
34,11,202603,202603,NSH34ULA,0, LENV,N,1,"0,9","0,01499","0,01",0,0,"0,01",0,M,30
34,11,202603,202603,ULAN_0902,0, LENV,N,1,"0,5","0,01499","0,01",0,0,"0,01",0,M,30
34,11,202603,202603,ULAN_1041,0, LENV,N,46,49,"0,01499","0,73","0,02",0,"0,75",0,M,34
34,11,202603,202603,NSH34URA,0, LENV,R,11,"6,5","0,01049","0,08",0,0,"0,08",0,M,430
34,11,202603,202603,ULAN_1040,0, LENV,N,8,4,"0,01499","0,07",0,0,"0,07",0,M,430
34,11,202603,202603,NSH34ULA,0, LENV,R,11,"5,8","0,01049","0,08",0,0,"0,08",0,M,430
34,11,202603,202603,NSH34URA,0, LENV,N,6,"7,7","0,01499","0,13",0,0,"0,13",0,M,76
34,11,202603,202603,ULAN_1040,0, LENV,N,30141,"23243,4","0,01499","348,34","13,14",0,"361,48",0,M,34
34,11,202603,202603,NSH34ULA,0, LENV,N,8,4,"0,01499","0,07",0,0,"0,07",0,M,76
34,11,202603,202603,ULAN_0902,0, LENV,N,1,"0,5","0,01499","0,01",0,0,"0,01",0,M,34
34,11,202603,202603,URA070134,0, LENV,N,5,"3,9","0,01499","0,07",0,0,"0,07",0,M,34
34,11,202603,202603,ULA070134,0, LENV,N,3,"1,5","0,01499","0,03",0,0,"0,03",0,M,34
325,11,202603,202603,NSH16URA,0, LENV,N,1,"1,2","0,01779","0,02",0,0,"0,02",0,M,325
325,11,202603,202603,ULAN_1001,0, LENV,N,371,567,"0,01779","10,14","0,34",0,"10,48",0,M,325
325,11,202603,202603,NSH16ULA,0, LENV,N,1,1,"0,01779","0,02",0,0,"0,02",0,M,325
325,11,202603,202603,ULAN_1001,0, LENV,N,2,"2,1","0,01779","0,04",0,0,"0,04",0,M,10
325,11,202603,202603,ULAN_1004,0, LENV,N,3,"15,1","0,01779","0,26",0,0,"0,26",0,M,411
325,11,202603,202603,ULAN_0902,0, LENV,R,5,"16,3","0,01245","0,21",0,0,"0,21",0,M,325
325,11,202603,202603,ULAN_1001,0, LENV,R,29,"50,8","0,01245","0,65","0,02",0,"0,67",0,M,325
325,11,202603,202603,ULA070115,0, LENV,N,2,"1,1","0,01779","0,02",0,0,"0,02",0,M,325
325,11,202603,202603,ULAN_1001,0, LENV,N,4,"7,7","0,01779","0,14",0,0,"0,14",0,M,411
325,11,202603,202603,URAN_0902,0, LENV,N,559,"382,5","0,01779","6,9","0,24",0,"7,14",0,M,325
325,11,202603,202603,ULAN_1001,0, LENV,N,8,"6,2","0,01779","0,1",0,0,"0,1",0,M,17
325,11,202603,202603,ULAN_1004,0, LENV,R,14,"10,3","0,01245","0,14",0,0,"0,14",0,M,325
325,11,202603,202603,ULAN_1001,0, LSAV,N,1,"1,1","0,01779","0,02",0,0,"0,02",0,M,325
325,11,202603,202603,ULAN_1004,0, LENV,N,70,"152,6","0,01779","2,72","0,09",0,"2,81",0,M,325
325,11,202603,202603,ULAN_0902,0, LENV,N,561,"481,1","0,01779","8,63","0,29",0,"8,92",0,M,325
325,11,202603,202603,ULAN_1001,0, LENV,R,1,"0,5","0,01245","0,01",0,0,"0,01",0,M,17
325,11,202603,202603,URAN_0902,0, LENV,R,2,1,"0,01245","0,02",0,0,"0,02",0,M,325
325,11,202603,202603,ULAN_1001,0, LENV,N,2,"2,4","0,01779","0,05",0,0,"0,05",0,M,17
325,11,202603,202603,NSH16URA,0, LENV,N,5,"4,1","0,01779","0,07",0,0,"0,07",0,M,325
325,11,202603,202603,NSH16ULA,0, LENV,N,4,"2,4","0,01779","0,05",0,0,"0,05",0,M,325
325,11,202603,202603,ULAN_1001,0, LENV,N,109,"178,4","0,01779","3,17","0,1",0,"3,27",0,M,325
325,11,202603,202603,NSH16URA,0, LENV,R,2,1,"0,01245","0,02",0,0,"0,02",0,M,325
325,11,202603,202603,NSH16ULA,0, LENV,R,2,1,"0,01245","0,01",0,0,"0,01",0,M,325
325,11,202603,202603,ULAN_1001,0, LSAV,N,1,"2,7","0,01779","0,05",0,0,"0,05",0,M,34
348,11,202603,202603,ULAN_1043,0, LENV,R,1,"0,5","0,0118","0,01",0,0,"0,01",0,M,348
348,11,202603,202603,ULA070164,0, LENV,N,878,"506,7","0,01686","8,55","0,3",0,"8,85",0,M,348
348,11,202603,202603,NULA_0901,0, LENV,N,10,"8,2","0,01686","0,15",0,0,"0,15",0,M,348
348,11,202603,202603,NSH64ULA,0, LENV,N,8,4,"0,01686","0,08",0,0,"0,08",0,M,348
348,11,202603,202603,URA070164,0, LENV,N,875,"498,8","0,01686","8,41","0,31",0,"8,72",0,M,348
348,11,202603,202603,ULAN_1043,0, LENV,N,2650,"1595,4","0,01686","26,94",1,0,"27,94",0,M,348
348,11,202603,202603,NURA_0901,0, LENV,N,14,"8,7","0,01686","0,16",0,0,"0,16",0,M,348
348,11,202603,202603,NSH64URA,0, LENV,N,4,2,"0,01686","0,04",0,0,"0,04",0,M,348
348,11,202603,202603,URA070164,0, LENV,N,5,"11,2","0,01686","0,19",0,0,"0,19",0,M,348
348,11,202603,202603,ULAN_1043,0, LENV,N,13,"13,9","0,01686","0,24",0,0,"0,24",0,M,348
348,11,202603,202603,NSH64URA,0, LENV,N,1,"0,5","0,01686","0,01",0,0,"0,01",0,M,348
348,11,202603,202603,URA070164,0, LENV,R,1,"0,5","0,0118","0,01",0,0,"0,01",0,M,348
348,11,202603,202603,ULAN_1043,0, LENV,R,1,"0,5","0,0118","0,01",0,0,"0,01",0,M,348
348,11,202603,202603,ULA070164,0, LENV,N,5,16,"0,01686","0,28",0,0,"0,28",0,M,348
348,11,202603,202603,NSH64ULA,0, LENV,N,4,"4,5","0,01686","0,08",0,0,"0,08",0,M,348
349,11,202603,202603,NSH67URA,0, LENV,N,13,"7,2","0,01686","0,14",0,0,"0,14",0,M,349
349,11,202603,202603,NSH67ULA,0, LENV,N,7,"3,6","0,01686","0,07",0,0,"0,07",0,M,349
,,,,,01,,,61029,44416.5,,670.94,24.66,0,695.6,,,
