CREDORA;DEVEDORA;REFERENCIA;PERIODO_TRAFEGO;POI;TIPO_RELATORIO;DESCRITOR;GRUPO_HORARIO;CHAMADAS;MINUTOS;TARIFA;VALOR_LIQUIDO;VALOR_PIS_COFINS;VALOR_ICMS;VALOR_TOTAL;
034;003;202607;202607;MERVIV02;00;SENS;N;1;0,0;0,05000;0,05;0,00;0,00;0,05;
034;003;202607;;;01;;;1;0,00;;0,05;0,00;0,00;0,05;
034;004;202607;202607;MERVIV01;00;SENS;N;1;0,0;0,05000;0,05;0,00;0,00;0,05;
034;004;202607;202607;MERVIV02;00;SENS;N;6;0,0;0,05000;0,30;0,01;0,00;0,31;
034;004;202607;202607;MERVIV02;00;SENS;R;5;0,0;0,05000;0,25;0,01;0,00;0,26;
034;004;202607;;;01;;;12;0,00;;0,60;0,02;0,00;0,62;
034;010;202607;202607;MERVIV01;00;SENS;N;8;0,0;0,05000;0,40;0,02;0,00;0,42;
034;010;202607;202607;MERVIV01;00;SENS;N;66;0,0;0,05000;3,30;0,13;0,00;3,43;
034;010;202607;202607;MERVIV01;00;SENS;N;1420;0,0;0,05000;71,00;2,69;0,00;73,69;
034;010;202607;202607;MERVIV01;00;SENS;N;1;0,0;0,05000;0,05;0,00;0,00;0,05;
034;010;202607;202607;MERVIV01;00;SENS;N;5;0,0;0,05000;0,25;0,01;0,00;0,26;
034;010;202607;202607;MERVIV01;00;SENS;N;25;0,0;0,05000;1,25;0,05;0,00;1,30;
034;010;202607;202607;MERVIV01;00;SENS;N;1;0,0;0,05000;0,05;0,00;0,00;0,05;
034;010;202607;202607;MERVIV01;00;SENS;N;151;0,0;0,05000;7,55;0,29;0,00;7,84;
034;010;202607;202607;MERVIV01;00;SENS;R;6;0,0;0,05000;0,30;0,01;0,00;0,31;
034;010;202607;202607;MERVIV01;00;SENS;R;30;0,0;0,05000;1,50;0,06;0,00;1,56;
034;010;202607;202607;MERVIV01;00;SENS;R;631;0,0;0,05000;31,55;1,20;0,00;32,75;
034;010;202607;202607;MERVIV01;00;SENS;R;4;0,0;0,05000;0,20;0,01;0,00;0,21;
034;010;202607;202607;MERVIV01;00;SENS;R;3;0,0;0,05000;0,15;0,01;0,00;0,16;
034;010;202607;202607;MERVIV01;00;SENS;R;1;0,0;0,05000;0,05;0,00;0,00;0,05;
034;010;202607;202607;MERVIV01;00;SENS;R;20;0,0;0,05000;1,00;0,04;0,00;1,04;
034;010;202607;202607;MERVIV02;00;SENS;N;1;0,0;0,05000;0,05;0,00;0,00;0,05;
034;010;202607;202607;MERVIV02;00;SENS;N;912;0,0;0,05000;45,60;1,73;0,00;47,33;
034;010;202607;202607;MERVIV02;00;SENS;N;7;0,0;0,05000;0,35;0,01;0,00;0,36;
034;010;202607;202607;MERVIV02;00;SENS;N;8;0,0;0,05000;0,40;0,02;0,00;0,42;
034;010;202607;202607;MERVIV02;00;SENS;R;556;0,0;0,05000;27,80;1,05;0,00;28,85;
034;010;202607;202607;MERVIV02;00;SENS;R;1;0,0;0,05000;0,05;0,00;0,00;0,05;
034;010;202607;;;01;;;3857;0,00;;192,85;7,33;0,00;200,18;
034;020;202607;202607;MERVIV01;00;SENS;N;30;0,0;0,05000;1,50;0,06;0,00;1,56;
034;020;202607;202607;MERVIV01;00;SENS;R;25;0,0;0,05000;1,25;0,05;0,00;1,30;
034;020;202607;202607;MERVIV02;00;SENS;N;2;0,0;0,05000;0,10;0,00;0,00;0,10;
034;020;202607;202607;MERVIV02;00;SENS;N;236;0,0;0,05000;11,80;0,45;0,00;12,25;
034;020;202607;202607;MERVIV02;00;SENS;N;1;0,0;0,05000;0,05;0,00;0,00;0,05;
034;020;202607;202607;MERVIV02;00;SENS;N;2;0,0;0,05000;0,10;0,00;0,00;0,10;
034;020;202607;202607;MERVIV02;00;SENS;N;3;0,0;0,05000;0,15;0,01;0,00;0,16;
034;020;202607;202607;MERVIV02;00;SENS;R;60;0,0;0,05000;3,00;0,11;0,00;3,11;
034;020;202607;202607;MERVIV02;00;SENS;R;1;0,0;0,05000;0,05;0,00;0,00;0,05;
034;020;202607;;;01;;;360;0,00;;18,00;0,68;0,00;18,68;
034;026;202607;202607;MERVIV01;00;SENS;N;6;0,0;0,05000;0,30;0,01;0,00;0,31;
034;026;202607;202607;MERVIV01;00;SENS;R;14;0,0;0,05000;0,70;0,03;0,00;0,73;
034;026;202607;202607;MERVIV02;00;SENS;N;321;0,0;0,05000;16,05;0,61;0,00;16,66;
034;026;202607;202607;MERVIV02;00;SENS;N;2;0,0;0,05000;0,10;0,00;0,00;0,10;
034;026;202607;202607;MERVIV02;00;SENS;N;4;0,0;0,05000;0,20;0,01;0,00;0,21;
034;026;202607;202607;MERVIV02;00;SENS;N;2;0,0;0,05000;0,10;0,00;0,00;0,10;
034;026;202607;202607;MERVIV02;00;SENS;N;1;0,0;0,05000;0,05;0,00;0,00;0,05;
034;026;202607;202607;MERVIV02;00;SENS;R;23;0,0;0,05000;1,15;0,04;0,00;1,19;
034;026;202607;202607;MERVIV02;00;SENS;R;15;0,0;0,05000;0,75;0,03;0,00;0,78;
034;026;202607;;;01;;;388;0,00;;19,40;0,73;0,00;20,13;
034;030;202607;202607;MERVIV01;00;SENS;N;4;0,0;0,05000;0,20;0,01;0,00;0,21;
034;030;202607;202607;MERVIV01;00;SENS;N;7038;0,0;0,05000;351,90;13,33;0,00;365,23;
034;030;202607;202607;MERVIV01;00;SENS;N;1;0,0;0,05000;0,05;0,00;0,00;0,05;
034;030;202607;202607;MERVIV01;00;SENS;N;283;0,0;0,05000;14,15;0,54;0,00;14,69;
034;030;202607;202607;MERVIV01;00;SENS;N;11;0,0;0,05000;0,55;0,02;0,00;0,57;
034;030;202607;202607;MERVIV01;00;SENS;R;1;0,0;0,05000;0,05;0,00;0,00;0,05;
034;030;202607;202607;MERVIV01;00;SENS;R;4;0,0;0,05000;0,20;0,01;0,00;0,21;
034;030;202607;202607;MERVIV01;00;SENS;R;2401;0,0;0,05000;120,05;4,55;0,00;124,60;
034;030;202607;202607;MERVIV01;00;SENS;R;187;0,0;0,05000;9,35;0,35;0,00;9,70;
034;030;202607;202607;MERVIV01;00;SENS;R;5;0,0;0,05000;0,25;0,01;0,00;0,26;
034;030;202607;202607;MERVIV02;00;SENS;N;25;0,0;0,05000;1,25;0,05;0,00;1,30;
034;030;202607;202607;MERVIV02;00;SENS;N;24424;0,0;0,05000;1221,20;46,26;0,00;1267,46;
034;030;202607;202607;MERVIV02;00;SENS;N;3;0,0;0,05000;0,15;0,01;0,00;0,16;
034;030;202607;202607;MERVIV02;00;SENS;N;654;0,0;0,05000;32,70;1,24;0,00;33,94;
034;030;202607;202607;MERVIV02;00;SENS;N;33;0,0;0,05000;1,65;0,06;0,00;1,71;
034;030;202607;202607;MERVIV02;00;SENS;N;6;0,0;0,05000;0,30;0,01;0,00;0,31;
034;030;202607;202607;MERVIV02;00;SENS;R;1;0,0;0,05000;0,05;0,00;0,00;0,05;
034;030;202607;202607;MERVIV02;00;SENS;R;3;0,0;0,05000;0,15;0,01;0,00;0,16;
034;030;202607;202607;MERVIV02;00;SENS;R;9917;0,0;0,05000;495,85;18,78;0,00;514,63;
034;030;202607;202607;MERVIV02;00;SENS;R;174;0,0;0,05000;8,70;0,33;0,00;9,03;
034;030;202607;202607;MERVIV02;00;SENS;R;13;0,0;0,05000;0,65;0,02;0,00;0,67;
034;030;202607;;;01;;;45188;0,00;;2259,40;85,59;0,00;2344,99;
034;033;202607;202607;MERVIV02;00;SENS;N;23;0,0;0,05000;1,15;0,04;0,00;1,19;
034;033;202607;202607;MERVIV02;00;SENS;R;4;0,0;0,05000;0,20;0,01;0,00;0,21;
034;033;202607;;;01;;;27;0,00;;1,35;0,05;0,00;1,40;
034;036;202607;202607;MERVIV02;00;SENS;N;12;0,0;0,05000;0,60;0,02;0,00;0,62;
034;036;202607;;;01;;;12;0,00;;0,60;0,02;0,00;0,62;
034;037;202607;202607;MERVIV01;00;SENS;N;14;0,0;0,05000;0,70;0,03;0,00;0,73;
034;037;202607;202607;MERVIV01;00;SENS;R;1;0,0;0,05000;0,05;0,00;0,00;0,05;
034;037;202607;202607;MERVIV02;00;SENS;N;143;0,0;0,05000;7,15;0,27;0,00;7,42;
034;037;202607;202607;MERVIV02;00;SENS;N;16;0,0;0,05000;0,80;0,03;0,00;0,83;
034;037;202607;202607;MERVIV02;00;SENS;R;39;0,0;0,05000;1,95;0,07;0,00;2,02;
034;037;202607;202607;MERVIV02;00;SENS;R;2;0,0;0,05000;0,10;0,00;0,00;0,10;
034;037;202607;;;01;;;215;0,00;;10,75;0,40;0,00;11,15;
034;038;202607;202607;MERVIV02;00;SENS;N;11;0,0;0,05000;0,55;0,02;0,00;0,57;
034;038;202607;202607;MERVIV02;00;SENS;R;20;0,0;0,05000;1,00;0,04;0,00;1,04;
034;038;202607;;;01;;;31;0,00;;1,55;0,06;0,00;1,61;
034;039;202607;202607;MERVIV01;00;SENS;N;4;0,0;0,05000;0,20;0,01;0,00;0,21;
034;039;202607;202607;MERVIV02;00;SENS;N;60;0,0;0,05000;3,00;0,11;0,00;3,11;
034;039;202607;202607;MERVIV02;00;SENS;N;18;0,0;0,05000;0,90;0,03;0,00;0,93;
034;039;202607;202607;MERVIV02;00;SENS;R;77;0,0;0,05000;3,85;0,15;0,00;4,00;
034;039;202607;;;01;;;159;0,00;;7,95;0,30;0,00;8,25;
034;044;202607;202607;MERVIV01;00;SENS;N;8;0,0;0,05000;0,40;0,02;0,00;0,42;
034;044;202607;202607;MERVIV01;00;SENS;N;1;0,0;0,05000;0,05;0,00;0,00;0,05;
034;044;202607;202607;MERVIV01;00;SENS;R;1;0,0;0,05000;0,05;0,00;0,00;0,05;
034;044;202607;202607;MERVIV02;00;SENS;N;64;0,0;0,05000;3,20;0,12;0,00;3,32;
034;044;202607;202607;MERVIV02;00;SENS;N;14;0,0;0,05000;0,70;0,03;0,00;0,73;
034;044;202607;202607;MERVIV02;00;SENS;R;48;0,0;0,05000;2,40;0,09;0,00;2,49;
034;044;202607;202607;MERVIV02;00;SENS;R;4;0,0;0,05000;0,20;0,01;0,00;0,21;
034;044;202607;;;01;;;140;0,00;;7,00;0,27;0,00;7,27;
034;045;202607;202607;MERVIV01;00;SENS;N;1;0,0;0,05000;0,05;0,00;0,00;0,05;
034;045;202607;202607;MERVIV01;00;SENS;N;1;0,0;0,05000;0,05;0,00;0,00;0,05;
034;045;202607;202607;MERVIV02;00;SENS;N;32;0,0;0,05000;1,60;0,06;0,00;1,66;
034;045;202607;202607;MERVIV02;00;SENS;N;1;0,0;0,05000;0,05;0,00;0,00;0,05;
034;045;202607;202607;MERVIV02;00;SENS;N;4;0,0;0,05000;0,20;0,01;0,00;0,21;
034;045;202607;202607;MERVIV02;00;SENS;N;2;0,0;0,05000;0,10;0,00;0,00;0,10;
034;045;202607;202607;MERVIV02;00;SENS;N;2;0,0;0,05000;0,10;0,00;0,00;0,10;
034;045;202607;202607;MERVIV02;00;SENS;N;1;0,0;0,05000;0,05;0,00;0,00;0,05;
034;045;202607;202607;MERVIV02;00;SENS;R;42;0,0;0,05000;2,10;0,08;0,00;2,18;
034;045;202607;;;01;;;86;0,00;;4,30;0,15;0,00;4,45;
034;050;202607;202607;MERVIV01;00;SENS;N;25;0,0;0,05000;1,25;0,05;0,00;1,30;
034;050;202607;202607;MERVIV01;00;SENS;N;5;0,0;0,05000;0,25;0,01;0,00;0,26;
034;050;202607;202607;MERVIV01;00;SENS;R;4;0,0;0,05000;0,20;0,01;0,00;0,21;
034;050;202607;202607;MERVIV02;00;SENS;N;66;0,0;0,05000;3,30;0,12;0,00;3,42;
034;050;202607;202607;MERVIV02;00;SENS;N;21;0,0;0,05000;1,05;0,04;0,00;1,09;
034;050;202607;202607;MERVIV02;00;SENS;R;12;0,0;0,05000;0,60;0,02;0,00;0,62;
034;050;202607;;;01;;;133;0,00;;6,65;0,25;0,00;6,90;
034;056;202607;202607;MERVIV01;00;SENS;N;1;0,0;0,05000;0,05;0,00;0,00;0,05;
034;056;202607;202607;MERVIV02;00;SENS;N;4;0,0;0,05000;0,20;0,01;0,00;0,21;
034;056;202607;;;01;;;5;0,00;;0,25;0,01;0,00;0,26;
034;060;202607;202607;MERVIV01;00;SENS;N;26;0,0;0,05000;1,30;0,05;0,00;1,35;
034;060;202607;202607;MERVIV01;00;SENS;N;9;0,0;0,05000;0,45;0,02;0,00;0,47;
034;060;202607;202607;MERVIV01;00;SENS;R;12;0,0;0,05000;0,60;0,02;0,00;0,62;
034;060;202607;202607;MERVIV02;00;SENS;N;47;0,0;0,05000;2,35;0,09;0,00;2,44;
034;060;202607;202607;MERVIV02;00;SENS;R;19;0,0;0,05000;0,95;0,04;0,00;0,99;
034;060;202607;202607;MERVIV02;00;SENS;R;2;0,0;0,05000;0,10;0,00;0,00;0,10;
034;060;202607;;;01;;;115;0,00;;5,75;0,22;0,00;5,97;
034;064;202607;202607;MERVIV01;00;SENS;N;11;0,0;0,05000;0,55;0,02;0,00;0,57;
034;064;202607;202607;MERVIV01;00;SENS;R;5;0,0;0,05000;0,25;0,01;0,00;0,26;
034;064;202607;202607;MERVIV02;00;SENS;N;40;0,0;0,05000;2,00;0,08;0,00;2,08;
034;064;202607;202607;MERVIV02;00;SENS;R;25;0,0;0,05000;1,25;0,05;0,00;1,30;
034;064;202607;;;01;;;81;0,00;;4,05;0,16;0,00;4,21;
034;066;202607;202607;MERVIV01;00;SENS;R;3;0,0;0,05000;0,15;0,01;0,00;0,16;
034;066;202607;202607;MERVIV02;00;SENS;N;143;0,0;0,05000;7,15;0,27;0,00;7,42;
034;066;202607;202607;MERVIV02;00;SENS;R;56;0,0;0,05000;2,80;0,11;0,00;2,91;
034;066;202607;;;01;;;202;0,00;;10,10;0,39;0,00;10,49;
034;068;202607;202607;MERVIV01;00;SENS;N;143;0,0;0,05000;7,15;0,27;0,00;7,42;
034;068;202607;202607;MERVIV01;00;SENS;N;1;0,0;0,05000;0,05;0,00;0,00;0,05;
034;068;202607;202607;MERVIV01;00;SENS;R;25;0,0;0,05000;1,25;0,05;0,00;1,30;
034;068;202607;202607;MERVIV02;00;SENS;N;624;0,0;0,05000;31,20;1,18;0,00;32,38;
034;068;202607;202607;MERVIV02;00;SENS;N;3;0,0;0,05000;0,15;0,01;0,00;0,16;
034;068;202607;202607;MERVIV02;00;SENS;N;2;0,0;0,05000;0,10;0,00;0,00;0,10;
034;068;202607;202607;MERVIV02;00;SENS;N;4;0,0;0,05000;0,20;0,01;0,00;0,21;
034;068;202607;202607;MERVIV02;00;SENS;R;163;0,0;0,05000;8,15;0,31;0,00;8,46;
034;068;202607;202607;MERVIV02;00;SENS;R;40;0,0;0,05000;2,00;0,08;0,00;2,08;
034;068;202607;;;01;;;1005;0,00;;50,25;1,91;0,00;52,16;
034;070;202607;202607;MERVIV01;00;SENS;N;47;0,0;0,05000;2,35;0,09;0,00;2,44;
034;070;202607;202607;MERVIV01;00;SENS;R;4;0,0;0,05000;0,20;0,01;0,00;0,21;
034;070;202607;202607;MERVIV02;00;SENS;N;469;0,0;0,05000;23,45;0,89;0,00;24,34;
034;070;202607;202607;MERVIV02;00;SENS;R;129;0,0;0,05000;6,45;0,24;0,00;6,69;
034;070;202607;202607;MERVIV02;00;SENS;R;5;0,0;0,05000;0,25;0,01;0,00;0,26;
034;070;202607;;;01;;;654;0,00;;32,70;1,24;0,00;33,94;
034;078;202607;202607;MERVIV01;00;SENS;N;2;0,0;0,05000;0,10;0,00;0,00;0,10;
034;078;202607;202607;MERVIV01;00;SENS;R;1;0,0;0,05000;0,05;0,00;0,00;0,05;
034;078;202607;202607;MERVIV02;00;SENS;N;16;0,0;0,05000;0,80;0,03;0,00;0,83;
034;078;202607;202607;MERVIV02;00;SENS;R;21;0,0;0,05000;1,05;0,04;0,00;1,09;
034;078;202607;;;01;;;40;0,00;;2,00;0,07;0,00;2,07;
034;452;202607;202607;MERVIV02;00;SENS;N;262;0,0;0,05000;13,10;0,50;0,00;13,60;
034;452;202607;202607;MERVIV02;00;SENS;R;106;0,0;0,05000;5,30;0,20;0,00;5,50;
034;452;202607;;;01;;;368;0,00;;18,40;0,70;0,00;19,10;
034;453;202607;202607;MERVIV01;00;SENS;N;1;0,0;0,05000;0,05;0,00;0,00;0,05;
034;453;202607;202607;MERVIV02;00;SENS;N;53;0,0;0,05000;2,65;0,10;0,00;2,75;
034;453;202607;202607;MERVIV02;00;SENS;R;27;0,0;0,05000;1,35;0,05;0,00;1,40;
034;453;202607;;;01;;;81;0,00;;4,05;0,15;0,00;4,20;
034;454;202607;202607;MERVIV02;00;SENS;N;7;0,0;0,05000;0,35;0,01;0,00;0,36;
034;454;202607;202607;MERVIV02;00;SENS;R;1;0,0;0,05000;0,05;0,00;0,00;0,05;
034;454;202607;;;01;;;8;0,00;;0,40;0,01;0,00;0,41;
034;455;202607;202607;MERVIV01;00;SENS;N;1;0,0;0,05000;0,05;0,00;0,00;0,05;
034;455;202607;202607;MERVIV01;00;SENS;R;4;0,0;0,05000;0,20;0,01;0,00;0,21;
034;455;202607;202607;MERVIV02;00;SENS;N;45;0,0;0,05000;2,25;0,09;0,00;2,34;
034;455;202607;202607;MERVIV02;00;SENS;N;6;0,0;0,05000;0,30;0,01;0,00;0,31;
034;455;202607;202607;MERVIV02;00;SENS;R;17;0,0;0,05000;0,85;0,03;0,00;0,88;
034;455;202607;;;01;;;73;0,00;;3,65;0,14;0,00;3,79;
034;456;202607;202607;MERVIV01;00;SENS;N;4;0,0;0,05000;0,20;0,01;0,00;0,21;
034;456;202607;202607;MERVIV01;00;SENS;R;2;0,0;0,05000;0,10;0,00;0,00;0,10;
034;456;202607;202607;MERVIV02;00;SENS;N;3;0,0;0,05000;0,15;0,01;0,00;0,16;
034;456;202607;;;01;;;9;0,00;;0,45;0,02;0,00;0,47;
034;457;202607;202607;MERVIV02;00;SENS;N;12;0,0;0,05000;0,60;0,02;0,00;0,62;
034;457;202607;202607;MERVIV02;00;SENS;R;11;0,0;0,05000;0,55;0,02;0,00;0,57;
034;457;202607;;;01;;;23;0,00;;1,15;0,04;0,00;1,19;
325;003;202607;202607;MERVIV01;00;SENS;N;5;0,0;0,05000;0,25;0,01;0,00;0,26;
325;003;202607;202607;MERVIV02;00;SENS;N;35;0,0;0,05000;1,75;0,07;0,00;1,82;
325;003;202607;202607;MERVIV02;00;SENS;R;3;0,0;0,05000;0,15;0,01;0,00;0,16;
325;003;202607;;;01;;;43;0,00;;2,15;0,09;0,00;2,24;
325;004;202607;202607;MERVIV01;00;SENS;R;1;0,0;0,05000;0,05;0,00;0,00;0,05;
325;004;202607;202607;MERVIV02;00;SENS;N;126;0,0;0,05000;6,30;0,24;0,00;6,54;
325;004;202607;202607;MERVIV02;00;SENS;R;4;0,0;0,05000;0,20;0,01;0,00;0,21;
325;004;202607;;;01;;;131;0,00;;6,55;0,25;0,00;6,80;
325;010;202607;202607;MERVIV01;00;SENS;N;1;0,0;0,05000;0,05;0,00;0,00;0,05;
325;010;202607;202607;MERVIV01;00;SENS;N;24;0,0;0,05000;1,20;0,05;0,00;1,25;
325;010;202607;202607;MERVIV01;00;SENS;N;1;0,0;0,05000;0,05;0,00;0,00;0,05;
325;010;202607;202607;MERVIV01;00;SENS;N;15618;0,0;0,05000;780,90;29,58;0,00;810,48;
325;010;202607;202607;MERVIV01;00;SENS;N;2;0,0;0,05000;0,10;0,00;0,00;0,10;
325;010;202607;202607;MERVIV01;00;SENS;N;1;0,0;0,05000;0,05;0,00;0,00;0,05;
325;010;202607;202607;MERVIV01;00;SENS;N;11;0,0;0,05000;0,55;0,02;0,00;0,57;
325;010;202607;202607;MERVIV01;00;SENS;R;3190;0,0;0,05000;159,50;6,04;0,00;165,54;
325;010;202607;202607;MERVIV01;00;SENS;R;8;0,0;0,05000;0,40;0,02;0,00;0,42;
325;010;202607;202607;MERVIV01;00;SENS;R;6;0,0;0,05000;0,30;0,01;0,00;0,31;
325;010;202607;202607;MERVIV02;00;SENS;N;1;0,0;0,05000;0,05;0,00;0,00;0,05;
325;010;202607;202607;MERVIV02;00;SENS;N;7;0,0;0,05000;0,35;0,01;0,00;0,36;
325;010;202607;202607;MERVIV02;00;SENS;N;1;0,0;0,05000;0,05;0,00;0,00;0,05;
325;010;202607;202607;MERVIV02;00;SENS;N;4319;0,0;0,05000;215,95;8,18;0,00;224,13;
325;010;202607;202607;MERVIV02;00;SENS;N;104;0,0;0,05000;5,20;0,20;0,00;5,40;
325;010;202607;202607;MERVIV02;00;SENS;R;979;0,0;0,05000;48,95;1,85;0,00;50,80;
325;010;202607;202607;MERVIV02;00;SENS;R;14;0,0;0,05000;0,70;0,03;0,00;0,73;
325;010;202607;;;01;;;24287;0,00;;1214,35;45,99;0,00;1260,34;
325;020;202607;202607;MERVIV01;00;SENS;N;1030;0,0;0,05000;51,50;1,95;0,00;53,45;
325;020;202607;202607;MERVIV01;00;SENS;R;455;0,0;0,05000;22,75;0,86;0,00;23,61;
325;020;202607;202607;MERVIV02;00;SENS;N;6788;0,0;0,05000;339,40;12,86;0,00;352,26;
325;020;202607;202607;MERVIV02;00;SENS;R;987;0,0;0,05000;49,35;1,87;0,00;51,22;
325;020;202607;;;01;;;9260;0,00;;463,00;17,54;0,00;480,54;
325;026;202607;202607;MERVIV01;00;SENS;N;499;0,0;0,05000;24,95;0,95;0,00;25,90;
325;026;202607;202607;MERVIV01;00;SENS;R;30;0,0;0,05000;1,50;0,06;0,00;1,56;
325;026;202607;202607;MERVIV02;00;SENS;N;890;0,0;0,05000;44,50;1,69;0,00;46,19;
325;026;202607;202607;MERVIV02;00;SENS;R;79;0,0;0,05000;3,95;0,15;0,00;4,10;
325;026;202607;;;01;;;1498;0,00;;74,90;2,85;0,00;77,75;
325;030;202607;202607;MERVIV01;00;SENS;N;602;0,0;0,05000;30,10;1,14;0,00;31,24;
325;030;202607;202607;MERVIV01;00;SENS;N;15;0,0;0,05000;0,75;0,03;0,00;0,78;
325;030;202607;202607;MERVIV01;00;SENS;R;180;0,0;0,05000;9,00;0,34;0,00;9,34;
325;030;202607;202607;MERVIV02;00;SENS;N;5096;0,0;0,05000;254,80;9,65;0,00;264,45;
325;030;202607;202607;MERVIV02;00;SENS;N;3;0,0;0,05000;0,15;0,01;0,00;0,16;
325;030;202607;202607;MERVIV02;00;SENS;R;759;0,0;0,05000;37,95;1,44;0,00;39,39;
325;030;202607;;;01;;;6655;0,00;;332,75;12,61;0,00;345,36;
325;033;202607;202607;MERVIV01;00;SENS;N;81;0,0;0,05000;4,05;0,15;0,00;4,20;
325;033;202607;202607;MERVIV01;00;SENS;R;11;0,0;0,05000;0,55;0,02;0,00;0,57;
325;033;202607;202607;MERVIV02;00;SENS;N;590;0,0;0,05000;29,50;1,12;0,00;30,62;
325;033;202607;202607;MERVIV02;00;SENS;R;69;0,0;0,05000;3,45;0,13;0,00;3,58;
325;033;202607;;;01;;;751;0,00;;37,55;1,42;0,00;38,97;
325;036;202607;202607;MERVIV01;00;SENS;N;223;0,0;0,05000;11,15;0,42;0,00;11,57;
325;036;202607;202607;MERVIV01;00;SENS;R;149;0,0;0,05000;7,45;0,28;0,00;7,73;
325;036;202607;202607;MERVIV02;00;SENS;N;466;0,0;0,05000;23,30;0,88;0,00;24,18;
325;036;202607;202607;MERVIV02;00;SENS;R;55;0,0;0,05000;2,75;0,10;0,00;2,85;
325;036;202607;;;01;;;893;0,00;;44,65;1,68;0,00;46,33;
325;037;202607;202607;MERVIV01;00;SENS;N;391;0,0;0,05000;19,55;0,74;0,00;20,29;
325;037;202607;202607;MERVIV01;00;SENS;R;39;0,0;0,05000;1,95;0,07;0,00;2,02;
325;037;202607;202607;MERVIV02;00;SENS;N;3888;0,0;0,05000;194,40;7,36;0,00;201,76;
325;037;202607;202607;MERVIV02;00;SENS;R;517;0,0;0,05000;25,85;0,98;0,00;26,83;
325;037;202607;;;01;;;4835;0,00;;241,75;9,15;0,00;250,90;
325;038;202607;202607;MERVIV01;00;SENS;N;1;0,0;0,05000;0,05;0,00;0,00;0,05;
325;038;202607;202607;MERVIV02;00;SENS;N;109;0,0;0,05000;5,45;0,21;0,00;5,66;
325;038;202607;202607;MERVIV02;00;SENS;R;1;0,0;0,05000;0,05;0,00;0,00;0,05;
325;038;202607;;;01;;;111;0,00;;5,55;0,21;0,00;5,76;
325;039;202607;202607;MERVIV01;00;SENS;N;305;0,0;0,05000;15,25;0,58;0,00;15,83;
325;039;202607;202607;MERVIV01;00;SENS;R;107;0,0;0,05000;5,35;0,20;0,00;5,55;
325;039;202607;202607;MERVIV02;00;SENS;N;3248;0,0;0,05000;162,40;6,15;0,00;168,55;
325;039;202607;202607;MERVIV02;00;SENS;R;766;0,0;0,05000;38,30;1,45;0,00;39,75;
325;039;202607;;;01;;;4426;0,00;;221,30;8,38;0,00;229,68;
325;044;202607;202607;MERVIV01;00;SENS;N;476;0,0;0,05000;23,80;0,90;0,00;24,70;
325;044;202607;202607;MERVIV01;00;SENS;R;60;0,0;0,05000;3,00;0,11;0,00;3,11;
325;044;202607;202607;MERVIV02;00;SENS;N;1527;0,0;0,05000;76,35;2,89;0,00;79,24;
325;044;202607;202607;MERVIV02;00;SENS;R;92;0,0;0,05000;4,60;0,17;0,00;4,77;
325;044;202607;;;01;;;2155;0,00;;107,75;4,07;0,00;111,82;
325;045;202607;202607;MERVIV01;00;SENS;N;303;0,0;0,05000;15,15;0,57;0,00;15,72;
325;045;202607;202607;MERVIV01;00;SENS;R;42;0,0;0,05000;2,10;0,08;0,00;2,18;
325;045;202607;202607;MERVIV02;00;SENS;N;999;0,0;0,05000;49,95;1,89;0,00;51,84;
325;045;202607;202607;MERVIV02;00;SENS;R;251;0,0;0,05000;12,55;0,48;0,00;13,03;
325;045;202607;;;01;;;1595;0,00;;79,75;3,02;0,00;82,77;
325;050;202607;202607;MERVIV01;00;SENS;N;154;0,0;0,05000;7,70;0,29;0,00;7,99;
325;050;202607;202607;MERVIV01;00;SENS;R;15;0,0;0,05000;0,75;0,03;0,00;0,78;
325;050;202607;202607;MERVIV02;00;SENS;N;852;0,0;0,05000;42,60;1,61;0,00;44,21;
325;050;202607;202607;MERVIV02;00;SENS;R;152;0,0;0,05000;7,60;0,29;0,00;7,89;
325;050;202607;;;01;;;1173;0,00;;58,65;2,22;0,00;60,87;
325;060;202607;202607;MERVIV01;00;SENS;N;724;0,0;0,05000;36,20;1,37;0,00;37,57;
325;060;202607;202607;MERVIV01;00;SENS;R;81;0,0;0,05000;4,05;0,15;0,00;4,20;
325;060;202607;202607;MERVIV02;00;SENS;N;585;0,0;0,05000;29,25;1,11;0,00;30,36;
325;060;202607;202607;MERVIV02;00;SENS;R;193;0,0;0,05000;9,65;0,37;0,00;10,02;
325;060;202607;;;01;;;1583;0,00;;79,15;3,00;0,00;82,15;
325;064;202607;202607;MERVIV01;00;SENS;N;237;0,0;0,05000;11,85;0,45;0,00;12,30;
325;064;202607;202607;MERVIV01;00;SENS;R;121;0,0;0,05000;6,05;0,23;0,00;6,28;
325;064;202607;202607;MERVIV02;00;SENS;N;1188;0,0;0,05000;59,40;2,25;0,00;61,65;
325;064;202607;202607;MERVIV02;00;SENS;R;226;0,0;0,05000;11,30;0,43;0,00;11,73;
325;064;202607;;;01;;;1772;0,00;;88,60;3,36;0,00;91,96;
325;066;202607;202607;MERVIV01;00;SENS;N;5;0,0;0,05000;0,25;0,01;0,00;0,26;
325;066;202607;202607;MERVIV01;00;SENS;R;3;0,0;0,05000;0,15;0,01;0,00;0,16;
325;066;202607;202607;MERVIV02;00;SENS;N;350;0,0;0,05000;17,50;0,66;0,00;18,16;
325;066;202607;202607;MERVIV02;00;SENS;R;51;0,0;0,05000;2,55;0,10;0,00;2,65;
325;066;202607;;;01;;;409;0,00;;20,45;0,78;0,00;21,23;
325;068;202607;202607;MERVIV01;00;SENS;N;610;0,0;0,05000;30,50;1,16;0,00;31,66;
325;068;202607;202607;MERVIV01;00;SENS;R;82;0,0;0,05000;4,10;0,16;0,00;4,26;
325;068;202607;202607;MERVIV02;00;SENS;N;1509;0,0;0,05000;75,45;2,86;0,00;78,31;
325;068;202607;202607;MERVIV02;00;SENS;R;95;0,0;0,05000;4,75;0,18;0,00;4,93;
325;068;202607;;;01;;;2296;0,00;;114,80;4,36;0,00;119,16;
325;070;202607;202607;MERVIV01;00;SENS;N;660;0,0;0,05000;33,00;1,25;0,00;34,25;
325;070;202607;202607;MERVIV01;00;SENS;R;95;0,0;0,05000;4,75;0,18;0,00;4,93;
325;070;202607;202607;MERVIV02;00;SENS;N;925;0,0;0,05000;46,25;1,75;0,00;48,00;
325;070;202607;202607;MERVIV02;00;SENS;R;251;0,0;0,05000;12,55;0,48;0,00;13,03;
325;070;202607;202607;MERVIV02;00;SENS;R;6;0,0;0,05000;0,30;0,01;0,00;0,31;
325;070;202607;;;01;;;1937;0,00;;96,85;3,67;0,00;100,52;
325;078;202607;202607;MERVIV01;00;SENS;N;58;0,0;0,05000;2,90;0,11;0,00;3,01;
325;078;202607;202607;MERVIV01;00;SENS;R;25;0,0;0,05000;1,25;0,05;0,00;1,30;
325;078;202607;202607;MERVIV02;00;SENS;N;240;0,0;0,05000;12,00;0,45;0,00;12,45;
325;078;202607;202607;MERVIV02;00;SENS;R;64;0,0;0,05000;3,20;0,12;0,00;3,32;
325;078;202607;;;01;;;387;0,00;;19,35;0,73;0,00;20,08;
325;452;202607;202607;MERVIV02;00;SENS;N;701;0,0;0,05000;35,05;1,33;0,00;36,38;
325;452;202607;202607;MERVIV02;00;SENS;R;94;0,0;0,05000;4,70;0,18;0,00;4,88;
325;452;202607;;;01;;;795;0,00;;39,75;1,51;0,00;41,26;
325;453;202607;202607;MERVIV01;00;SENS;N;106;0,0;0,05000;5,30;0,20;0,00;5,50;
325;453;202607;202607;MERVIV01;00;SENS;R;13;0,0;0,05000;0,65;0,02;0,00;0,67;
325;453;202607;202607;MERVIV02;00;SENS;N;1865;0,0;0,05000;93,25;3,53;0,00;96,78;
325;453;202607;202607;MERVIV02;00;SENS;R;270;0,0;0,05000;13,50;0,51;0,00;14,01;
325;453;202607;;;01;;;2254;0,00;;112,70;4,26;0,00;116,96;
325;454;202607;202607;MERVIV01;00;SENS;N;388;0,0;0,05000;19,40;0,73;0,00;20,13;
325;454;202607;202607;MERVIV01;00;SENS;R;40;0,0;0,05000;2,00;0,08;0,00;2,08;
325;454;202607;202607;MERVIV02;00;SENS;N;1202;0,0;0,05000;60,10;2,28;0,00;62,38;
325;454;202607;202607;MERVIV02;00;SENS;R;127;0,0;0,05000;6,35;0,24;0,00;6,59;
325;454;202607;;;01;;;1757;0,00;;87,85;3,33;0,00;91,18;
325;455;202607;202607;MERVIV01;00;SENS;N;673;0,0;0,05000;33,65;1,27;0,00;34,92;
325;455;202607;202607;MERVIV01;00;SENS;R;46;0,0;0,05000;2,30;0,09;0,00;2,39;
325;455;202607;202607;MERVIV02;00;SENS;N;1532;0,0;0,05000;76,60;2,90;0,00;79,50;
325;455;202607;202607;MERVIV02;00;SENS;R;283;0,0;0,05000;14,15;0,54;0,00;14,69;
325;455;202607;;;01;;;2534;0,00;;126,70;4,80;0,00;131,50;
325;456;202607;202607;MERVIV01;00;SENS;N;177;0,0;0,05000;8,85;0,34;0,00;9,19;
325;456;202607;202607;MERVIV01;00;SENS;R;23;0,0;0,05000;1,15;0,04;0,00;1,19;
325;456;202607;202607;MERVIV02;00;SENS;N;853;0,0;0,05000;42,65;1,62;0,00;44,27;
325;456;202607;202607;MERVIV02;00;SENS;R;172;0,0;0,05000;8,60;0,33;0,00;8,93;
325;456;202607;;;01;;;1225;0,00;;61,25;2,33;0,00;63,58;
325;457;202607;202607;MERVIV01;00;SENS;N;497;0,0;0,05000;24,85;0,94;0,00;25,79;
325;457;202607;202607;MERVIV01;00;SENS;R;72;0,0;0,05000;3,60;0,14;0,00;3,74;
325;457;202607;202607;MERVIV02;00;SENS;N;1805;0,0;0,05000;90,25;3,42;0,00;93,67;
325;457;202607;202607;MERVIV02;00;SENS;R;331;0,0;0,05000;16,55;0,63;0,00;17,18;
325;457;202607;;;01;;;2705;0,00;;135,25;5,13;0,00;140,38;
348;010;202607;202607;MERVIV01;00;SENS;N;16;0,0;0,05000;0,80;0,03;0,00;0,83;
348;010;202607;202607;MERVIV01;00;SENS;N;11;0,0;0,05000;0,55;0,02;0,00;0,57;
348;010;202607;202607;MERVIV01;00;SENS;R;5;0,0;0,05000;0,25;0,01;0,00;0,26;
348;010;202607;202607;MERVIV01;00;SENS;R;12;0,0;0,05000;0,60;0,02;0,00;0,62;
348;010;202607;202607;MERVIV02;00;SENS;N;16;0,0;0,05000;0,80;0,03;0,00;0,83;
348;010;202607;202607;MERVIV02;00;SENS;N;12;0,0;0,05000;0,60;0,02;0,00;0,62;
348;010;202607;202607;MERVIV02;00;SENS;N;10;0,0;0,05000;0,50;0,02;0,00;0,52;
348;010;202607;202607;MERVIV02;00;SENS;R;2;0,0;0,05000;0,10;0,00;0,00;0,10;
348;010;202607;202607;MERVIV02;00;SENS;R;6;0,0;0,05000;0,30;0,01;0,00;0,31;
348;010;202607;;;01;;;90;0,00;;4,50;0,16;0,00;4,66;
348;020;202607;202607;MERVIV02;00;SENS;N;3;0,0;0,05000;0,15;0,01;0,00;0,16;
348;020;202607;202607;MERVIV02;00;SENS;N;1;0,0;0,05000;0,05;0,00;0,00;0,05;
348;020;202607;202607;MERVIV02;00;SENS;R;2;0,0;0,05000;0,10;0,00;0,00;0,10;
348;020;202607;;;01;;;6;0,00;;0,30;0,01;0,00;0,31;
348;026;202607;202607;MERVIV02;00;SENS;R;4;0,0;0,05000;0,20;0,01;0,00;0,21;
348;026;202607;;;01;;;4;0,00;;0,20;0,01;0,00;0,21;
348;030;202607;202607;MERVIV02;00;SENS;N;53;0,0;0,05000;2,65;0,10;0,00;2,75;
348;030;202607;202607;MERVIV02;00;SENS;R;15;0,0;0,05000;0,75;0,03;0,00;0,78;
348;030;202607;202607;MERVIV02;00;SENS;R;4;0,0;0,05000;0,20;0,01;0,00;0,21;
348;030;202607;;;01;;;72;0,00;;3,60;0,14;0,00;3,74;
348;044;202607;202607;MERVIV02;00;SENS;N;3;0,0;0,05000;0,15;0,01;0,00;0,16;
348;044;202607;;;01;;;3;0,00;;0,15;0,01;0,00;0,16;
348;045;202607;202607;MERVIV02;00;SENS;N;2;0,0;0,05000;0,10;0,00;0,00;0,10;
348;045;202607;202607;MERVIV02;00;SENS;R;3;0,0;0,05000;0,15;0,01;0,00;0,16;
348;045;202607;;;01;;;5;0,00;;0,25;0,01;0,00;0,26;
348;050;202607;202607;MERVIV02;00;SENS;N;4;0,0;0,05000;0,20;0,01;0,00;0,21;
348;050;202607;202607;MERVIV02;00;SENS;N;1;0,0;0,05000;0,05;0,00;0,00;0,05;
348;050;202607;;;01;;;5;0,00;;0,25;0,01;0,00;0,26;
348;060;202607;202607;MERVIV02;00;SENS;N;2;0,0;0,05000;0,10;0,00;0,00;0,10;
348;060;202607;;;01;;;2;0,00;;0,10;0,00;0,00;0,10;
348;064;202607;202607;MERVIV01;00;SENS;R;1;0,0;0,05000;0,05;0,00;0,00;0,05;
348;064;202607;202607;MERVIV01;00;SENS;R;6;0,0;0,05000;0,30;0,01;0,00;0,31;
348;064;202607;;;01;;;7;0,00;;0,35;0,01;0,00;0,36;
348;066;202607;202607;MERVIV01;00;SENS;N;4;0,0;0,05000;0,20;0,01;0,00;0,21;
348;066;202607;202607;MERVIV01;00;SENS;R;4;0,0;0,05000;0,20;0,01;0,00;0,21;
348;066;202607;202607;MERVIV02;00;SENS;N;1;0,0;0,05000;0,05;0,00;0,00;0,05;
348;066;202607;202607;MERVIV02;00;SENS;N;96;0,0;0,05000;4,80;0,18;0,00;4,98;
348;066;202607;202607;MERVIV02;00;SENS;N;1;0,0;0,05000;0,05;0,00;0,00;0,05;
348;066;202607;202607;MERVIV02;00;SENS;N;1;0,0;0,05000;0,05;0,00;0,00;0,05;
348;066;202607;202607;MERVIV02;00;SENS;R;27;0,0;0,05000;1,35;0,05;0,00;1,40;
348;066;202607;;;01;;;134;0,00;;6,70;0,25;0,00;6,95;
348;068;202607;202607;MERVIV01;00;SENS;N;35;0,0;0,05000;1,75;0,07;0,00;1,82;
348;068;202607;202607;MERVIV02;00;SENS;N;1;0,0;0,05000;0,05;0,00;0,00;0,05;
348;068;202607;202607;MERVIV02;00;SENS;N;231;0,0;0,05000;11,55;0,44;0,00;11,99;
348;068;202607;202607;MERVIV02;00;SENS;N;3;0,0;0,05000;0,15;0,01;0,00;0,16;
348;068;202607;202607;MERVIV02;00;SENS;N;2;0,0;0,05000;0,10;0,00;0,00;0,10;
348;068;202607;202607;MERVIV02;00;SENS;R;111;0,0;0,05000;5,55;0,21;0,00;5,76;
348;068;202607;;;01;;;383;0,00;;19,15;0,73;0,00;19,88;
348;070;202607;202607;MERVIV02;00;SENS;N;2;0,0;0,05000;0,10;0,00;0,00;0,10;
348;070;202607;;;01;;;2;0,00;;0,10;0,00;0,00;0,10;
348;456;202607;202607;MERVIV01;00;SENS;N;1;0,0;0,05000;0,05;0,00;0,00;0,05;
348;456;202607;202607;MERVIV02;00;SENS;N;3;0,0;0,05000;0,15;0,01;0,00;0,16;
348;456;202607;;;01;;;4;0,00;;0,20;0,01;0,00;0,21;
348;457;202607;202607;MERVIV02;00;SENS;N;1;0,0;0,05000;0,05;0,00;0,00;0,05;
348;457;202607;;;01;;;1;0,00;;0,05;0,00;0,00;0,05;
;;202607;;;;;;131458,00;0,0;;6572,90;249,00;0,00;6821,90;
